Category,Title,Description,URL
about,마켓,,https://javalab.org/ko/category/market/
about,측정측정 일반데이터 과학 (CSV 파일)Javalab MBL상대성 이론,,https://javalab.org/ko/category/measure/
about,측정 일반,,https://javalab.org/ko/category/measure/measurement/
about,데이터 과학 (CSV 파일),,https://javalab.org/ko/category/measure/data_science/
about,Javalab MBL,,https://javalab.org/ko/category/measure/mbl/
about,상대성 이론,,https://javalab.org/ko/category/measure/relativity-ko/
about,전기와 자기정전기옴의 법칙전기 회로교류와 RLC회로반도체자기전자기전자기파,,https://javalab.org/ko/category/electricity/
about,정전기,,https://javalab.org/ko/category/electricity/static_electricity/
about,옴의 법칙,,https://javalab.org/ko/category/electricity/ohms_law/
about,전기 회로,,https://javalab.org/ko/category/electricity/electric_circuit/
about,교류와 RLC회로,,https://javalab.org/ko/category/electricity/ac_rlc/
about,반도체,,https://javalab.org/ko/category/electricity/semiconductor/
about,자기,,https://javalab.org/ko/category/electricity/magnetism/
about,전자기,,https://javalab.org/ko/category/electricity/electromagnetism/
about,전자기파,,https://javalab.org/ko/category/electricity/electromagntic_wave/
about,힘과 운동힘관성여러가지 운동충돌진동,,https://javalab.org/ko/category/mechanics/
about,힘,,https://javalab.org/ko/category/mechanics/force/
about,관성,,https://javalab.org/ko/category/mechanics/inertia/
about,여러가지 운동,,https://javalab.org/ko/category/mechanics/movements/
about,충돌,,https://javalab.org/ko/category/mechanics/collision/
about,진동,,https://javalab.org/ko/category/mechanics/oscillation/
about,일과 에너지일의 원리에너지의 변환,,https://javalab.org/ko/category/energy/
about,일의 원리,,https://javalab.org/ko/category/energy/principle_of_work/
about,에너지의 변환,,https://javalab.org/ko/category/energy/energy_conversion/
about,빛과 파동반사굴절색파동파동의 간섭정상파,,https://javalab.org/ko/category/light_wave/
about,반사,,https://javalab.org/ko/category/light_wave/reflection/
about,굴절,,https://javalab.org/ko/category/light_wave/refraction/
about,색,,https://javalab.org/ko/category/light_wave/color/
about,파동,,https://javalab.org/ko/category/light_wave/wave/
about,파동의 간섭,,https://javalab.org/ko/category/light_wave/interference/
about,정상파,,https://javalab.org/ko/category/light_wave/standing_wave/
about,원자원자 모형원자와 빛방사능,,https://javalab.org/ko/category/atoms/
about,원자 모형,,https://javalab.org/ko/category/atoms/atomic_model/
about,원자와 빛,,https://javalab.org/ko/category/atoms/atom_light/
about,방사능,,https://javalab.org/ko/category/atoms/radioactivity/
about,"화학기체, 액체, 고체열분자 운동용액화학 반응화학 결합전기 화학",,https://javalab.org/ko/category/chemistry/
about,"기체, 액체, 고체",,https://javalab.org/ko/category/chemistry/gas/
about,열,,https://javalab.org/ko/category/chemistry/heat/
about,분자 운동,,https://javalab.org/ko/category/chemistry/molecules_in_motion/
about,용액,,https://javalab.org/ko/category/chemistry/solution/
about,화학 반응,,https://javalab.org/ko/category/chemistry/chemical_reaction/
about,화학 결합,,https://javalab.org/ko/category/chemistry/chemical_bonds/
about,전기 화학,,https://javalab.org/ko/category/chemistry/electrochemistry/
about,지구대기지질,,https://javalab.org/ko/category/earth/
about,대기,,https://javalab.org/ko/category/earth/atmosphere/
about,지질,,https://javalab.org/ko/category/earth/geology/
about,천문천체 관측지구달태양태양계별과 은하,,https://javalab.org/ko/category/astronomy/
about,천체 관측,,https://javalab.org/ko/category/astronomy/celestial_observation/
about,지구,,https://javalab.org/ko/category/astronomy/planet_earth/
about,달,,https://javalab.org/ko/category/astronomy/moon/
about,태양,,https://javalab.org/ko/category/astronomy/sun/
about,태양계,,https://javalab.org/ko/category/astronomy/solar_system/
about,별과 은하,,https://javalab.org/ko/category/astronomy/star/
about,생명,,https://javalab.org/ko/category/biology/
about,수학수학수학 그래픽스프랙털혼돈 이론,,https://javalab.org/ko/category/math/
about,수학,,https://javalab.org/ko/category/math/mathematics/
about,수학 그래픽스,,https://javalab.org/ko/category/math/math_graphics/
about,프랙털,,https://javalab.org/ko/category/math/fractal/
about,혼돈 이론,,https://javalab.org/ko/category/math/chaos/
about,테크인공지능마이크로비트3D 프린팅블록 코딩퍼즐아두이노 무작정 따라하기브레드보드 기초 전자회로브레드보드 메이커 교실,,https://javalab.org/ko/category/tech/
about,인공지능,,https://javalab.org/ko/category/tech/ai/
about,마이크로비트,,https://javalab.org/ko/category/tech/microbit/
about,3D 프린팅,,https://javalab.org/ko/category/tech/3d_printing/
about,블록 코딩,,https://javalab.org/ko/category/tech/block_coding/
about,퍼즐,,https://javalab.org/ko/category/tech/puzzle/
about,아두이노 무작정 따라하기,,https://javalab.org/ko/category/tech/arduino/
about,브레드보드 기초 전자회로,,https://javalab.org/ko/category/tech/breadboard_1/
about,브레드보드 메이커 교실,,https://javalab.org/ko/category/tech/breadboard_maker/
about,기타증강현실 (웹캠이용)3D (VR 이용)출판물강의 자료인용사례,,https://javalab.org/ko/category/ar/
about,증강현실 (웹캠이용),,https://javalab.org/ko/category/ar/
about,3D (VR 이용),,https://javalab.org/ko/category/3d_vr/
about,출판물,,https://javalab.org/ko/category/books/
about,강의 자료,,https://javalab.org/ko/category/resources/
about,● 한국어,,https://javalab.org/ko/about/
about,● 한국어,,https://javalab.org/ko/about/
mbl,마켓,,https://javalab.org/ko/category/market/
mbl,측정측정 일반데이터 과학 (CSV 파일)Javalab MBL상대성 이론,,https://javalab.org/ko/category/measure/
mbl,측정 일반,,https://javalab.org/ko/category/measure/measurement/
mbl,데이터 과학 (CSV 파일),,https://javalab.org/ko/category/measure/data_science/
mbl,Javalab MBL,,https://javalab.org/ko/category/measure/mbl/
mbl,상대성 이론,,https://javalab.org/ko/category/measure/relativity-ko/
mbl,전기와 자기정전기옴의 법칙전기 회로교류와 RLC회로반도체자기전자기전자기파,,https://javalab.org/ko/category/electricity/
mbl,정전기,,https://javalab.org/ko/category/electricity/static_electricity/
mbl,옴의 법칙,,https://javalab.org/ko/category/electricity/ohms_law/
mbl,전기 회로,,https://javalab.org/ko/category/electricity/electric_circuit/
mbl,교류와 RLC회로,,https://javalab.org/ko/category/electricity/ac_rlc/
mbl,반도체,,https://javalab.org/ko/category/electricity/semiconductor/
mbl,자기,,https://javalab.org/ko/category/electricity/magnetism/
mbl,전자기,,https://javalab.org/ko/category/electricity/electromagnetism/
mbl,전자기파,,https://javalab.org/ko/category/electricity/electromagntic_wave/
mbl,힘과 운동힘관성여러가지 운동충돌진동,,https://javalab.org/ko/category/mechanics/
mbl,힘,,https://javalab.org/ko/category/mechanics/force/
mbl,관성,,https://javalab.org/ko/category/mechanics/inertia/
mbl,여러가지 운동,,https://javalab.org/ko/category/mechanics/movements/
mbl,충돌,,https://javalab.org/ko/category/mechanics/collision/
mbl,진동,,https://javalab.org/ko/category/mechanics/oscillation/
mbl,일과 에너지일의 원리에너지의 변환,,https://javalab.org/ko/category/energy/
mbl,일의 원리,,https://javalab.org/ko/category/energy/principle_of_work/
mbl,에너지의 변환,,https://javalab.org/ko/category/energy/energy_conversion/
mbl,빛과 파동반사굴절색파동파동의 간섭정상파,,https://javalab.org/ko/category/light_wave/
mbl,반사,,https://javalab.org/ko/category/light_wave/reflection/
mbl,굴절,,https://javalab.org/ko/category/light_wave/refraction/
mbl,색,,https://javalab.org/ko/category/light_wave/color/
mbl,파동,,https://javalab.org/ko/category/light_wave/wave/
mbl,파동의 간섭,,https://javalab.org/ko/category/light_wave/interference/
mbl,정상파,,https://javalab.org/ko/category/light_wave/standing_wave/
mbl,원자원자 모형원자와 빛방사능,,https://javalab.org/ko/category/atoms/
mbl,원자 모형,,https://javalab.org/ko/category/atoms/atomic_model/
mbl,원자와 빛,,https://javalab.org/ko/category/atoms/atom_light/
mbl,방사능,,https://javalab.org/ko/category/atoms/radioactivity/
mbl,"화학기체, 액체, 고체열분자 운동용액화학 반응화학 결합전기 화학",,https://javalab.org/ko/category/chemistry/
mbl,"기체, 액체, 고체",,https://javalab.org/ko/category/chemistry/gas/
mbl,열,,https://javalab.org/ko/category/chemistry/heat/
mbl,분자 운동,,https://javalab.org/ko/category/chemistry/molecules_in_motion/
mbl,용액,,https://javalab.org/ko/category/chemistry/solution/
mbl,화학 반응,,https://javalab.org/ko/category/chemistry/chemical_reaction/
mbl,화학 결합,,https://javalab.org/ko/category/chemistry/chemical_bonds/
mbl,전기 화학,,https://javalab.org/ko/category/chemistry/electrochemistry/
mbl,지구대기지질,,https://javalab.org/ko/category/earth/
mbl,대기,,https://javalab.org/ko/category/earth/atmosphere/
mbl,지질,,https://javalab.org/ko/category/earth/geology/
mbl,천문천체 관측지구달태양태양계별과 은하,,https://javalab.org/ko/category/astronomy/
mbl,천체 관측,,https://javalab.org/ko/category/astronomy/celestial_observation/
mbl,지구,,https://javalab.org/ko/category/astronomy/planet_earth/
mbl,달,,https://javalab.org/ko/category/astronomy/moon/
mbl,태양,,https://javalab.org/ko/category/astronomy/sun/
mbl,태양계,,https://javalab.org/ko/category/astronomy/solar_system/
mbl,별과 은하,,https://javalab.org/ko/category/astronomy/star/
mbl,생명,,https://javalab.org/ko/category/biology/
mbl,수학수학수학 그래픽스프랙털혼돈 이론,,https://javalab.org/ko/category/math/
mbl,수학,,https://javalab.org/ko/category/math/mathematics/
mbl,수학 그래픽스,,https://javalab.org/ko/category/math/math_graphics/
mbl,프랙털,,https://javalab.org/ko/category/math/fractal/
mbl,혼돈 이론,,https://javalab.org/ko/category/math/chaos/
mbl,테크인공지능마이크로비트3D 프린팅블록 코딩퍼즐아두이노 무작정 따라하기브레드보드 기초 전자회로브레드보드 메이커 교실,,https://javalab.org/ko/category/tech/
mbl,인공지능,,https://javalab.org/ko/category/tech/ai/
mbl,마이크로비트,,https://javalab.org/ko/category/tech/microbit/
mbl,3D 프린팅,,https://javalab.org/ko/category/tech/3d_printing/
mbl,블록 코딩,,https://javalab.org/ko/category/tech/block_coding/
mbl,퍼즐,,https://javalab.org/ko/category/tech/puzzle/
mbl,아두이노 무작정 따라하기,,https://javalab.org/ko/category/tech/arduino/
mbl,브레드보드 기초 전자회로,,https://javalab.org/ko/category/tech/breadboard_1/
mbl,브레드보드 메이커 교실,,https://javalab.org/ko/category/tech/breadboard_maker/
mbl,기타증강현실 (웹캠이용)3D (VR 이용)출판물강의 자료인용사례,,https://javalab.org/ko/category/ar/
mbl,증강현실 (웹캠이용),,https://javalab.org/ko/category/ar/
mbl,3D (VR 이용),,https://javalab.org/ko/category/3d_vr/
mbl,출판물,,https://javalab.org/ko/category/books/
mbl,강의 자료,,https://javalab.org/ko/category/resources/
mbl,● 한국어,,https://javalab.org/ko/mbl/
mbl,● 한국어,,https://javalab.org/ko/mbl/
ko,마켓,,https://javalab.org/ko/category/market/
ko,측정측정 일반데이터 과학 (CSV 파일)Javalab MBL상대성 이론,,https://javalab.org/ko/category/measure/
ko,측정 일반,,https://javalab.org/ko/category/measure/measurement/
ko,데이터 과학 (CSV 파일),,https://javalab.org/ko/category/measure/data_science/
ko,Javalab MBL,,https://javalab.org/ko/category/measure/mbl/
ko,상대성 이론,,https://javalab.org/ko/category/measure/relativity-ko/
ko,전기와 자기정전기옴의 법칙전기 회로교류와 RLC회로반도체자기전자기전자기파,,https://javalab.org/ko/category/electricity/
ko,정전기,,https://javalab.org/ko/category/electricity/static_electricity/
ko,옴의 법칙,,https://javalab.org/ko/category/electricity/ohms_law/
ko,전기 회로,,https://javalab.org/ko/category/electricity/electric_circuit/
ko,교류와 RLC회로,,https://javalab.org/ko/category/electricity/ac_rlc/
ko,반도체,,https://javalab.org/ko/category/electricity/semiconductor/
ko,자기,,https://javalab.org/ko/category/electricity/magnetism/
ko,전자기,,https://javalab.org/ko/category/electricity/electromagnetism/
ko,전자기파,,https://javalab.org/ko/category/electricity/electromagntic_wave/
ko,힘과 운동힘관성여러가지 운동충돌진동,,https://javalab.org/ko/category/mechanics/
ko,힘,,https://javalab.org/ko/category/mechanics/force/
ko,관성,,https://javalab.org/ko/category/mechanics/inertia/
ko,여러가지 운동,,https://javalab.org/ko/category/mechanics/movements/
ko,충돌,,https://javalab.org/ko/category/mechanics/collision/
ko,진동,,https://javalab.org/ko/category/mechanics/oscillation/
ko,일과 에너지일의 원리에너지의 변환,,https://javalab.org/ko/category/energy/
ko,일의 원리,,https://javalab.org/ko/category/energy/principle_of_work/
ko,에너지의 변환,,https://javalab.org/ko/category/energy/energy_conversion/
ko,빛과 파동반사굴절색파동파동의 간섭정상파,,https://javalab.org/ko/category/light_wave/
ko,반사,,https://javalab.org/ko/category/light_wave/reflection/
ko,굴절,,https://javalab.org/ko/category/light_wave/refraction/
ko,색,,https://javalab.org/ko/category/light_wave/color/
ko,파동,,https://javalab.org/ko/category/light_wave/wave/
ko,파동의 간섭,,https://javalab.org/ko/category/light_wave/interference/
ko,정상파,,https://javalab.org/ko/category/light_wave/standing_wave/
ko,원자원자 모형원자와 빛방사능,,https://javalab.org/ko/category/atoms/
ko,원자 모형,,https://javalab.org/ko/category/atoms/atomic_model/
ko,원자와 빛,,https://javalab.org/ko/category/atoms/atom_light/
ko,방사능,,https://javalab.org/ko/category/atoms/radioactivity/
ko,"화학기체, 액체, 고체열분자 운동용액화학 반응화학 결합전기 화학",,https://javalab.org/ko/category/chemistry/
ko,"기체, 액체, 고체",,https://javalab.org/ko/category/chemistry/gas/
ko,열,,https://javalab.org/ko/category/chemistry/heat/
ko,분자 운동,,https://javalab.org/ko/category/chemistry/molecules_in_motion/
ko,용액,,https://javalab.org/ko/category/chemistry/solution/
ko,화학 반응,,https://javalab.org/ko/category/chemistry/chemical_reaction/
ko,화학 결합,,https://javalab.org/ko/category/chemistry/chemical_bonds/
ko,전기 화학,,https://javalab.org/ko/category/chemistry/electrochemistry/
ko,지구대기지질,,https://javalab.org/ko/category/earth/
ko,대기,,https://javalab.org/ko/category/earth/atmosphere/
ko,지질,,https://javalab.org/ko/category/earth/geology/
ko,천문천체 관측지구달태양태양계별과 은하,,https://javalab.org/ko/category/astronomy/
ko,천체 관측,,https://javalab.org/ko/category/astronomy/celestial_observation/
ko,지구,,https://javalab.org/ko/category/astronomy/planet_earth/
ko,달,,https://javalab.org/ko/category/astronomy/moon/
ko,태양,,https://javalab.org/ko/category/astronomy/sun/
ko,태양계,,https://javalab.org/ko/category/astronomy/solar_system/
ko,별과 은하,,https://javalab.org/ko/category/astronomy/star/
ko,생명,,https://javalab.org/ko/category/biology/
ko,수학수학수학 그래픽스프랙털혼돈 이론,,https://javalab.org/ko/category/math/
ko,수학,,https://javalab.org/ko/category/math/mathematics/
ko,수학 그래픽스,,https://javalab.org/ko/category/math/math_graphics/
ko,프랙털,,https://javalab.org/ko/category/math/fractal/
ko,혼돈 이론,,https://javalab.org/ko/category/math/chaos/
ko,테크인공지능마이크로비트3D 프린팅블록 코딩퍼즐아두이노 무작정 따라하기브레드보드 기초 전자회로브레드보드 메이커 교실,,https://javalab.org/ko/category/tech/
ko,인공지능,,https://javalab.org/ko/category/tech/ai/
ko,마이크로비트,,https://javalab.org/ko/category/tech/microbit/
ko,3D 프린팅,,https://javalab.org/ko/category/tech/3d_printing/
ko,블록 코딩,,https://javalab.org/ko/category/tech/block_coding/
ko,퍼즐,,https://javalab.org/ko/category/tech/puzzle/
ko,아두이노 무작정 따라하기,,https://javalab.org/ko/category/tech/arduino/
ko,브레드보드 기초 전자회로,,https://javalab.org/ko/category/tech/breadboard_1/
ko,브레드보드 메이커 교실,,https://javalab.org/ko/category/tech/breadboard_maker/
ko,기타증강현실 (웹캠이용)3D (VR 이용)출판물강의 자료인용사례,,https://javalab.org/ko/category/ar/
ko,증강현실 (웹캠이용),,https://javalab.org/ko/category/ar/
ko,3D (VR 이용),,https://javalab.org/ko/category/3d_vr/
ko,출판물,,https://javalab.org/ko/category/books/
ko,강의 자료,,https://javalab.org/ko/category/resources/
ko,● 한국어,,https://javalab.org/ko/
ko,허파 모형과 호흡운동,,https://javalab.org/ko/breathing/
ko,허파 모형과 호흡운동,,https://javalab.org/ko/breathing/
ko,● 한국어,,https://javalab.org/ko/
breathing,마켓,,https://javalab.org/ko/category/market/
breathing,측정측정 일반데이터 과학 (CSV 파일)Javalab MBL상대성 이론,,https://javalab.org/ko/category/measure/
breathing,측정 일반,,https://javalab.org/ko/category/measure/measurement/
breathing,데이터 과학 (CSV 파일),,https://javalab.org/ko/category/measure/data_science/
breathing,Javalab MBL,,https://javalab.org/ko/category/measure/mbl/
breathing,상대성 이론,,https://javalab.org/ko/category/measure/relativity-ko/
breathing,전기와 자기정전기옴의 법칙전기 회로교류와 RLC회로반도체자기전자기전자기파,,https://javalab.org/ko/category/electricity/
breathing,정전기,,https://javalab.org/ko/category/electricity/static_electricity/
breathing,옴의 법칙,,https://javalab.org/ko/category/electricity/ohms_law/
breathing,전기 회로,,https://javalab.org/ko/category/electricity/electric_circuit/
breathing,교류와 RLC회로,,https://javalab.org/ko/category/electricity/ac_rlc/
breathing,반도체,,https://javalab.org/ko/category/electricity/semiconductor/
breathing,자기,,https://javalab.org/ko/category/electricity/magnetism/
breathing,전자기,,https://javalab.org/ko/category/electricity/electromagnetism/
breathing,전자기파,,https://javalab.org/ko/category/electricity/electromagntic_wave/
breathing,힘과 운동힘관성여러가지 운동충돌진동,,https://javalab.org/ko/category/mechanics/
breathing,힘,,https://javalab.org/ko/category/mechanics/force/
breathing,관성,,https://javalab.org/ko/category/mechanics/inertia/
breathing,여러가지 운동,,https://javalab.org/ko/category/mechanics/movements/
breathing,충돌,,https://javalab.org/ko/category/mechanics/collision/
breathing,진동,,https://javalab.org/ko/category/mechanics/oscillation/
breathing,일과 에너지일의 원리에너지의 변환,,https://javalab.org/ko/category/energy/
breathing,일의 원리,,https://javalab.org/ko/category/energy/principle_of_work/
breathing,에너지의 변환,,https://javalab.org/ko/category/energy/energy_conversion/
breathing,빛과 파동반사굴절색파동파동의 간섭정상파,,https://javalab.org/ko/category/light_wave/
breathing,반사,,https://javalab.org/ko/category/light_wave/reflection/
breathing,굴절,,https://javalab.org/ko/category/light_wave/refraction/
breathing,색,,https://javalab.org/ko/category/light_wave/color/
breathing,파동,,https://javalab.org/ko/category/light_wave/wave/
breathing,파동의 간섭,,https://javalab.org/ko/category/light_wave/interference/
breathing,정상파,,https://javalab.org/ko/category/light_wave/standing_wave/
breathing,원자원자 모형원자와 빛방사능,,https://javalab.org/ko/category/atoms/
breathing,원자 모형,,https://javalab.org/ko/category/atoms/atomic_model/
breathing,원자와 빛,,https://javalab.org/ko/category/atoms/atom_light/
breathing,방사능,,https://javalab.org/ko/category/atoms/radioactivity/
breathing,"화학기체, 액체, 고체열분자 운동용액화학 반응화학 결합전기 화학",,https://javalab.org/ko/category/chemistry/
breathing,"기체, 액체, 고체",,https://javalab.org/ko/category/chemistry/gas/
breathing,열,,https://javalab.org/ko/category/chemistry/heat/
breathing,분자 운동,,https://javalab.org/ko/category/chemistry/molecules_in_motion/
breathing,용액,,https://javalab.org/ko/category/chemistry/solution/
breathing,화학 반응,,https://javalab.org/ko/category/chemistry/chemical_reaction/
breathing,화학 결합,,https://javalab.org/ko/category/chemistry/chemical_bonds/
breathing,전기 화학,,https://javalab.org/ko/category/chemistry/electrochemistry/
breathing,지구대기지질,,https://javalab.org/ko/category/earth/
breathing,대기,,https://javalab.org/ko/category/earth/atmosphere/
breathing,지질,,https://javalab.org/ko/category/earth/geology/
breathing,천문천체 관측지구달태양태양계별과 은하,,https://javalab.org/ko/category/astronomy/
breathing,천체 관측,,https://javalab.org/ko/category/astronomy/celestial_observation/
breathing,지구,,https://javalab.org/ko/category/astronomy/planet_earth/
breathing,달,,https://javalab.org/ko/category/astronomy/moon/
breathing,태양,,https://javalab.org/ko/category/astronomy/sun/
breathing,태양계,,https://javalab.org/ko/category/astronomy/solar_system/
breathing,별과 은하,,https://javalab.org/ko/category/astronomy/star/
breathing,생명,,https://javalab.org/ko/category/biology/
breathing,수학수학수학 그래픽스프랙털혼돈 이론,,https://javalab.org/ko/category/math/
breathing,수학,,https://javalab.org/ko/category/math/mathematics/
breathing,수학 그래픽스,,https://javalab.org/ko/category/math/math_graphics/
breathing,프랙털,,https://javalab.org/ko/category/math/fractal/
breathing,혼돈 이론,,https://javalab.org/ko/category/math/chaos/
breathing,테크인공지능마이크로비트3D 프린팅블록 코딩퍼즐아두이노 무작정 따라하기브레드보드 기초 전자회로브레드보드 메이커 교실,,https://javalab.org/ko/category/tech/
breathing,인공지능,,https://javalab.org/ko/category/tech/ai/
breathing,마이크로비트,,https://javalab.org/ko/category/tech/microbit/
breathing,3D 프린팅,,https://javalab.org/ko/category/tech/3d_printing/
breathing,블록 코딩,,https://javalab.org/ko/category/tech/block_coding/
breathing,퍼즐,,https://javalab.org/ko/category/tech/puzzle/
breathing,아두이노 무작정 따라하기,,https://javalab.org/ko/category/tech/arduino/
breathing,브레드보드 기초 전자회로,,https://javalab.org/ko/category/tech/breadboard_1/
breathing,브레드보드 메이커 교실,,https://javalab.org/ko/category/tech/breadboard_maker/
breathing,기타증강현실 (웹캠이용)3D (VR 이용)출판물강의 자료인용사례,,https://javalab.org/ko/category/ar/
breathing,증강현실 (웹캠이용),,https://javalab.org/ko/category/ar/
breathing,3D (VR 이용),,https://javalab.org/ko/category/3d_vr/
breathing,출판물,,https://javalab.org/ko/category/books/
breathing,강의 자료,,https://javalab.org/ko/category/resources/
breathing,● 한국어,,https://javalab.org/ko/breathing/
breathing,● 한국어,,https://javalab.org/ko/breathing/
3d_vr,마켓,,https://javalab.org/ko/category/market/
3d_vr,측정측정 일반데이터 과학 (CSV 파일)Javalab MBL상대성 이론,,https://javalab.org/ko/category/measure/
3d_vr,측정 일반,,https://javalab.org/ko/category/measure/measurement/
3d_vr,데이터 과학 (CSV 파일),,https://javalab.org/ko/category/measure/data_science/
3d_vr,Javalab MBL,,https://javalab.org/ko/category/measure/mbl/
3d_vr,상대성 이론,,https://javalab.org/ko/category/measure/relativity-ko/
3d_vr,전기와 자기정전기옴의 법칙전기 회로교류와 RLC회로반도체자기전자기전자기파,,https://javalab.org/ko/category/electricity/
3d_vr,정전기,,https://javalab.org/ko/category/electricity/static_electricity/
3d_vr,옴의 법칙,,https://javalab.org/ko/category/electricity/ohms_law/
3d_vr,전기 회로,,https://javalab.org/ko/category/electricity/electric_circuit/
3d_vr,교류와 RLC회로,,https://javalab.org/ko/category/electricity/ac_rlc/
3d_vr,반도체,,https://javalab.org/ko/category/electricity/semiconductor/
3d_vr,자기,,https://javalab.org/ko/category/electricity/magnetism/
3d_vr,전자기,,https://javalab.org/ko/category/electricity/electromagnetism/
3d_vr,전자기파,,https://javalab.org/ko/category/electricity/electromagntic_wave/
3d_vr,힘과 운동힘관성여러가지 운동충돌진동,,https://javalab.org/ko/category/mechanics/
3d_vr,힘,,https://javalab.org/ko/category/mechanics/force/
3d_vr,관성,,https://javalab.org/ko/category/mechanics/inertia/
3d_vr,여러가지 운동,,https://javalab.org/ko/category/mechanics/movements/
3d_vr,충돌,,https://javalab.org/ko/category/mechanics/collision/
3d_vr,진동,,https://javalab.org/ko/category/mechanics/oscillation/
3d_vr,일과 에너지일의 원리에너지의 변환,,https://javalab.org/ko/category/energy/
3d_vr,일의 원리,,https://javalab.org/ko/category/energy/principle_of_work/
3d_vr,에너지의 변환,,https://javalab.org/ko/category/energy/energy_conversion/
3d_vr,빛과 파동반사굴절색파동파동의 간섭정상파,,https://javalab.org/ko/category/light_wave/
3d_vr,반사,,https://javalab.org/ko/category/light_wave/reflection/
3d_vr,굴절,,https://javalab.org/ko/category/light_wave/refraction/
3d_vr,색,,https://javalab.org/ko/category/light_wave/color/
3d_vr,파동,,https://javalab.org/ko/category/light_wave/wave/
3d_vr,파동의 간섭,,https://javalab.org/ko/category/light_wave/interference/
3d_vr,정상파,,https://javalab.org/ko/category/light_wave/standing_wave/
3d_vr,원자원자 모형원자와 빛방사능,,https://javalab.org/ko/category/atoms/
3d_vr,원자 모형,,https://javalab.org/ko/category/atoms/atomic_model/
3d_vr,원자와 빛,,https://javalab.org/ko/category/atoms/atom_light/
3d_vr,방사능,,https://javalab.org/ko/category/atoms/radioactivity/
3d_vr,"화학기체, 액체, 고체열분자 운동용액화학 반응화학 결합전기 화학",,https://javalab.org/ko/category/chemistry/
3d_vr,"기체, 액체, 고체",,https://javalab.org/ko/category/chemistry/gas/
3d_vr,열,,https://javalab.org/ko/category/chemistry/heat/
3d_vr,분자 운동,,https://javalab.org/ko/category/chemistry/molecules_in_motion/
3d_vr,용액,,https://javalab.org/ko/category/chemistry/solution/
3d_vr,화학 반응,,https://javalab.org/ko/category/chemistry/chemical_reaction/
3d_vr,화학 결합,,https://javalab.org/ko/category/chemistry/chemical_bonds/
3d_vr,전기 화학,,https://javalab.org/ko/category/chemistry/electrochemistry/
3d_vr,지구대기지질,,https://javalab.org/ko/category/earth/
3d_vr,대기,,https://javalab.org/ko/category/earth/atmosphere/
3d_vr,지질,,https://javalab.org/ko/category/earth/geology/
3d_vr,천문천체 관측지구달태양태양계별과 은하,,https://javalab.org/ko/category/astronomy/
3d_vr,천체 관측,,https://javalab.org/ko/category/astronomy/celestial_observation/
3d_vr,지구,,https://javalab.org/ko/category/astronomy/planet_earth/
3d_vr,달,,https://javalab.org/ko/category/astronomy/moon/
3d_vr,태양,,https://javalab.org/ko/category/astronomy/sun/
3d_vr,태양계,,https://javalab.org/ko/category/astronomy/solar_system/
3d_vr,별과 은하,,https://javalab.org/ko/category/astronomy/star/
3d_vr,생명,,https://javalab.org/ko/category/biology/
3d_vr,수학수학수학 그래픽스프랙털혼돈 이론,,https://javalab.org/ko/category/math/
3d_vr,수학,,https://javalab.org/ko/category/math/mathematics/
3d_vr,수학 그래픽스,,https://javalab.org/ko/category/math/math_graphics/
3d_vr,프랙털,,https://javalab.org/ko/category/math/fractal/
3d_vr,혼돈 이론,,https://javalab.org/ko/category/math/chaos/
3d_vr,테크인공지능마이크로비트3D 프린팅블록 코딩퍼즐아두이노 무작정 따라하기브레드보드 기초 전자회로브레드보드 메이커 교실,,https://javalab.org/ko/category/tech/
3d_vr,인공지능,,https://javalab.org/ko/category/tech/ai/
3d_vr,마이크로비트,,https://javalab.org/ko/category/tech/microbit/
3d_vr,3D 프린팅,,https://javalab.org/ko/category/tech/3d_printing/
3d_vr,블록 코딩,,https://javalab.org/ko/category/tech/block_coding/
3d_vr,퍼즐,,https://javalab.org/ko/category/tech/puzzle/
3d_vr,아두이노 무작정 따라하기,,https://javalab.org/ko/category/tech/arduino/
3d_vr,브레드보드 기초 전자회로,,https://javalab.org/ko/category/tech/breadboard_1/
3d_vr,브레드보드 메이커 교실,,https://javalab.org/ko/category/tech/breadboard_maker/
3d_vr,기타증강현실 (웹캠이용)3D (VR 이용)출판물강의 자료인용사례,,https://javalab.org/ko/category/ar/
3d_vr,증강현실 (웹캠이용),,https://javalab.org/ko/category/ar/
3d_vr,3D (VR 이용),,https://javalab.org/ko/category/3d_vr/
3d_vr,출판물,,https://javalab.org/ko/category/books/
3d_vr,강의 자료,,https://javalab.org/ko/category/resources/
3d_vr,● 한국어,,https://javalab.org/ko/category/3d_vr/
3d_vr,별의 시차 – 3D VR,,https://javalab.org/ko/stellar_parallax_3d/
3d_vr,별의 시차 – 3D VR,,https://javalab.org/ko/stellar_parallax_3d/
3d_vr,● 한국어,,https://javalab.org/ko/category/3d_vr/
ar,마켓,,https://javalab.org/ko/category/market/
ar,측정측정 일반데이터 과학 (CSV 파일)Javalab MBL상대성 이론,,https://javalab.org/ko/category/measure/
ar,측정 일반,,https://javalab.org/ko/category/measure/measurement/
ar,데이터 과학 (CSV 파일),,https://javalab.org/ko/category/measure/data_science/
ar,Javalab MBL,,https://javalab.org/ko/category/measure/mbl/
ar,상대성 이론,,https://javalab.org/ko/category/measure/relativity-ko/
ar,전기와 자기정전기옴의 법칙전기 회로교류와 RLC회로반도체자기전자기전자기파,,https://javalab.org/ko/category/electricity/
ar,정전기,,https://javalab.org/ko/category/electricity/static_electricity/
ar,옴의 법칙,,https://javalab.org/ko/category/electricity/ohms_law/
ar,전기 회로,,https://javalab.org/ko/category/electricity/electric_circuit/
ar,교류와 RLC회로,,https://javalab.org/ko/category/electricity/ac_rlc/
ar,반도체,,https://javalab.org/ko/category/electricity/semiconductor/
ar,자기,,https://javalab.org/ko/category/electricity/magnetism/
ar,전자기,,https://javalab.org/ko/category/electricity/electromagnetism/
ar,전자기파,,https://javalab.org/ko/category/electricity/electromagntic_wave/
ar,힘과 운동힘관성여러가지 운동충돌진동,,https://javalab.org/ko/category/mechanics/
ar,힘,,https://javalab.org/ko/category/mechanics/force/
ar,관성,,https://javalab.org/ko/category/mechanics/inertia/
ar,여러가지 운동,,https://javalab.org/ko/category/mechanics/movements/
ar,충돌,,https://javalab.org/ko/category/mechanics/collision/
ar,진동,,https://javalab.org/ko/category/mechanics/oscillation/
ar,일과 에너지일의 원리에너지의 변환,,https://javalab.org/ko/category/energy/
ar,일의 원리,,https://javalab.org/ko/category/energy/principle_of_work/
ar,에너지의 변환,,https://javalab.org/ko/category/energy/energy_conversion/
ar,빛과 파동반사굴절색파동파동의 간섭정상파,,https://javalab.org/ko/category/light_wave/
ar,반사,,https://javalab.org/ko/category/light_wave/reflection/
ar,굴절,,https://javalab.org/ko/category/light_wave/refraction/
ar,색,,https://javalab.org/ko/category/light_wave/color/
ar,파동,,https://javalab.org/ko/category/light_wave/wave/
ar,파동의 간섭,,https://javalab.org/ko/category/light_wave/interference/
ar,정상파,,https://javalab.org/ko/category/light_wave/standing_wave/
ar,원자원자 모형원자와 빛방사능,,https://javalab.org/ko/category/atoms/
ar,원자 모형,,https://javalab.org/ko/category/atoms/atomic_model/
ar,원자와 빛,,https://javalab.org/ko/category/atoms/atom_light/
ar,방사능,,https://javalab.org/ko/category/atoms/radioactivity/
ar,"화학기체, 액체, 고체열분자 운동용액화학 반응화학 결합전기 화학",,https://javalab.org/ko/category/chemistry/
ar,"기체, 액체, 고체",,https://javalab.org/ko/category/chemistry/gas/
ar,열,,https://javalab.org/ko/category/chemistry/heat/
ar,분자 운동,,https://javalab.org/ko/category/chemistry/molecules_in_motion/
ar,용액,,https://javalab.org/ko/category/chemistry/solution/
ar,화학 반응,,https://javalab.org/ko/category/chemistry/chemical_reaction/
ar,화학 결합,,https://javalab.org/ko/category/chemistry/chemical_bonds/
ar,전기 화학,,https://javalab.org/ko/category/chemistry/electrochemistry/
ar,지구대기지질,,https://javalab.org/ko/category/earth/
ar,대기,,https://javalab.org/ko/category/earth/atmosphere/
ar,지질,,https://javalab.org/ko/category/earth/geology/
ar,천문천체 관측지구달태양태양계별과 은하,,https://javalab.org/ko/category/astronomy/
ar,천체 관측,,https://javalab.org/ko/category/astronomy/celestial_observation/
ar,지구,,https://javalab.org/ko/category/astronomy/planet_earth/
ar,달,,https://javalab.org/ko/category/astronomy/moon/
ar,태양,,https://javalab.org/ko/category/astronomy/sun/
ar,태양계,,https://javalab.org/ko/category/astronomy/solar_system/
ar,별과 은하,,https://javalab.org/ko/category/astronomy/star/
ar,생명,,https://javalab.org/ko/category/biology/
ar,수학수학수학 그래픽스프랙털혼돈 이론,,https://javalab.org/ko/category/math/
ar,수학,,https://javalab.org/ko/category/math/mathematics/
ar,수학 그래픽스,,https://javalab.org/ko/category/math/math_graphics/
ar,프랙털,,https://javalab.org/ko/category/math/fractal/
ar,혼돈 이론,,https://javalab.org/ko/category/math/chaos/
ar,테크인공지능마이크로비트3D 프린팅블록 코딩퍼즐아두이노 무작정 따라하기브레드보드 기초 전자회로브레드보드 메이커 교실,,https://javalab.org/ko/category/tech/
ar,인공지능,,https://javalab.org/ko/category/tech/ai/
ar,마이크로비트,,https://javalab.org/ko/category/tech/microbit/
ar,3D 프린팅,,https://javalab.org/ko/category/tech/3d_printing/
ar,블록 코딩,,https://javalab.org/ko/category/tech/block_coding/
ar,퍼즐,,https://javalab.org/ko/category/tech/puzzle/
ar,아두이노 무작정 따라하기,,https://javalab.org/ko/category/tech/arduino/
ar,브레드보드 기초 전자회로,,https://javalab.org/ko/category/tech/breadboard_1/
ar,브레드보드 메이커 교실,,https://javalab.org/ko/category/tech/breadboard_maker/
ar,기타증강현실 (웹캠이용)3D (VR 이용)출판물강의 자료인용사례,,https://javalab.org/ko/category/ar/
ar,증강현실 (웹캠이용),,https://javalab.org/ko/category/ar/
ar,3D (VR 이용),,https://javalab.org/ko/category/3d_vr/
ar,출판물,,https://javalab.org/ko/category/books/
ar,강의 자료,,https://javalab.org/ko/category/resources/
ar,● 한국어,,https://javalab.org/ko/category/ar/
ar,RGB 컬러 나누기 (웹캠 이용),,https://javalab.org/ko/rgb_decomposer/
ar,RGB 컬러 나누기 (웹캠 이용),,https://javalab.org/ko/rgb_decomposer/
ar,● 한국어,,https://javalab.org/ko/category/ar/
astronomy,마켓,,https://javalab.org/ko/category/market/
astronomy,측정측정 일반데이터 과학 (CSV 파일)Javalab MBL상대성 이론,,https://javalab.org/ko/category/measure/
astronomy,측정 일반,,https://javalab.org/ko/category/measure/measurement/
astronomy,데이터 과학 (CSV 파일),,https://javalab.org/ko/category/measure/data_science/
astronomy,Javalab MBL,,https://javalab.org/ko/category/measure/mbl/
astronomy,상대성 이론,,https://javalab.org/ko/category/measure/relativity-ko/
astronomy,전기와 자기정전기옴의 법칙전기 회로교류와 RLC회로반도체자기전자기전자기파,,https://javalab.org/ko/category/electricity/
astronomy,정전기,,https://javalab.org/ko/category/electricity/static_electricity/
astronomy,옴의 법칙,,https://javalab.org/ko/category/electricity/ohms_law/
astronomy,전기 회로,,https://javalab.org/ko/category/electricity/electric_circuit/
astronomy,교류와 RLC회로,,https://javalab.org/ko/category/electricity/ac_rlc/
astronomy,반도체,,https://javalab.org/ko/category/electricity/semiconductor/
astronomy,자기,,https://javalab.org/ko/category/electricity/magnetism/
astronomy,전자기,,https://javalab.org/ko/category/electricity/electromagnetism/
astronomy,전자기파,,https://javalab.org/ko/category/electricity/electromagntic_wave/
astronomy,힘과 운동힘관성여러가지 운동충돌진동,,https://javalab.org/ko/category/mechanics/
astronomy,힘,,https://javalab.org/ko/category/mechanics/force/
astronomy,관성,,https://javalab.org/ko/category/mechanics/inertia/
astronomy,여러가지 운동,,https://javalab.org/ko/category/mechanics/movements/
astronomy,충돌,,https://javalab.org/ko/category/mechanics/collision/
astronomy,진동,,https://javalab.org/ko/category/mechanics/oscillation/
astronomy,일과 에너지일의 원리에너지의 변환,,https://javalab.org/ko/category/energy/
astronomy,일의 원리,,https://javalab.org/ko/category/energy/principle_of_work/
astronomy,에너지의 변환,,https://javalab.org/ko/category/energy/energy_conversion/
astronomy,빛과 파동반사굴절색파동파동의 간섭정상파,,https://javalab.org/ko/category/light_wave/
astronomy,반사,,https://javalab.org/ko/category/light_wave/reflection/
astronomy,굴절,,https://javalab.org/ko/category/light_wave/refraction/
astronomy,색,,https://javalab.org/ko/category/light_wave/color/
astronomy,파동,,https://javalab.org/ko/category/light_wave/wave/
astronomy,파동의 간섭,,https://javalab.org/ko/category/light_wave/interference/
astronomy,정상파,,https://javalab.org/ko/category/light_wave/standing_wave/
astronomy,원자원자 모형원자와 빛방사능,,https://javalab.org/ko/category/atoms/
astronomy,원자 모형,,https://javalab.org/ko/category/atoms/atomic_model/
astronomy,원자와 빛,,https://javalab.org/ko/category/atoms/atom_light/
astronomy,방사능,,https://javalab.org/ko/category/atoms/radioactivity/
astronomy,"화학기체, 액체, 고체열분자 운동용액화학 반응화학 결합전기 화학",,https://javalab.org/ko/category/chemistry/
astronomy,"기체, 액체, 고체",,https://javalab.org/ko/category/chemistry/gas/
astronomy,열,,https://javalab.org/ko/category/chemistry/heat/
astronomy,분자 운동,,https://javalab.org/ko/category/chemistry/molecules_in_motion/
astronomy,용액,,https://javalab.org/ko/category/chemistry/solution/
astronomy,화학 반응,,https://javalab.org/ko/category/chemistry/chemical_reaction/
astronomy,화학 결합,,https://javalab.org/ko/category/chemistry/chemical_bonds/
astronomy,전기 화학,,https://javalab.org/ko/category/chemistry/electrochemistry/
astronomy,지구대기지질,,https://javalab.org/ko/category/earth/
astronomy,대기,,https://javalab.org/ko/category/earth/atmosphere/
astronomy,지질,,https://javalab.org/ko/category/earth/geology/
astronomy,천문천체 관측지구달태양태양계별과 은하,,https://javalab.org/ko/category/astronomy/
astronomy,천체 관측,,https://javalab.org/ko/category/astronomy/celestial_observation/
astronomy,지구,,https://javalab.org/ko/category/astronomy/planet_earth/
astronomy,달,,https://javalab.org/ko/category/astronomy/moon/
astronomy,태양,,https://javalab.org/ko/category/astronomy/sun/
astronomy,태양계,,https://javalab.org/ko/category/astronomy/solar_system/
astronomy,별과 은하,,https://javalab.org/ko/category/astronomy/star/
astronomy,생명,,https://javalab.org/ko/category/biology/
astronomy,수학수학수학 그래픽스프랙털혼돈 이론,,https://javalab.org/ko/category/math/
astronomy,수학,,https://javalab.org/ko/category/math/mathematics/
astronomy,수학 그래픽스,,https://javalab.org/ko/category/math/math_graphics/
astronomy,프랙털,,https://javalab.org/ko/category/math/fractal/
astronomy,혼돈 이론,,https://javalab.org/ko/category/math/chaos/
astronomy,테크인공지능마이크로비트3D 프린팅블록 코딩퍼즐아두이노 무작정 따라하기브레드보드 기초 전자회로브레드보드 메이커 교실,,https://javalab.org/ko/category/tech/
astronomy,인공지능,,https://javalab.org/ko/category/tech/ai/
astronomy,마이크로비트,,https://javalab.org/ko/category/tech/microbit/
astronomy,3D 프린팅,,https://javalab.org/ko/category/tech/3d_printing/
astronomy,블록 코딩,,https://javalab.org/ko/category/tech/block_coding/
astronomy,퍼즐,,https://javalab.org/ko/category/tech/puzzle/
astronomy,아두이노 무작정 따라하기,,https://javalab.org/ko/category/tech/arduino/
astronomy,브레드보드 기초 전자회로,,https://javalab.org/ko/category/tech/breadboard_1/
astronomy,브레드보드 메이커 교실,,https://javalab.org/ko/category/tech/breadboard_maker/
astronomy,기타증강현실 (웹캠이용)3D (VR 이용)출판물강의 자료인용사례,,https://javalab.org/ko/category/ar/
astronomy,증강현실 (웹캠이용),,https://javalab.org/ko/category/ar/
astronomy,3D (VR 이용),,https://javalab.org/ko/category/3d_vr/
astronomy,출판물,,https://javalab.org/ko/category/books/
astronomy,강의 자료,,https://javalab.org/ko/category/resources/
astronomy,● 한국어,,https://javalab.org/ko/category/astronomy/
astronomy,일식과 월식,,https://javalab.org/ko/eclipse/
astronomy,일식과 월식,,https://javalab.org/ko/eclipse/
astronomy,● 한국어,,https://javalab.org/ko/category/astronomy/
celestial_observation,마켓,,https://javalab.org/ko/category/market/
celestial_observation,측정측정 일반데이터 과학 (CSV 파일)Javalab MBL상대성 이론,,https://javalab.org/ko/category/measure/
celestial_observation,측정 일반,,https://javalab.org/ko/category/measure/measurement/
celestial_observation,데이터 과학 (CSV 파일),,https://javalab.org/ko/category/measure/data_science/
celestial_observation,Javalab MBL,,https://javalab.org/ko/category/measure/mbl/
celestial_observation,상대성 이론,,https://javalab.org/ko/category/measure/relativity-ko/
celestial_observation,전기와 자기정전기옴의 법칙전기 회로교류와 RLC회로반도체자기전자기전자기파,,https://javalab.org/ko/category/electricity/
celestial_observation,정전기,,https://javalab.org/ko/category/electricity/static_electricity/
celestial_observation,옴의 법칙,,https://javalab.org/ko/category/electricity/ohms_law/
celestial_observation,전기 회로,,https://javalab.org/ko/category/electricity/electric_circuit/
celestial_observation,교류와 RLC회로,,https://javalab.org/ko/category/electricity/ac_rlc/
celestial_observation,반도체,,https://javalab.org/ko/category/electricity/semiconductor/
celestial_observation,자기,,https://javalab.org/ko/category/electricity/magnetism/
celestial_observation,전자기,,https://javalab.org/ko/category/electricity/electromagnetism/
celestial_observation,전자기파,,https://javalab.org/ko/category/electricity/electromagntic_wave/
celestial_observation,힘과 운동힘관성여러가지 운동충돌진동,,https://javalab.org/ko/category/mechanics/
celestial_observation,힘,,https://javalab.org/ko/category/mechanics/force/
celestial_observation,관성,,https://javalab.org/ko/category/mechanics/inertia/
celestial_observation,여러가지 운동,,https://javalab.org/ko/category/mechanics/movements/
celestial_observation,충돌,,https://javalab.org/ko/category/mechanics/collision/
celestial_observation,진동,,https://javalab.org/ko/category/mechanics/oscillation/
celestial_observation,일과 에너지일의 원리에너지의 변환,,https://javalab.org/ko/category/energy/
celestial_observation,일의 원리,,https://javalab.org/ko/category/energy/principle_of_work/
celestial_observation,에너지의 변환,,https://javalab.org/ko/category/energy/energy_conversion/
celestial_observation,빛과 파동반사굴절색파동파동의 간섭정상파,,https://javalab.org/ko/category/light_wave/
celestial_observation,반사,,https://javalab.org/ko/category/light_wave/reflection/
celestial_observation,굴절,,https://javalab.org/ko/category/light_wave/refraction/
celestial_observation,색,,https://javalab.org/ko/category/light_wave/color/
celestial_observation,파동,,https://javalab.org/ko/category/light_wave/wave/
celestial_observation,파동의 간섭,,https://javalab.org/ko/category/light_wave/interference/
celestial_observation,정상파,,https://javalab.org/ko/category/light_wave/standing_wave/
celestial_observation,원자원자 모형원자와 빛방사능,,https://javalab.org/ko/category/atoms/
celestial_observation,원자 모형,,https://javalab.org/ko/category/atoms/atomic_model/
celestial_observation,원자와 빛,,https://javalab.org/ko/category/atoms/atom_light/
celestial_observation,방사능,,https://javalab.org/ko/category/atoms/radioactivity/
celestial_observation,"화학기체, 액체, 고체열분자 운동용액화학 반응화학 결합전기 화학",,https://javalab.org/ko/category/chemistry/
celestial_observation,"기체, 액체, 고체",,https://javalab.org/ko/category/chemistry/gas/
celestial_observation,열,,https://javalab.org/ko/category/chemistry/heat/
celestial_observation,분자 운동,,https://javalab.org/ko/category/chemistry/molecules_in_motion/
celestial_observation,용액,,https://javalab.org/ko/category/chemistry/solution/
celestial_observation,화학 반응,,https://javalab.org/ko/category/chemistry/chemical_reaction/
celestial_observation,화학 결합,,https://javalab.org/ko/category/chemistry/chemical_bonds/
celestial_observation,전기 화학,,https://javalab.org/ko/category/chemistry/electrochemistry/
celestial_observation,지구대기지질,,https://javalab.org/ko/category/earth/
celestial_observation,대기,,https://javalab.org/ko/category/earth/atmosphere/
celestial_observation,지질,,https://javalab.org/ko/category/earth/geology/
celestial_observation,천문천체 관측지구달태양태양계별과 은하,,https://javalab.org/ko/category/astronomy/
celestial_observation,천체 관측,,https://javalab.org/ko/category/astronomy/celestial_observation/
celestial_observation,지구,,https://javalab.org/ko/category/astronomy/planet_earth/
celestial_observation,달,,https://javalab.org/ko/category/astronomy/moon/
celestial_observation,태양,,https://javalab.org/ko/category/astronomy/sun/
celestial_observation,태양계,,https://javalab.org/ko/category/astronomy/solar_system/
celestial_observation,별과 은하,,https://javalab.org/ko/category/astronomy/star/
celestial_observation,생명,,https://javalab.org/ko/category/biology/
celestial_observation,수학수학수학 그래픽스프랙털혼돈 이론,,https://javalab.org/ko/category/math/
celestial_observation,수학,,https://javalab.org/ko/category/math/mathematics/
celestial_observation,수학 그래픽스,,https://javalab.org/ko/category/math/math_graphics/
celestial_observation,프랙털,,https://javalab.org/ko/category/math/fractal/
celestial_observation,혼돈 이론,,https://javalab.org/ko/category/math/chaos/
celestial_observation,테크인공지능마이크로비트3D 프린팅블록 코딩퍼즐아두이노 무작정 따라하기브레드보드 기초 전자회로브레드보드 메이커 교실,,https://javalab.org/ko/category/tech/
celestial_observation,인공지능,,https://javalab.org/ko/category/tech/ai/
celestial_observation,마이크로비트,,https://javalab.org/ko/category/tech/microbit/
celestial_observation,3D 프린팅,,https://javalab.org/ko/category/tech/3d_printing/
celestial_observation,블록 코딩,,https://javalab.org/ko/category/tech/block_coding/
celestial_observation,퍼즐,,https://javalab.org/ko/category/tech/puzzle/
celestial_observation,아두이노 무작정 따라하기,,https://javalab.org/ko/category/tech/arduino/
celestial_observation,브레드보드 기초 전자회로,,https://javalab.org/ko/category/tech/breadboard_1/
celestial_observation,브레드보드 메이커 교실,,https://javalab.org/ko/category/tech/breadboard_maker/
celestial_observation,기타증강현실 (웹캠이용)3D (VR 이용)출판물강의 자료인용사례,,https://javalab.org/ko/category/ar/
celestial_observation,증강현실 (웹캠이용),,https://javalab.org/ko/category/ar/
celestial_observation,3D (VR 이용),,https://javalab.org/ko/category/3d_vr/
celestial_observation,출판물,,https://javalab.org/ko/category/books/
celestial_observation,강의 자료,,https://javalab.org/ko/category/resources/
celestial_observation,● 한국어,,https://javalab.org/ko/category/astronomy/celestial_observation/
celestial_observation,우주가 어둡게 보이는 이유 (우주의 팽창),,https://javalab.org/ko/cosmic_expansion/
celestial_observation,우주가 어둡게 보이는 이유 (우주의 팽창),,https://javalab.org/ko/cosmic_expansion/
celestial_observation,● 한국어,,https://javalab.org/ko/category/astronomy/celestial_observation/
moon,마켓,,https://javalab.org/ko/category/market/
moon,측정측정 일반데이터 과학 (CSV 파일)Javalab MBL상대성 이론,,https://javalab.org/ko/category/measure/
moon,측정 일반,,https://javalab.org/ko/category/measure/measurement/
moon,데이터 과학 (CSV 파일),,https://javalab.org/ko/category/measure/data_science/
moon,Javalab MBL,,https://javalab.org/ko/category/measure/mbl/
moon,상대성 이론,,https://javalab.org/ko/category/measure/relativity-ko/
moon,전기와 자기정전기옴의 법칙전기 회로교류와 RLC회로반도체자기전자기전자기파,,https://javalab.org/ko/category/electricity/
moon,정전기,,https://javalab.org/ko/category/electricity/static_electricity/
moon,옴의 법칙,,https://javalab.org/ko/category/electricity/ohms_law/
moon,전기 회로,,https://javalab.org/ko/category/electricity/electric_circuit/
moon,교류와 RLC회로,,https://javalab.org/ko/category/electricity/ac_rlc/
moon,반도체,,https://javalab.org/ko/category/electricity/semiconductor/
moon,자기,,https://javalab.org/ko/category/electricity/magnetism/
moon,전자기,,https://javalab.org/ko/category/electricity/electromagnetism/
moon,전자기파,,https://javalab.org/ko/category/electricity/electromagntic_wave/
moon,힘과 운동힘관성여러가지 운동충돌진동,,https://javalab.org/ko/category/mechanics/
moon,힘,,https://javalab.org/ko/category/mechanics/force/
moon,관성,,https://javalab.org/ko/category/mechanics/inertia/
moon,여러가지 운동,,https://javalab.org/ko/category/mechanics/movements/
moon,충돌,,https://javalab.org/ko/category/mechanics/collision/
moon,진동,,https://javalab.org/ko/category/mechanics/oscillation/
moon,일과 에너지일의 원리에너지의 변환,,https://javalab.org/ko/category/energy/
moon,일의 원리,,https://javalab.org/ko/category/energy/principle_of_work/
moon,에너지의 변환,,https://javalab.org/ko/category/energy/energy_conversion/
moon,빛과 파동반사굴절색파동파동의 간섭정상파,,https://javalab.org/ko/category/light_wave/
moon,반사,,https://javalab.org/ko/category/light_wave/reflection/
moon,굴절,,https://javalab.org/ko/category/light_wave/refraction/
moon,색,,https://javalab.org/ko/category/light_wave/color/
moon,파동,,https://javalab.org/ko/category/light_wave/wave/
moon,파동의 간섭,,https://javalab.org/ko/category/light_wave/interference/
moon,정상파,,https://javalab.org/ko/category/light_wave/standing_wave/
moon,원자원자 모형원자와 빛방사능,,https://javalab.org/ko/category/atoms/
moon,원자 모형,,https://javalab.org/ko/category/atoms/atomic_model/
moon,원자와 빛,,https://javalab.org/ko/category/atoms/atom_light/
moon,방사능,,https://javalab.org/ko/category/atoms/radioactivity/
moon,"화학기체, 액체, 고체열분자 운동용액화학 반응화학 결합전기 화학",,https://javalab.org/ko/category/chemistry/
moon,"기체, 액체, 고체",,https://javalab.org/ko/category/chemistry/gas/
moon,열,,https://javalab.org/ko/category/chemistry/heat/
moon,분자 운동,,https://javalab.org/ko/category/chemistry/molecules_in_motion/
moon,용액,,https://javalab.org/ko/category/chemistry/solution/
moon,화학 반응,,https://javalab.org/ko/category/chemistry/chemical_reaction/
moon,화학 결합,,https://javalab.org/ko/category/chemistry/chemical_bonds/
moon,전기 화학,,https://javalab.org/ko/category/chemistry/electrochemistry/
moon,지구대기지질,,https://javalab.org/ko/category/earth/
moon,대기,,https://javalab.org/ko/category/earth/atmosphere/
moon,지질,,https://javalab.org/ko/category/earth/geology/
moon,천문천체 관측지구달태양태양계별과 은하,,https://javalab.org/ko/category/astronomy/
moon,천체 관측,,https://javalab.org/ko/category/astronomy/celestial_observation/
moon,지구,,https://javalab.org/ko/category/astronomy/planet_earth/
moon,달,,https://javalab.org/ko/category/astronomy/moon/
moon,태양,,https://javalab.org/ko/category/astronomy/sun/
moon,태양계,,https://javalab.org/ko/category/astronomy/solar_system/
moon,별과 은하,,https://javalab.org/ko/category/astronomy/star/
moon,생명,,https://javalab.org/ko/category/biology/
moon,수학수학수학 그래픽스프랙털혼돈 이론,,https://javalab.org/ko/category/math/
moon,수학,,https://javalab.org/ko/category/math/mathematics/
moon,수학 그래픽스,,https://javalab.org/ko/category/math/math_graphics/
moon,프랙털,,https://javalab.org/ko/category/math/fractal/
moon,혼돈 이론,,https://javalab.org/ko/category/math/chaos/
moon,테크인공지능마이크로비트3D 프린팅블록 코딩퍼즐아두이노 무작정 따라하기브레드보드 기초 전자회로브레드보드 메이커 교실,,https://javalab.org/ko/category/tech/
moon,인공지능,,https://javalab.org/ko/category/tech/ai/
moon,마이크로비트,,https://javalab.org/ko/category/tech/microbit/
moon,3D 프린팅,,https://javalab.org/ko/category/tech/3d_printing/
moon,블록 코딩,,https://javalab.org/ko/category/tech/block_coding/
moon,퍼즐,,https://javalab.org/ko/category/tech/puzzle/
moon,아두이노 무작정 따라하기,,https://javalab.org/ko/category/tech/arduino/
moon,브레드보드 기초 전자회로,,https://javalab.org/ko/category/tech/breadboard_1/
moon,브레드보드 메이커 교실,,https://javalab.org/ko/category/tech/breadboard_maker/
moon,기타증강현실 (웹캠이용)3D (VR 이용)출판물강의 자료인용사례,,https://javalab.org/ko/category/ar/
moon,증강현실 (웹캠이용),,https://javalab.org/ko/category/ar/
moon,3D (VR 이용),,https://javalab.org/ko/category/3d_vr/
moon,출판물,,https://javalab.org/ko/category/books/
moon,강의 자료,,https://javalab.org/ko/category/resources/
moon,● 한국어,,https://javalab.org/ko/category/astronomy/moon/
moon,일식과 월식,,https://javalab.org/ko/eclipse/
moon,일식과 월식,,https://javalab.org/ko/eclipse/
moon,● 한국어,,https://javalab.org/ko/category/astronomy/moon/
planet_earth,마켓,,https://javalab.org/ko/category/market/
planet_earth,측정측정 일반데이터 과학 (CSV 파일)Javalab MBL상대성 이론,,https://javalab.org/ko/category/measure/
planet_earth,측정 일반,,https://javalab.org/ko/category/measure/measurement/
planet_earth,데이터 과학 (CSV 파일),,https://javalab.org/ko/category/measure/data_science/
planet_earth,Javalab MBL,,https://javalab.org/ko/category/measure/mbl/
planet_earth,상대성 이론,,https://javalab.org/ko/category/measure/relativity-ko/
planet_earth,전기와 자기정전기옴의 법칙전기 회로교류와 RLC회로반도체자기전자기전자기파,,https://javalab.org/ko/category/electricity/
planet_earth,정전기,,https://javalab.org/ko/category/electricity/static_electricity/
planet_earth,옴의 법칙,,https://javalab.org/ko/category/electricity/ohms_law/
planet_earth,전기 회로,,https://javalab.org/ko/category/electricity/electric_circuit/
planet_earth,교류와 RLC회로,,https://javalab.org/ko/category/electricity/ac_rlc/
planet_earth,반도체,,https://javalab.org/ko/category/electricity/semiconductor/
planet_earth,자기,,https://javalab.org/ko/category/electricity/magnetism/
planet_earth,전자기,,https://javalab.org/ko/category/electricity/electromagnetism/
planet_earth,전자기파,,https://javalab.org/ko/category/electricity/electromagntic_wave/
planet_earth,힘과 운동힘관성여러가지 운동충돌진동,,https://javalab.org/ko/category/mechanics/
planet_earth,힘,,https://javalab.org/ko/category/mechanics/force/
planet_earth,관성,,https://javalab.org/ko/category/mechanics/inertia/
planet_earth,여러가지 운동,,https://javalab.org/ko/category/mechanics/movements/
planet_earth,충돌,,https://javalab.org/ko/category/mechanics/collision/
planet_earth,진동,,https://javalab.org/ko/category/mechanics/oscillation/
planet_earth,일과 에너지일의 원리에너지의 변환,,https://javalab.org/ko/category/energy/
planet_earth,일의 원리,,https://javalab.org/ko/category/energy/principle_of_work/
planet_earth,에너지의 변환,,https://javalab.org/ko/category/energy/energy_conversion/
planet_earth,빛과 파동반사굴절색파동파동의 간섭정상파,,https://javalab.org/ko/category/light_wave/
planet_earth,반사,,https://javalab.org/ko/category/light_wave/reflection/
planet_earth,굴절,,https://javalab.org/ko/category/light_wave/refraction/
planet_earth,색,,https://javalab.org/ko/category/light_wave/color/
planet_earth,파동,,https://javalab.org/ko/category/light_wave/wave/
planet_earth,파동의 간섭,,https://javalab.org/ko/category/light_wave/interference/
planet_earth,정상파,,https://javalab.org/ko/category/light_wave/standing_wave/
planet_earth,원자원자 모형원자와 빛방사능,,https://javalab.org/ko/category/atoms/
planet_earth,원자 모형,,https://javalab.org/ko/category/atoms/atomic_model/
planet_earth,원자와 빛,,https://javalab.org/ko/category/atoms/atom_light/
planet_earth,방사능,,https://javalab.org/ko/category/atoms/radioactivity/
planet_earth,"화학기체, 액체, 고체열분자 운동용액화학 반응화학 결합전기 화학",,https://javalab.org/ko/category/chemistry/
planet_earth,"기체, 액체, 고체",,https://javalab.org/ko/category/chemistry/gas/
planet_earth,열,,https://javalab.org/ko/category/chemistry/heat/
planet_earth,분자 운동,,https://javalab.org/ko/category/chemistry/molecules_in_motion/
planet_earth,용액,,https://javalab.org/ko/category/chemistry/solution/
planet_earth,화학 반응,,https://javalab.org/ko/category/chemistry/chemical_reaction/
planet_earth,화학 결합,,https://javalab.org/ko/category/chemistry/chemical_bonds/
planet_earth,전기 화학,,https://javalab.org/ko/category/chemistry/electrochemistry/
planet_earth,지구대기지질,,https://javalab.org/ko/category/earth/
planet_earth,대기,,https://javalab.org/ko/category/earth/atmosphere/
planet_earth,지질,,https://javalab.org/ko/category/earth/geology/
planet_earth,천문천체 관측지구달태양태양계별과 은하,,https://javalab.org/ko/category/astronomy/
planet_earth,천체 관측,,https://javalab.org/ko/category/astronomy/celestial_observation/
planet_earth,지구,,https://javalab.org/ko/category/astronomy/planet_earth/
planet_earth,달,,https://javalab.org/ko/category/astronomy/moon/
planet_earth,태양,,https://javalab.org/ko/category/astronomy/sun/
planet_earth,태양계,,https://javalab.org/ko/category/astronomy/solar_system/
planet_earth,별과 은하,,https://javalab.org/ko/category/astronomy/star/
planet_earth,생명,,https://javalab.org/ko/category/biology/
planet_earth,수학수학수학 그래픽스프랙털혼돈 이론,,https://javalab.org/ko/category/math/
planet_earth,수학,,https://javalab.org/ko/category/math/mathematics/
planet_earth,수학 그래픽스,,https://javalab.org/ko/category/math/math_graphics/
planet_earth,프랙털,,https://javalab.org/ko/category/math/fractal/
planet_earth,혼돈 이론,,https://javalab.org/ko/category/math/chaos/
planet_earth,테크인공지능마이크로비트3D 프린팅블록 코딩퍼즐아두이노 무작정 따라하기브레드보드 기초 전자회로브레드보드 메이커 교실,,https://javalab.org/ko/category/tech/
planet_earth,인공지능,,https://javalab.org/ko/category/tech/ai/
planet_earth,마이크로비트,,https://javalab.org/ko/category/tech/microbit/
planet_earth,3D 프린팅,,https://javalab.org/ko/category/tech/3d_printing/
planet_earth,블록 코딩,,https://javalab.org/ko/category/tech/block_coding/
planet_earth,퍼즐,,https://javalab.org/ko/category/tech/puzzle/
planet_earth,아두이노 무작정 따라하기,,https://javalab.org/ko/category/tech/arduino/
planet_earth,브레드보드 기초 전자회로,,https://javalab.org/ko/category/tech/breadboard_1/
planet_earth,브레드보드 메이커 교실,,https://javalab.org/ko/category/tech/breadboard_maker/
planet_earth,기타증강현실 (웹캠이용)3D (VR 이용)출판물강의 자료인용사례,,https://javalab.org/ko/category/ar/
planet_earth,증강현실 (웹캠이용),,https://javalab.org/ko/category/ar/
planet_earth,3D (VR 이용),,https://javalab.org/ko/category/3d_vr/
planet_earth,출판물,,https://javalab.org/ko/category/books/
planet_earth,강의 자료,,https://javalab.org/ko/category/resources/
planet_earth,● 한국어,,https://javalab.org/ko/category/astronomy/planet_earth/
planet_earth,일식과 월식,,https://javalab.org/ko/eclipse/
planet_earth,일식과 월식,,https://javalab.org/ko/eclipse/
planet_earth,● 한국어,,https://javalab.org/ko/category/astronomy/planet_earth/
solar_system,마켓,,https://javalab.org/ko/category/market/
solar_system,측정측정 일반데이터 과학 (CSV 파일)Javalab MBL상대성 이론,,https://javalab.org/ko/category/measure/
solar_system,측정 일반,,https://javalab.org/ko/category/measure/measurement/
solar_system,데이터 과학 (CSV 파일),,https://javalab.org/ko/category/measure/data_science/
solar_system,Javalab MBL,,https://javalab.org/ko/category/measure/mbl/
solar_system,상대성 이론,,https://javalab.org/ko/category/measure/relativity-ko/
solar_system,전기와 자기정전기옴의 법칙전기 회로교류와 RLC회로반도체자기전자기전자기파,,https://javalab.org/ko/category/electricity/
solar_system,정전기,,https://javalab.org/ko/category/electricity/static_electricity/
solar_system,옴의 법칙,,https://javalab.org/ko/category/electricity/ohms_law/
solar_system,전기 회로,,https://javalab.org/ko/category/electricity/electric_circuit/
solar_system,교류와 RLC회로,,https://javalab.org/ko/category/electricity/ac_rlc/
solar_system,반도체,,https://javalab.org/ko/category/electricity/semiconductor/
solar_system,자기,,https://javalab.org/ko/category/electricity/magnetism/
solar_system,전자기,,https://javalab.org/ko/category/electricity/electromagnetism/
solar_system,전자기파,,https://javalab.org/ko/category/electricity/electromagntic_wave/
solar_system,힘과 운동힘관성여러가지 운동충돌진동,,https://javalab.org/ko/category/mechanics/
solar_system,힘,,https://javalab.org/ko/category/mechanics/force/
solar_system,관성,,https://javalab.org/ko/category/mechanics/inertia/
solar_system,여러가지 운동,,https://javalab.org/ko/category/mechanics/movements/
solar_system,충돌,,https://javalab.org/ko/category/mechanics/collision/
solar_system,진동,,https://javalab.org/ko/category/mechanics/oscillation/
solar_system,일과 에너지일의 원리에너지의 변환,,https://javalab.org/ko/category/energy/
solar_system,일의 원리,,https://javalab.org/ko/category/energy/principle_of_work/
solar_system,에너지의 변환,,https://javalab.org/ko/category/energy/energy_conversion/
solar_system,빛과 파동반사굴절색파동파동의 간섭정상파,,https://javalab.org/ko/category/light_wave/
solar_system,반사,,https://javalab.org/ko/category/light_wave/reflection/
solar_system,굴절,,https://javalab.org/ko/category/light_wave/refraction/
solar_system,색,,https://javalab.org/ko/category/light_wave/color/
solar_system,파동,,https://javalab.org/ko/category/light_wave/wave/
solar_system,파동의 간섭,,https://javalab.org/ko/category/light_wave/interference/
solar_system,정상파,,https://javalab.org/ko/category/light_wave/standing_wave/
solar_system,원자원자 모형원자와 빛방사능,,https://javalab.org/ko/category/atoms/
solar_system,원자 모형,,https://javalab.org/ko/category/atoms/atomic_model/
solar_system,원자와 빛,,https://javalab.org/ko/category/atoms/atom_light/
solar_system,방사능,,https://javalab.org/ko/category/atoms/radioactivity/
solar_system,"화학기체, 액체, 고체열분자 운동용액화학 반응화학 결합전기 화학",,https://javalab.org/ko/category/chemistry/
solar_system,"기체, 액체, 고체",,https://javalab.org/ko/category/chemistry/gas/
solar_system,열,,https://javalab.org/ko/category/chemistry/heat/
solar_system,분자 운동,,https://javalab.org/ko/category/chemistry/molecules_in_motion/
solar_system,용액,,https://javalab.org/ko/category/chemistry/solution/
solar_system,화학 반응,,https://javalab.org/ko/category/chemistry/chemical_reaction/
solar_system,화학 결합,,https://javalab.org/ko/category/chemistry/chemical_bonds/
solar_system,전기 화학,,https://javalab.org/ko/category/chemistry/electrochemistry/
solar_system,지구대기지질,,https://javalab.org/ko/category/earth/
solar_system,대기,,https://javalab.org/ko/category/earth/atmosphere/
solar_system,지질,,https://javalab.org/ko/category/earth/geology/
solar_system,천문천체 관측지구달태양태양계별과 은하,,https://javalab.org/ko/category/astronomy/
solar_system,천체 관측,,https://javalab.org/ko/category/astronomy/celestial_observation/
solar_system,지구,,https://javalab.org/ko/category/astronomy/planet_earth/
solar_system,달,,https://javalab.org/ko/category/astronomy/moon/
solar_system,태양,,https://javalab.org/ko/category/astronomy/sun/
solar_system,태양계,,https://javalab.org/ko/category/astronomy/solar_system/
solar_system,별과 은하,,https://javalab.org/ko/category/astronomy/star/
solar_system,생명,,https://javalab.org/ko/category/biology/
solar_system,수학수학수학 그래픽스프랙털혼돈 이론,,https://javalab.org/ko/category/math/
solar_system,수학,,https://javalab.org/ko/category/math/mathematics/
solar_system,수학 그래픽스,,https://javalab.org/ko/category/math/math_graphics/
solar_system,프랙털,,https://javalab.org/ko/category/math/fractal/
solar_system,혼돈 이론,,https://javalab.org/ko/category/math/chaos/
solar_system,테크인공지능마이크로비트3D 프린팅블록 코딩퍼즐아두이노 무작정 따라하기브레드보드 기초 전자회로브레드보드 메이커 교실,,https://javalab.org/ko/category/tech/
solar_system,인공지능,,https://javalab.org/ko/category/tech/ai/
solar_system,마이크로비트,,https://javalab.org/ko/category/tech/microbit/
solar_system,3D 프린팅,,https://javalab.org/ko/category/tech/3d_printing/
solar_system,블록 코딩,,https://javalab.org/ko/category/tech/block_coding/
solar_system,퍼즐,,https://javalab.org/ko/category/tech/puzzle/
solar_system,아두이노 무작정 따라하기,,https://javalab.org/ko/category/tech/arduino/
solar_system,브레드보드 기초 전자회로,,https://javalab.org/ko/category/tech/breadboard_1/
solar_system,브레드보드 메이커 교실,,https://javalab.org/ko/category/tech/breadboard_maker/
solar_system,기타증강현실 (웹캠이용)3D (VR 이용)출판물강의 자료인용사례,,https://javalab.org/ko/category/ar/
solar_system,증강현실 (웹캠이용),,https://javalab.org/ko/category/ar/
solar_system,3D (VR 이용),,https://javalab.org/ko/category/3d_vr/
solar_system,출판물,,https://javalab.org/ko/category/books/
solar_system,강의 자료,,https://javalab.org/ko/category/resources/
solar_system,● 한국어,,https://javalab.org/ko/category/astronomy/solar_system/
solar_system,태양계,,https://javalab.org/ko/solar_system/
solar_system,태양계,,https://javalab.org/ko/solar_system/
solar_system,● 한국어,,https://javalab.org/ko/category/astronomy/solar_system/
star,마켓,,https://javalab.org/ko/category/market/
star,측정측정 일반데이터 과학 (CSV 파일)Javalab MBL상대성 이론,,https://javalab.org/ko/category/measure/
star,측정 일반,,https://javalab.org/ko/category/measure/measurement/
star,데이터 과학 (CSV 파일),,https://javalab.org/ko/category/measure/data_science/
star,Javalab MBL,,https://javalab.org/ko/category/measure/mbl/
star,상대성 이론,,https://javalab.org/ko/category/measure/relativity-ko/
star,전기와 자기정전기옴의 법칙전기 회로교류와 RLC회로반도체자기전자기전자기파,,https://javalab.org/ko/category/electricity/
star,정전기,,https://javalab.org/ko/category/electricity/static_electricity/
star,옴의 법칙,,https://javalab.org/ko/category/electricity/ohms_law/
star,전기 회로,,https://javalab.org/ko/category/electricity/electric_circuit/
star,교류와 RLC회로,,https://javalab.org/ko/category/electricity/ac_rlc/
star,반도체,,https://javalab.org/ko/category/electricity/semiconductor/
star,자기,,https://javalab.org/ko/category/electricity/magnetism/
star,전자기,,https://javalab.org/ko/category/electricity/electromagnetism/
star,전자기파,,https://javalab.org/ko/category/electricity/electromagntic_wave/
star,힘과 운동힘관성여러가지 운동충돌진동,,https://javalab.org/ko/category/mechanics/
star,힘,,https://javalab.org/ko/category/mechanics/force/
star,관성,,https://javalab.org/ko/category/mechanics/inertia/
star,여러가지 운동,,https://javalab.org/ko/category/mechanics/movements/
star,충돌,,https://javalab.org/ko/category/mechanics/collision/
star,진동,,https://javalab.org/ko/category/mechanics/oscillation/
star,일과 에너지일의 원리에너지의 변환,,https://javalab.org/ko/category/energy/
star,일의 원리,,https://javalab.org/ko/category/energy/principle_of_work/
star,에너지의 변환,,https://javalab.org/ko/category/energy/energy_conversion/
star,빛과 파동반사굴절색파동파동의 간섭정상파,,https://javalab.org/ko/category/light_wave/
star,반사,,https://javalab.org/ko/category/light_wave/reflection/
star,굴절,,https://javalab.org/ko/category/light_wave/refraction/
star,색,,https://javalab.org/ko/category/light_wave/color/
star,파동,,https://javalab.org/ko/category/light_wave/wave/
star,파동의 간섭,,https://javalab.org/ko/category/light_wave/interference/
star,정상파,,https://javalab.org/ko/category/light_wave/standing_wave/
star,원자원자 모형원자와 빛방사능,,https://javalab.org/ko/category/atoms/
star,원자 모형,,https://javalab.org/ko/category/atoms/atomic_model/
star,원자와 빛,,https://javalab.org/ko/category/atoms/atom_light/
star,방사능,,https://javalab.org/ko/category/atoms/radioactivity/
star,"화학기체, 액체, 고체열분자 운동용액화학 반응화학 결합전기 화학",,https://javalab.org/ko/category/chemistry/
star,"기체, 액체, 고체",,https://javalab.org/ko/category/chemistry/gas/
star,열,,https://javalab.org/ko/category/chemistry/heat/
star,분자 운동,,https://javalab.org/ko/category/chemistry/molecules_in_motion/
star,용액,,https://javalab.org/ko/category/chemistry/solution/
star,화학 반응,,https://javalab.org/ko/category/chemistry/chemical_reaction/
star,화학 결합,,https://javalab.org/ko/category/chemistry/chemical_bonds/
star,전기 화학,,https://javalab.org/ko/category/chemistry/electrochemistry/
star,지구대기지질,,https://javalab.org/ko/category/earth/
star,대기,,https://javalab.org/ko/category/earth/atmosphere/
star,지질,,https://javalab.org/ko/category/earth/geology/
star,천문천체 관측지구달태양태양계별과 은하,,https://javalab.org/ko/category/astronomy/
star,천체 관측,,https://javalab.org/ko/category/astronomy/celestial_observation/
star,지구,,https://javalab.org/ko/category/astronomy/planet_earth/
star,달,,https://javalab.org/ko/category/astronomy/moon/
star,태양,,https://javalab.org/ko/category/astronomy/sun/
star,태양계,,https://javalab.org/ko/category/astronomy/solar_system/
star,별과 은하,,https://javalab.org/ko/category/astronomy/star/
star,생명,,https://javalab.org/ko/category/biology/
star,수학수학수학 그래픽스프랙털혼돈 이론,,https://javalab.org/ko/category/math/
star,수학,,https://javalab.org/ko/category/math/mathematics/
star,수학 그래픽스,,https://javalab.org/ko/category/math/math_graphics/
star,프랙털,,https://javalab.org/ko/category/math/fractal/
star,혼돈 이론,,https://javalab.org/ko/category/math/chaos/
star,테크인공지능마이크로비트3D 프린팅블록 코딩퍼즐아두이노 무작정 따라하기브레드보드 기초 전자회로브레드보드 메이커 교실,,https://javalab.org/ko/category/tech/
star,인공지능,,https://javalab.org/ko/category/tech/ai/
star,마이크로비트,,https://javalab.org/ko/category/tech/microbit/
star,3D 프린팅,,https://javalab.org/ko/category/tech/3d_printing/
star,블록 코딩,,https://javalab.org/ko/category/tech/block_coding/
star,퍼즐,,https://javalab.org/ko/category/tech/puzzle/
star,아두이노 무작정 따라하기,,https://javalab.org/ko/category/tech/arduino/
star,브레드보드 기초 전자회로,,https://javalab.org/ko/category/tech/breadboard_1/
star,브레드보드 메이커 교실,,https://javalab.org/ko/category/tech/breadboard_maker/
star,기타증강현실 (웹캠이용)3D (VR 이용)출판물강의 자료인용사례,,https://javalab.org/ko/category/ar/
star,증강현실 (웹캠이용),,https://javalab.org/ko/category/ar/
star,3D (VR 이용),,https://javalab.org/ko/category/3d_vr/
star,출판물,,https://javalab.org/ko/category/books/
star,강의 자료,,https://javalab.org/ko/category/resources/
star,● 한국어,,https://javalab.org/ko/category/astronomy/star/
star,도플러 효과와 적색 편이,,https://javalab.org/ko/doppler_effect_and_redshift/
star,도플러 효과와 적색 편이,,https://javalab.org/ko/doppler_effect_and_redshift/
star,● 한국어,,https://javalab.org/ko/category/astronomy/star/
sun,마켓,,https://javalab.org/ko/category/market/
sun,측정측정 일반데이터 과학 (CSV 파일)Javalab MBL상대성 이론,,https://javalab.org/ko/category/measure/
sun,측정 일반,,https://javalab.org/ko/category/measure/measurement/
sun,데이터 과학 (CSV 파일),,https://javalab.org/ko/category/measure/data_science/
sun,Javalab MBL,,https://javalab.org/ko/category/measure/mbl/
sun,상대성 이론,,https://javalab.org/ko/category/measure/relativity-ko/
sun,전기와 자기정전기옴의 법칙전기 회로교류와 RLC회로반도체자기전자기전자기파,,https://javalab.org/ko/category/electricity/
sun,정전기,,https://javalab.org/ko/category/electricity/static_electricity/
sun,옴의 법칙,,https://javalab.org/ko/category/electricity/ohms_law/
sun,전기 회로,,https://javalab.org/ko/category/electricity/electric_circuit/
sun,교류와 RLC회로,,https://javalab.org/ko/category/electricity/ac_rlc/
sun,반도체,,https://javalab.org/ko/category/electricity/semiconductor/
sun,자기,,https://javalab.org/ko/category/electricity/magnetism/
sun,전자기,,https://javalab.org/ko/category/electricity/electromagnetism/
sun,전자기파,,https://javalab.org/ko/category/electricity/electromagntic_wave/
sun,힘과 운동힘관성여러가지 운동충돌진동,,https://javalab.org/ko/category/mechanics/
sun,힘,,https://javalab.org/ko/category/mechanics/force/
sun,관성,,https://javalab.org/ko/category/mechanics/inertia/
sun,여러가지 운동,,https://javalab.org/ko/category/mechanics/movements/
sun,충돌,,https://javalab.org/ko/category/mechanics/collision/
sun,진동,,https://javalab.org/ko/category/mechanics/oscillation/
sun,일과 에너지일의 원리에너지의 변환,,https://javalab.org/ko/category/energy/
sun,일의 원리,,https://javalab.org/ko/category/energy/principle_of_work/
sun,에너지의 변환,,https://javalab.org/ko/category/energy/energy_conversion/
sun,빛과 파동반사굴절색파동파동의 간섭정상파,,https://javalab.org/ko/category/light_wave/
sun,반사,,https://javalab.org/ko/category/light_wave/reflection/
sun,굴절,,https://javalab.org/ko/category/light_wave/refraction/
sun,색,,https://javalab.org/ko/category/light_wave/color/
sun,파동,,https://javalab.org/ko/category/light_wave/wave/
sun,파동의 간섭,,https://javalab.org/ko/category/light_wave/interference/
sun,정상파,,https://javalab.org/ko/category/light_wave/standing_wave/
sun,원자원자 모형원자와 빛방사능,,https://javalab.org/ko/category/atoms/
sun,원자 모형,,https://javalab.org/ko/category/atoms/atomic_model/
sun,원자와 빛,,https://javalab.org/ko/category/atoms/atom_light/
sun,방사능,,https://javalab.org/ko/category/atoms/radioactivity/
sun,"화학기체, 액체, 고체열분자 운동용액화학 반응화학 결합전기 화학",,https://javalab.org/ko/category/chemistry/
sun,"기체, 액체, 고체",,https://javalab.org/ko/category/chemistry/gas/
sun,열,,https://javalab.org/ko/category/chemistry/heat/
sun,분자 운동,,https://javalab.org/ko/category/chemistry/molecules_in_motion/
sun,용액,,https://javalab.org/ko/category/chemistry/solution/
sun,화학 반응,,https://javalab.org/ko/category/chemistry/chemical_reaction/
sun,화학 결합,,https://javalab.org/ko/category/chemistry/chemical_bonds/
sun,전기 화학,,https://javalab.org/ko/category/chemistry/electrochemistry/
sun,지구대기지질,,https://javalab.org/ko/category/earth/
sun,대기,,https://javalab.org/ko/category/earth/atmosphere/
sun,지질,,https://javalab.org/ko/category/earth/geology/
sun,천문천체 관측지구달태양태양계별과 은하,,https://javalab.org/ko/category/astronomy/
sun,천체 관측,,https://javalab.org/ko/category/astronomy/celestial_observation/
sun,지구,,https://javalab.org/ko/category/astronomy/planet_earth/
sun,달,,https://javalab.org/ko/category/astronomy/moon/
sun,태양,,https://javalab.org/ko/category/astronomy/sun/
sun,태양계,,https://javalab.org/ko/category/astronomy/solar_system/
sun,별과 은하,,https://javalab.org/ko/category/astronomy/star/
sun,생명,,https://javalab.org/ko/category/biology/
sun,수학수학수학 그래픽스프랙털혼돈 이론,,https://javalab.org/ko/category/math/
sun,수학,,https://javalab.org/ko/category/math/mathematics/
sun,수학 그래픽스,,https://javalab.org/ko/category/math/math_graphics/
sun,프랙털,,https://javalab.org/ko/category/math/fractal/
sun,혼돈 이론,,https://javalab.org/ko/category/math/chaos/
sun,테크인공지능마이크로비트3D 프린팅블록 코딩퍼즐아두이노 무작정 따라하기브레드보드 기초 전자회로브레드보드 메이커 교실,,https://javalab.org/ko/category/tech/
sun,인공지능,,https://javalab.org/ko/category/tech/ai/
sun,마이크로비트,,https://javalab.org/ko/category/tech/microbit/
sun,3D 프린팅,,https://javalab.org/ko/category/tech/3d_printing/
sun,블록 코딩,,https://javalab.org/ko/category/tech/block_coding/
sun,퍼즐,,https://javalab.org/ko/category/tech/puzzle/
sun,아두이노 무작정 따라하기,,https://javalab.org/ko/category/tech/arduino/
sun,브레드보드 기초 전자회로,,https://javalab.org/ko/category/tech/breadboard_1/
sun,브레드보드 메이커 교실,,https://javalab.org/ko/category/tech/breadboard_maker/
sun,기타증강현실 (웹캠이용)3D (VR 이용)출판물강의 자료인용사례,,https://javalab.org/ko/category/ar/
sun,증강현실 (웹캠이용),,https://javalab.org/ko/category/ar/
sun,3D (VR 이용),,https://javalab.org/ko/category/3d_vr/
sun,출판물,,https://javalab.org/ko/category/books/
sun,강의 자료,,https://javalab.org/ko/category/resources/
sun,● 한국어,,https://javalab.org/ko/category/astronomy/sun/
sun,태양풍과 오로라,,https://javalab.org/ko/solar_wind/
sun,태양풍과 오로라,,https://javalab.org/ko/solar_wind/
sun,● 한국어,,https://javalab.org/ko/category/astronomy/sun/
atoms,마켓,,https://javalab.org/ko/category/market/
atoms,측정측정 일반데이터 과학 (CSV 파일)Javalab MBL상대성 이론,,https://javalab.org/ko/category/measure/
atoms,측정 일반,,https://javalab.org/ko/category/measure/measurement/
atoms,데이터 과학 (CSV 파일),,https://javalab.org/ko/category/measure/data_science/
atoms,Javalab MBL,,https://javalab.org/ko/category/measure/mbl/
atoms,상대성 이론,,https://javalab.org/ko/category/measure/relativity-ko/
atoms,전기와 자기정전기옴의 법칙전기 회로교류와 RLC회로반도체자기전자기전자기파,,https://javalab.org/ko/category/electricity/
atoms,정전기,,https://javalab.org/ko/category/electricity/static_electricity/
atoms,옴의 법칙,,https://javalab.org/ko/category/electricity/ohms_law/
atoms,전기 회로,,https://javalab.org/ko/category/electricity/electric_circuit/
atoms,교류와 RLC회로,,https://javalab.org/ko/category/electricity/ac_rlc/
atoms,반도체,,https://javalab.org/ko/category/electricity/semiconductor/
atoms,자기,,https://javalab.org/ko/category/electricity/magnetism/
atoms,전자기,,https://javalab.org/ko/category/electricity/electromagnetism/
atoms,전자기파,,https://javalab.org/ko/category/electricity/electromagntic_wave/
atoms,힘과 운동힘관성여러가지 운동충돌진동,,https://javalab.org/ko/category/mechanics/
atoms,힘,,https://javalab.org/ko/category/mechanics/force/
atoms,관성,,https://javalab.org/ko/category/mechanics/inertia/
atoms,여러가지 운동,,https://javalab.org/ko/category/mechanics/movements/
atoms,충돌,,https://javalab.org/ko/category/mechanics/collision/
atoms,진동,,https://javalab.org/ko/category/mechanics/oscillation/
atoms,일과 에너지일의 원리에너지의 변환,,https://javalab.org/ko/category/energy/
atoms,일의 원리,,https://javalab.org/ko/category/energy/principle_of_work/
atoms,에너지의 변환,,https://javalab.org/ko/category/energy/energy_conversion/
atoms,빛과 파동반사굴절색파동파동의 간섭정상파,,https://javalab.org/ko/category/light_wave/
atoms,반사,,https://javalab.org/ko/category/light_wave/reflection/
atoms,굴절,,https://javalab.org/ko/category/light_wave/refraction/
atoms,색,,https://javalab.org/ko/category/light_wave/color/
atoms,파동,,https://javalab.org/ko/category/light_wave/wave/
atoms,파동의 간섭,,https://javalab.org/ko/category/light_wave/interference/
atoms,정상파,,https://javalab.org/ko/category/light_wave/standing_wave/
atoms,원자원자 모형원자와 빛방사능,,https://javalab.org/ko/category/atoms/
atoms,원자 모형,,https://javalab.org/ko/category/atoms/atomic_model/
atoms,원자와 빛,,https://javalab.org/ko/category/atoms/atom_light/
atoms,방사능,,https://javalab.org/ko/category/atoms/radioactivity/
atoms,"화학기체, 액체, 고체열분자 운동용액화학 반응화학 결합전기 화학",,https://javalab.org/ko/category/chemistry/
atoms,"기체, 액체, 고체",,https://javalab.org/ko/category/chemistry/gas/
atoms,열,,https://javalab.org/ko/category/chemistry/heat/
atoms,분자 운동,,https://javalab.org/ko/category/chemistry/molecules_in_motion/
atoms,용액,,https://javalab.org/ko/category/chemistry/solution/
atoms,화학 반응,,https://javalab.org/ko/category/chemistry/chemical_reaction/
atoms,화학 결합,,https://javalab.org/ko/category/chemistry/chemical_bonds/
atoms,전기 화학,,https://javalab.org/ko/category/chemistry/electrochemistry/
atoms,지구대기지질,,https://javalab.org/ko/category/earth/
atoms,대기,,https://javalab.org/ko/category/earth/atmosphere/
atoms,지질,,https://javalab.org/ko/category/earth/geology/
atoms,천문천체 관측지구달태양태양계별과 은하,,https://javalab.org/ko/category/astronomy/
atoms,천체 관측,,https://javalab.org/ko/category/astronomy/celestial_observation/
atoms,지구,,https://javalab.org/ko/category/astronomy/planet_earth/
atoms,달,,https://javalab.org/ko/category/astronomy/moon/
atoms,태양,,https://javalab.org/ko/category/astronomy/sun/
atoms,태양계,,https://javalab.org/ko/category/astronomy/solar_system/
atoms,별과 은하,,https://javalab.org/ko/category/astronomy/star/
atoms,생명,,https://javalab.org/ko/category/biology/
atoms,수학수학수학 그래픽스프랙털혼돈 이론,,https://javalab.org/ko/category/math/
atoms,수학,,https://javalab.org/ko/category/math/mathematics/
atoms,수학 그래픽스,,https://javalab.org/ko/category/math/math_graphics/
atoms,프랙털,,https://javalab.org/ko/category/math/fractal/
atoms,혼돈 이론,,https://javalab.org/ko/category/math/chaos/
atoms,테크인공지능마이크로비트3D 프린팅블록 코딩퍼즐아두이노 무작정 따라하기브레드보드 기초 전자회로브레드보드 메이커 교실,,https://javalab.org/ko/category/tech/
atoms,인공지능,,https://javalab.org/ko/category/tech/ai/
atoms,마이크로비트,,https://javalab.org/ko/category/tech/microbit/
atoms,3D 프린팅,,https://javalab.org/ko/category/tech/3d_printing/
atoms,블록 코딩,,https://javalab.org/ko/category/tech/block_coding/
atoms,퍼즐,,https://javalab.org/ko/category/tech/puzzle/
atoms,아두이노 무작정 따라하기,,https://javalab.org/ko/category/tech/arduino/
atoms,브레드보드 기초 전자회로,,https://javalab.org/ko/category/tech/breadboard_1/
atoms,브레드보드 메이커 교실,,https://javalab.org/ko/category/tech/breadboard_maker/
atoms,기타증강현실 (웹캠이용)3D (VR 이용)출판물강의 자료인용사례,,https://javalab.org/ko/category/ar/
atoms,증강현실 (웹캠이용),,https://javalab.org/ko/category/ar/
atoms,3D (VR 이용),,https://javalab.org/ko/category/3d_vr/
atoms,출판물,,https://javalab.org/ko/category/books/
atoms,강의 자료,,https://javalab.org/ko/category/resources/
atoms,● 한국어,,https://javalab.org/ko/category/atoms/
atoms,원소 기호 타이핑 버블 게임 (스코어 보드 접수 집계),,https://javalab.org/ko/element/
atoms,원소 기호 타이핑 버블 게임 (스코어 보드 접수 집계),,https://javalab.org/ko/element/
atoms,● 한국어,,https://javalab.org/ko/category/atoms/
atom_light,마켓,,https://javalab.org/ko/category/market/
atom_light,측정측정 일반데이터 과학 (CSV 파일)Javalab MBL상대성 이론,,https://javalab.org/ko/category/measure/
atom_light,측정 일반,,https://javalab.org/ko/category/measure/measurement/
atom_light,데이터 과학 (CSV 파일),,https://javalab.org/ko/category/measure/data_science/
atom_light,Javalab MBL,,https://javalab.org/ko/category/measure/mbl/
atom_light,상대성 이론,,https://javalab.org/ko/category/measure/relativity-ko/
atom_light,전기와 자기정전기옴의 법칙전기 회로교류와 RLC회로반도체자기전자기전자기파,,https://javalab.org/ko/category/electricity/
atom_light,정전기,,https://javalab.org/ko/category/electricity/static_electricity/
atom_light,옴의 법칙,,https://javalab.org/ko/category/electricity/ohms_law/
atom_light,전기 회로,,https://javalab.org/ko/category/electricity/electric_circuit/
atom_light,교류와 RLC회로,,https://javalab.org/ko/category/electricity/ac_rlc/
atom_light,반도체,,https://javalab.org/ko/category/electricity/semiconductor/
atom_light,자기,,https://javalab.org/ko/category/electricity/magnetism/
atom_light,전자기,,https://javalab.org/ko/category/electricity/electromagnetism/
atom_light,전자기파,,https://javalab.org/ko/category/electricity/electromagntic_wave/
atom_light,힘과 운동힘관성여러가지 운동충돌진동,,https://javalab.org/ko/category/mechanics/
atom_light,힘,,https://javalab.org/ko/category/mechanics/force/
atom_light,관성,,https://javalab.org/ko/category/mechanics/inertia/
atom_light,여러가지 운동,,https://javalab.org/ko/category/mechanics/movements/
atom_light,충돌,,https://javalab.org/ko/category/mechanics/collision/
atom_light,진동,,https://javalab.org/ko/category/mechanics/oscillation/
atom_light,일과 에너지일의 원리에너지의 변환,,https://javalab.org/ko/category/energy/
atom_light,일의 원리,,https://javalab.org/ko/category/energy/principle_of_work/
atom_light,에너지의 변환,,https://javalab.org/ko/category/energy/energy_conversion/
atom_light,빛과 파동반사굴절색파동파동의 간섭정상파,,https://javalab.org/ko/category/light_wave/
atom_light,반사,,https://javalab.org/ko/category/light_wave/reflection/
atom_light,굴절,,https://javalab.org/ko/category/light_wave/refraction/
atom_light,색,,https://javalab.org/ko/category/light_wave/color/
atom_light,파동,,https://javalab.org/ko/category/light_wave/wave/
atom_light,파동의 간섭,,https://javalab.org/ko/category/light_wave/interference/
atom_light,정상파,,https://javalab.org/ko/category/light_wave/standing_wave/
atom_light,원자원자 모형원자와 빛방사능,,https://javalab.org/ko/category/atoms/
atom_light,원자 모형,,https://javalab.org/ko/category/atoms/atomic_model/
atom_light,원자와 빛,,https://javalab.org/ko/category/atoms/atom_light/
atom_light,방사능,,https://javalab.org/ko/category/atoms/radioactivity/
atom_light,"화학기체, 액체, 고체열분자 운동용액화학 반응화학 결합전기 화학",,https://javalab.org/ko/category/chemistry/
atom_light,"기체, 액체, 고체",,https://javalab.org/ko/category/chemistry/gas/
atom_light,열,,https://javalab.org/ko/category/chemistry/heat/
atom_light,분자 운동,,https://javalab.org/ko/category/chemistry/molecules_in_motion/
atom_light,용액,,https://javalab.org/ko/category/chemistry/solution/
atom_light,화학 반응,,https://javalab.org/ko/category/chemistry/chemical_reaction/
atom_light,화학 결합,,https://javalab.org/ko/category/chemistry/chemical_bonds/
atom_light,전기 화학,,https://javalab.org/ko/category/chemistry/electrochemistry/
atom_light,지구대기지질,,https://javalab.org/ko/category/earth/
atom_light,대기,,https://javalab.org/ko/category/earth/atmosphere/
atom_light,지질,,https://javalab.org/ko/category/earth/geology/
atom_light,천문천체 관측지구달태양태양계별과 은하,,https://javalab.org/ko/category/astronomy/
atom_light,천체 관측,,https://javalab.org/ko/category/astronomy/celestial_observation/
atom_light,지구,,https://javalab.org/ko/category/astronomy/planet_earth/
atom_light,달,,https://javalab.org/ko/category/astronomy/moon/
atom_light,태양,,https://javalab.org/ko/category/astronomy/sun/
atom_light,태양계,,https://javalab.org/ko/category/astronomy/solar_system/
atom_light,별과 은하,,https://javalab.org/ko/category/astronomy/star/
atom_light,생명,,https://javalab.org/ko/category/biology/
atom_light,수학수학수학 그래픽스프랙털혼돈 이론,,https://javalab.org/ko/category/math/
atom_light,수학,,https://javalab.org/ko/category/math/mathematics/
atom_light,수학 그래픽스,,https://javalab.org/ko/category/math/math_graphics/
atom_light,프랙털,,https://javalab.org/ko/category/math/fractal/
atom_light,혼돈 이론,,https://javalab.org/ko/category/math/chaos/
atom_light,테크인공지능마이크로비트3D 프린팅블록 코딩퍼즐아두이노 무작정 따라하기브레드보드 기초 전자회로브레드보드 메이커 교실,,https://javalab.org/ko/category/tech/
atom_light,인공지능,,https://javalab.org/ko/category/tech/ai/
atom_light,마이크로비트,,https://javalab.org/ko/category/tech/microbit/
atom_light,3D 프린팅,,https://javalab.org/ko/category/tech/3d_printing/
atom_light,블록 코딩,,https://javalab.org/ko/category/tech/block_coding/
atom_light,퍼즐,,https://javalab.org/ko/category/tech/puzzle/
atom_light,아두이노 무작정 따라하기,,https://javalab.org/ko/category/tech/arduino/
atom_light,브레드보드 기초 전자회로,,https://javalab.org/ko/category/tech/breadboard_1/
atom_light,브레드보드 메이커 교실,,https://javalab.org/ko/category/tech/breadboard_maker/
atom_light,기타증강현실 (웹캠이용)3D (VR 이용)출판물강의 자료인용사례,,https://javalab.org/ko/category/ar/
atom_light,증강현실 (웹캠이용),,https://javalab.org/ko/category/ar/
atom_light,3D (VR 이용),,https://javalab.org/ko/category/3d_vr/
atom_light,출판물,,https://javalab.org/ko/category/books/
atom_light,강의 자료,,https://javalab.org/ko/category/resources/
atom_light,● 한국어,,https://javalab.org/ko/category/atoms/atom_light/
atom_light,선 스펙트럼과 연속 스펙트럼,,https://javalab.org/ko/spectrum/
atom_light,선 스펙트럼과 연속 스펙트럼,,https://javalab.org/ko/spectrum/
atom_light,● 한국어,,https://javalab.org/ko/category/atoms/atom_light/
atomic_model,마켓,,https://javalab.org/ko/category/market/
atomic_model,측정측정 일반데이터 과학 (CSV 파일)Javalab MBL상대성 이론,,https://javalab.org/ko/category/measure/
atomic_model,측정 일반,,https://javalab.org/ko/category/measure/measurement/
atomic_model,데이터 과학 (CSV 파일),,https://javalab.org/ko/category/measure/data_science/
atomic_model,Javalab MBL,,https://javalab.org/ko/category/measure/mbl/
atomic_model,상대성 이론,,https://javalab.org/ko/category/measure/relativity-ko/
atomic_model,전기와 자기정전기옴의 법칙전기 회로교류와 RLC회로반도체자기전자기전자기파,,https://javalab.org/ko/category/electricity/
atomic_model,정전기,,https://javalab.org/ko/category/electricity/static_electricity/
atomic_model,옴의 법칙,,https://javalab.org/ko/category/electricity/ohms_law/
atomic_model,전기 회로,,https://javalab.org/ko/category/electricity/electric_circuit/
atomic_model,교류와 RLC회로,,https://javalab.org/ko/category/electricity/ac_rlc/
atomic_model,반도체,,https://javalab.org/ko/category/electricity/semiconductor/
atomic_model,자기,,https://javalab.org/ko/category/electricity/magnetism/
atomic_model,전자기,,https://javalab.org/ko/category/electricity/electromagnetism/
atomic_model,전자기파,,https://javalab.org/ko/category/electricity/electromagntic_wave/
atomic_model,힘과 운동힘관성여러가지 운동충돌진동,,https://javalab.org/ko/category/mechanics/
atomic_model,힘,,https://javalab.org/ko/category/mechanics/force/
atomic_model,관성,,https://javalab.org/ko/category/mechanics/inertia/
atomic_model,여러가지 운동,,https://javalab.org/ko/category/mechanics/movements/
atomic_model,충돌,,https://javalab.org/ko/category/mechanics/collision/
atomic_model,진동,,https://javalab.org/ko/category/mechanics/oscillation/
atomic_model,일과 에너지일의 원리에너지의 변환,,https://javalab.org/ko/category/energy/
atomic_model,일의 원리,,https://javalab.org/ko/category/energy/principle_of_work/
atomic_model,에너지의 변환,,https://javalab.org/ko/category/energy/energy_conversion/
atomic_model,빛과 파동반사굴절색파동파동의 간섭정상파,,https://javalab.org/ko/category/light_wave/
atomic_model,반사,,https://javalab.org/ko/category/light_wave/reflection/
atomic_model,굴절,,https://javalab.org/ko/category/light_wave/refraction/
atomic_model,색,,https://javalab.org/ko/category/light_wave/color/
atomic_model,파동,,https://javalab.org/ko/category/light_wave/wave/
atomic_model,파동의 간섭,,https://javalab.org/ko/category/light_wave/interference/
atomic_model,정상파,,https://javalab.org/ko/category/light_wave/standing_wave/
atomic_model,원자원자 모형원자와 빛방사능,,https://javalab.org/ko/category/atoms/
atomic_model,원자 모형,,https://javalab.org/ko/category/atoms/atomic_model/
atomic_model,원자와 빛,,https://javalab.org/ko/category/atoms/atom_light/
atomic_model,방사능,,https://javalab.org/ko/category/atoms/radioactivity/
atomic_model,"화학기체, 액체, 고체열분자 운동용액화학 반응화학 결합전기 화학",,https://javalab.org/ko/category/chemistry/
atomic_model,"기체, 액체, 고체",,https://javalab.org/ko/category/chemistry/gas/
atomic_model,열,,https://javalab.org/ko/category/chemistry/heat/
atomic_model,분자 운동,,https://javalab.org/ko/category/chemistry/molecules_in_motion/
atomic_model,용액,,https://javalab.org/ko/category/chemistry/solution/
atomic_model,화학 반응,,https://javalab.org/ko/category/chemistry/chemical_reaction/
atomic_model,화학 결합,,https://javalab.org/ko/category/chemistry/chemical_bonds/
atomic_model,전기 화학,,https://javalab.org/ko/category/chemistry/electrochemistry/
atomic_model,지구대기지질,,https://javalab.org/ko/category/earth/
atomic_model,대기,,https://javalab.org/ko/category/earth/atmosphere/
atomic_model,지질,,https://javalab.org/ko/category/earth/geology/
atomic_model,천문천체 관측지구달태양태양계별과 은하,,https://javalab.org/ko/category/astronomy/
atomic_model,천체 관측,,https://javalab.org/ko/category/astronomy/celestial_observation/
atomic_model,지구,,https://javalab.org/ko/category/astronomy/planet_earth/
atomic_model,달,,https://javalab.org/ko/category/astronomy/moon/
atomic_model,태양,,https://javalab.org/ko/category/astronomy/sun/
atomic_model,태양계,,https://javalab.org/ko/category/astronomy/solar_system/
atomic_model,별과 은하,,https://javalab.org/ko/category/astronomy/star/
atomic_model,생명,,https://javalab.org/ko/category/biology/
atomic_model,수학수학수학 그래픽스프랙털혼돈 이론,,https://javalab.org/ko/category/math/
atomic_model,수학,,https://javalab.org/ko/category/math/mathematics/
atomic_model,수학 그래픽스,,https://javalab.org/ko/category/math/math_graphics/
atomic_model,프랙털,,https://javalab.org/ko/category/math/fractal/
atomic_model,혼돈 이론,,https://javalab.org/ko/category/math/chaos/
atomic_model,테크인공지능마이크로비트3D 프린팅블록 코딩퍼즐아두이노 무작정 따라하기브레드보드 기초 전자회로브레드보드 메이커 교실,,https://javalab.org/ko/category/tech/
atomic_model,인공지능,,https://javalab.org/ko/category/tech/ai/
atomic_model,마이크로비트,,https://javalab.org/ko/category/tech/microbit/
atomic_model,3D 프린팅,,https://javalab.org/ko/category/tech/3d_printing/
atomic_model,블록 코딩,,https://javalab.org/ko/category/tech/block_coding/
atomic_model,퍼즐,,https://javalab.org/ko/category/tech/puzzle/
atomic_model,아두이노 무작정 따라하기,,https://javalab.org/ko/category/tech/arduino/
atomic_model,브레드보드 기초 전자회로,,https://javalab.org/ko/category/tech/breadboard_1/
atomic_model,브레드보드 메이커 교실,,https://javalab.org/ko/category/tech/breadboard_maker/
atomic_model,기타증강현실 (웹캠이용)3D (VR 이용)출판물강의 자료인용사례,,https://javalab.org/ko/category/ar/
atomic_model,증강현실 (웹캠이용),,https://javalab.org/ko/category/ar/
atomic_model,3D (VR 이용),,https://javalab.org/ko/category/3d_vr/
atomic_model,출판물,,https://javalab.org/ko/category/books/
atomic_model,강의 자료,,https://javalab.org/ko/category/resources/
atomic_model,● 한국어,,https://javalab.org/ko/category/atoms/atomic_model/
atomic_model,원소 기호 타이핑 버블 게임 (스코어 보드 접수 집계),,https://javalab.org/ko/element/
atomic_model,원소 기호 타이핑 버블 게임 (스코어 보드 접수 집계),,https://javalab.org/ko/element/
atomic_model,● 한국어,,https://javalab.org/ko/category/atoms/atomic_model/
radioactivity,마켓,,https://javalab.org/ko/category/market/
radioactivity,측정측정 일반데이터 과학 (CSV 파일)Javalab MBL상대성 이론,,https://javalab.org/ko/category/measure/
radioactivity,측정 일반,,https://javalab.org/ko/category/measure/measurement/
radioactivity,데이터 과학 (CSV 파일),,https://javalab.org/ko/category/measure/data_science/
radioactivity,Javalab MBL,,https://javalab.org/ko/category/measure/mbl/
radioactivity,상대성 이론,,https://javalab.org/ko/category/measure/relativity-ko/
radioactivity,전기와 자기정전기옴의 법칙전기 회로교류와 RLC회로반도체자기전자기전자기파,,https://javalab.org/ko/category/electricity/
radioactivity,정전기,,https://javalab.org/ko/category/electricity/static_electricity/
radioactivity,옴의 법칙,,https://javalab.org/ko/category/electricity/ohms_law/
radioactivity,전기 회로,,https://javalab.org/ko/category/electricity/electric_circuit/
radioactivity,교류와 RLC회로,,https://javalab.org/ko/category/electricity/ac_rlc/
radioactivity,반도체,,https://javalab.org/ko/category/electricity/semiconductor/
radioactivity,자기,,https://javalab.org/ko/category/electricity/magnetism/
radioactivity,전자기,,https://javalab.org/ko/category/electricity/electromagnetism/
radioactivity,전자기파,,https://javalab.org/ko/category/electricity/electromagntic_wave/
radioactivity,힘과 운동힘관성여러가지 운동충돌진동,,https://javalab.org/ko/category/mechanics/
radioactivity,힘,,https://javalab.org/ko/category/mechanics/force/
radioactivity,관성,,https://javalab.org/ko/category/mechanics/inertia/
radioactivity,여러가지 운동,,https://javalab.org/ko/category/mechanics/movements/
radioactivity,충돌,,https://javalab.org/ko/category/mechanics/collision/
radioactivity,진동,,https://javalab.org/ko/category/mechanics/oscillation/
radioactivity,일과 에너지일의 원리에너지의 변환,,https://javalab.org/ko/category/energy/
radioactivity,일의 원리,,https://javalab.org/ko/category/energy/principle_of_work/
radioactivity,에너지의 변환,,https://javalab.org/ko/category/energy/energy_conversion/
radioactivity,빛과 파동반사굴절색파동파동의 간섭정상파,,https://javalab.org/ko/category/light_wave/
radioactivity,반사,,https://javalab.org/ko/category/light_wave/reflection/
radioactivity,굴절,,https://javalab.org/ko/category/light_wave/refraction/
radioactivity,색,,https://javalab.org/ko/category/light_wave/color/
radioactivity,파동,,https://javalab.org/ko/category/light_wave/wave/
radioactivity,파동의 간섭,,https://javalab.org/ko/category/light_wave/interference/
radioactivity,정상파,,https://javalab.org/ko/category/light_wave/standing_wave/
radioactivity,원자원자 모형원자와 빛방사능,,https://javalab.org/ko/category/atoms/
radioactivity,원자 모형,,https://javalab.org/ko/category/atoms/atomic_model/
radioactivity,원자와 빛,,https://javalab.org/ko/category/atoms/atom_light/
radioactivity,방사능,,https://javalab.org/ko/category/atoms/radioactivity/
radioactivity,"화학기체, 액체, 고체열분자 운동용액화학 반응화학 결합전기 화학",,https://javalab.org/ko/category/chemistry/
radioactivity,"기체, 액체, 고체",,https://javalab.org/ko/category/chemistry/gas/
radioactivity,열,,https://javalab.org/ko/category/chemistry/heat/
radioactivity,분자 운동,,https://javalab.org/ko/category/chemistry/molecules_in_motion/
radioactivity,용액,,https://javalab.org/ko/category/chemistry/solution/
radioactivity,화학 반응,,https://javalab.org/ko/category/chemistry/chemical_reaction/
radioactivity,화학 결합,,https://javalab.org/ko/category/chemistry/chemical_bonds/
radioactivity,전기 화학,,https://javalab.org/ko/category/chemistry/electrochemistry/
radioactivity,지구대기지질,,https://javalab.org/ko/category/earth/
radioactivity,대기,,https://javalab.org/ko/category/earth/atmosphere/
radioactivity,지질,,https://javalab.org/ko/category/earth/geology/
radioactivity,천문천체 관측지구달태양태양계별과 은하,,https://javalab.org/ko/category/astronomy/
radioactivity,천체 관측,,https://javalab.org/ko/category/astronomy/celestial_observation/
radioactivity,지구,,https://javalab.org/ko/category/astronomy/planet_earth/
radioactivity,달,,https://javalab.org/ko/category/astronomy/moon/
radioactivity,태양,,https://javalab.org/ko/category/astronomy/sun/
radioactivity,태양계,,https://javalab.org/ko/category/astronomy/solar_system/
radioactivity,별과 은하,,https://javalab.org/ko/category/astronomy/star/
radioactivity,생명,,https://javalab.org/ko/category/biology/
radioactivity,수학수학수학 그래픽스프랙털혼돈 이론,,https://javalab.org/ko/category/math/
radioactivity,수학,,https://javalab.org/ko/category/math/mathematics/
radioactivity,수학 그래픽스,,https://javalab.org/ko/category/math/math_graphics/
radioactivity,프랙털,,https://javalab.org/ko/category/math/fractal/
radioactivity,혼돈 이론,,https://javalab.org/ko/category/math/chaos/
radioactivity,테크인공지능마이크로비트3D 프린팅블록 코딩퍼즐아두이노 무작정 따라하기브레드보드 기초 전자회로브레드보드 메이커 교실,,https://javalab.org/ko/category/tech/
radioactivity,인공지능,,https://javalab.org/ko/category/tech/ai/
radioactivity,마이크로비트,,https://javalab.org/ko/category/tech/microbit/
radioactivity,3D 프린팅,,https://javalab.org/ko/category/tech/3d_printing/
radioactivity,블록 코딩,,https://javalab.org/ko/category/tech/block_coding/
radioactivity,퍼즐,,https://javalab.org/ko/category/tech/puzzle/
radioactivity,아두이노 무작정 따라하기,,https://javalab.org/ko/category/tech/arduino/
radioactivity,브레드보드 기초 전자회로,,https://javalab.org/ko/category/tech/breadboard_1/
radioactivity,브레드보드 메이커 교실,,https://javalab.org/ko/category/tech/breadboard_maker/
radioactivity,기타증강현실 (웹캠이용)3D (VR 이용)출판물강의 자료인용사례,,https://javalab.org/ko/category/ar/
radioactivity,증강현실 (웹캠이용),,https://javalab.org/ko/category/ar/
radioactivity,3D (VR 이용),,https://javalab.org/ko/category/3d_vr/
radioactivity,출판물,,https://javalab.org/ko/category/books/
radioactivity,강의 자료,,https://javalab.org/ko/category/resources/
radioactivity,● 한국어,,https://javalab.org/ko/category/atoms/radioactivity/
radioactivity,핵분열 연쇄 반응,,https://javalab.org/ko/nuclear_chain_reaction/
radioactivity,핵분열 연쇄 반응,,https://javalab.org/ko/nuclear_chain_reaction/
radioactivity,● 한국어,,https://javalab.org/ko/category/atoms/radioactivity/
biology,마켓,,https://javalab.org/ko/category/market/
biology,측정측정 일반데이터 과학 (CSV 파일)Javalab MBL상대성 이론,,https://javalab.org/ko/category/measure/
biology,측정 일반,,https://javalab.org/ko/category/measure/measurement/
biology,데이터 과학 (CSV 파일),,https://javalab.org/ko/category/measure/data_science/
biology,Javalab MBL,,https://javalab.org/ko/category/measure/mbl/
biology,상대성 이론,,https://javalab.org/ko/category/measure/relativity-ko/
biology,전기와 자기정전기옴의 법칙전기 회로교류와 RLC회로반도체자기전자기전자기파,,https://javalab.org/ko/category/electricity/
biology,정전기,,https://javalab.org/ko/category/electricity/static_electricity/
biology,옴의 법칙,,https://javalab.org/ko/category/electricity/ohms_law/
biology,전기 회로,,https://javalab.org/ko/category/electricity/electric_circuit/
biology,교류와 RLC회로,,https://javalab.org/ko/category/electricity/ac_rlc/
biology,반도체,,https://javalab.org/ko/category/electricity/semiconductor/
biology,자기,,https://javalab.org/ko/category/electricity/magnetism/
biology,전자기,,https://javalab.org/ko/category/electricity/electromagnetism/
biology,전자기파,,https://javalab.org/ko/category/electricity/electromagntic_wave/
biology,힘과 운동힘관성여러가지 운동충돌진동,,https://javalab.org/ko/category/mechanics/
biology,힘,,https://javalab.org/ko/category/mechanics/force/
biology,관성,,https://javalab.org/ko/category/mechanics/inertia/
biology,여러가지 운동,,https://javalab.org/ko/category/mechanics/movements/
biology,충돌,,https://javalab.org/ko/category/mechanics/collision/
biology,진동,,https://javalab.org/ko/category/mechanics/oscillation/
biology,일과 에너지일의 원리에너지의 변환,,https://javalab.org/ko/category/energy/
biology,일의 원리,,https://javalab.org/ko/category/energy/principle_of_work/
biology,에너지의 변환,,https://javalab.org/ko/category/energy/energy_conversion/
biology,빛과 파동반사굴절색파동파동의 간섭정상파,,https://javalab.org/ko/category/light_wave/
biology,반사,,https://javalab.org/ko/category/light_wave/reflection/
biology,굴절,,https://javalab.org/ko/category/light_wave/refraction/
biology,색,,https://javalab.org/ko/category/light_wave/color/
biology,파동,,https://javalab.org/ko/category/light_wave/wave/
biology,파동의 간섭,,https://javalab.org/ko/category/light_wave/interference/
biology,정상파,,https://javalab.org/ko/category/light_wave/standing_wave/
biology,원자원자 모형원자와 빛방사능,,https://javalab.org/ko/category/atoms/
biology,원자 모형,,https://javalab.org/ko/category/atoms/atomic_model/
biology,원자와 빛,,https://javalab.org/ko/category/atoms/atom_light/
biology,방사능,,https://javalab.org/ko/category/atoms/radioactivity/
biology,"화학기체, 액체, 고체열분자 운동용액화학 반응화학 결합전기 화학",,https://javalab.org/ko/category/chemistry/
biology,"기체, 액체, 고체",,https://javalab.org/ko/category/chemistry/gas/
biology,열,,https://javalab.org/ko/category/chemistry/heat/
biology,분자 운동,,https://javalab.org/ko/category/chemistry/molecules_in_motion/
biology,용액,,https://javalab.org/ko/category/chemistry/solution/
biology,화학 반응,,https://javalab.org/ko/category/chemistry/chemical_reaction/
biology,화학 결합,,https://javalab.org/ko/category/chemistry/chemical_bonds/
biology,전기 화학,,https://javalab.org/ko/category/chemistry/electrochemistry/
biology,지구대기지질,,https://javalab.org/ko/category/earth/
biology,대기,,https://javalab.org/ko/category/earth/atmosphere/
biology,지질,,https://javalab.org/ko/category/earth/geology/
biology,천문천체 관측지구달태양태양계별과 은하,,https://javalab.org/ko/category/astronomy/
biology,천체 관측,,https://javalab.org/ko/category/astronomy/celestial_observation/
biology,지구,,https://javalab.org/ko/category/astronomy/planet_earth/
biology,달,,https://javalab.org/ko/category/astronomy/moon/
biology,태양,,https://javalab.org/ko/category/astronomy/sun/
biology,태양계,,https://javalab.org/ko/category/astronomy/solar_system/
biology,별과 은하,,https://javalab.org/ko/category/astronomy/star/
biology,생명,,https://javalab.org/ko/category/biology/
biology,수학수학수학 그래픽스프랙털혼돈 이론,,https://javalab.org/ko/category/math/
biology,수학,,https://javalab.org/ko/category/math/mathematics/
biology,수학 그래픽스,,https://javalab.org/ko/category/math/math_graphics/
biology,프랙털,,https://javalab.org/ko/category/math/fractal/
biology,혼돈 이론,,https://javalab.org/ko/category/math/chaos/
biology,테크인공지능마이크로비트3D 프린팅블록 코딩퍼즐아두이노 무작정 따라하기브레드보드 기초 전자회로브레드보드 메이커 교실,,https://javalab.org/ko/category/tech/
biology,인공지능,,https://javalab.org/ko/category/tech/ai/
biology,마이크로비트,,https://javalab.org/ko/category/tech/microbit/
biology,3D 프린팅,,https://javalab.org/ko/category/tech/3d_printing/
biology,블록 코딩,,https://javalab.org/ko/category/tech/block_coding/
biology,퍼즐,,https://javalab.org/ko/category/tech/puzzle/
biology,아두이노 무작정 따라하기,,https://javalab.org/ko/category/tech/arduino/
biology,브레드보드 기초 전자회로,,https://javalab.org/ko/category/tech/breadboard_1/
biology,브레드보드 메이커 교실,,https://javalab.org/ko/category/tech/breadboard_maker/
biology,기타증강현실 (웹캠이용)3D (VR 이용)출판물강의 자료인용사례,,https://javalab.org/ko/category/ar/
biology,증강현실 (웹캠이용),,https://javalab.org/ko/category/ar/
biology,3D (VR 이용),,https://javalab.org/ko/category/3d_vr/
biology,출판물,,https://javalab.org/ko/category/books/
biology,강의 자료,,https://javalab.org/ko/category/resources/
biology,● 한국어,,https://javalab.org/ko/category/biology/
biology,허파 모형과 호흡운동,,https://javalab.org/ko/breathing/
biology,허파 모형과 호흡운동,,https://javalab.org/ko/breathing/
biology,● 한국어,,https://javalab.org/ko/category/biology/
books,마켓,,https://javalab.org/ko/category/market/
books,측정측정 일반데이터 과학 (CSV 파일)Javalab MBL상대성 이론,,https://javalab.org/ko/category/measure/
books,측정 일반,,https://javalab.org/ko/category/measure/measurement/
books,데이터 과학 (CSV 파일),,https://javalab.org/ko/category/measure/data_science/
books,Javalab MBL,,https://javalab.org/ko/category/measure/mbl/
books,상대성 이론,,https://javalab.org/ko/category/measure/relativity-ko/
books,전기와 자기정전기옴의 법칙전기 회로교류와 RLC회로반도체자기전자기전자기파,,https://javalab.org/ko/category/electricity/
books,정전기,,https://javalab.org/ko/category/electricity/static_electricity/
books,옴의 법칙,,https://javalab.org/ko/category/electricity/ohms_law/
books,전기 회로,,https://javalab.org/ko/category/electricity/electric_circuit/
books,교류와 RLC회로,,https://javalab.org/ko/category/electricity/ac_rlc/
books,반도체,,https://javalab.org/ko/category/electricity/semiconductor/
books,자기,,https://javalab.org/ko/category/electricity/magnetism/
books,전자기,,https://javalab.org/ko/category/electricity/electromagnetism/
books,전자기파,,https://javalab.org/ko/category/electricity/electromagntic_wave/
books,힘과 운동힘관성여러가지 운동충돌진동,,https://javalab.org/ko/category/mechanics/
books,힘,,https://javalab.org/ko/category/mechanics/force/
books,관성,,https://javalab.org/ko/category/mechanics/inertia/
books,여러가지 운동,,https://javalab.org/ko/category/mechanics/movements/
books,충돌,,https://javalab.org/ko/category/mechanics/collision/
books,진동,,https://javalab.org/ko/category/mechanics/oscillation/
books,일과 에너지일의 원리에너지의 변환,,https://javalab.org/ko/category/energy/
books,일의 원리,,https://javalab.org/ko/category/energy/principle_of_work/
books,에너지의 변환,,https://javalab.org/ko/category/energy/energy_conversion/
books,빛과 파동반사굴절색파동파동의 간섭정상파,,https://javalab.org/ko/category/light_wave/
books,반사,,https://javalab.org/ko/category/light_wave/reflection/
books,굴절,,https://javalab.org/ko/category/light_wave/refraction/
books,색,,https://javalab.org/ko/category/light_wave/color/
books,파동,,https://javalab.org/ko/category/light_wave/wave/
books,파동의 간섭,,https://javalab.org/ko/category/light_wave/interference/
books,정상파,,https://javalab.org/ko/category/light_wave/standing_wave/
books,원자원자 모형원자와 빛방사능,,https://javalab.org/ko/category/atoms/
books,원자 모형,,https://javalab.org/ko/category/atoms/atomic_model/
books,원자와 빛,,https://javalab.org/ko/category/atoms/atom_light/
books,방사능,,https://javalab.org/ko/category/atoms/radioactivity/
books,"화학기체, 액체, 고체열분자 운동용액화학 반응화학 결합전기 화학",,https://javalab.org/ko/category/chemistry/
books,"기체, 액체, 고체",,https://javalab.org/ko/category/chemistry/gas/
books,열,,https://javalab.org/ko/category/chemistry/heat/
books,분자 운동,,https://javalab.org/ko/category/chemistry/molecules_in_motion/
books,용액,,https://javalab.org/ko/category/chemistry/solution/
books,화학 반응,,https://javalab.org/ko/category/chemistry/chemical_reaction/
books,화학 결합,,https://javalab.org/ko/category/chemistry/chemical_bonds/
books,전기 화학,,https://javalab.org/ko/category/chemistry/electrochemistry/
books,지구대기지질,,https://javalab.org/ko/category/earth/
books,대기,,https://javalab.org/ko/category/earth/atmosphere/
books,지질,,https://javalab.org/ko/category/earth/geology/
books,천문천체 관측지구달태양태양계별과 은하,,https://javalab.org/ko/category/astronomy/
books,천체 관측,,https://javalab.org/ko/category/astronomy/celestial_observation/
books,지구,,https://javalab.org/ko/category/astronomy/planet_earth/
books,달,,https://javalab.org/ko/category/astronomy/moon/
books,태양,,https://javalab.org/ko/category/astronomy/sun/
books,태양계,,https://javalab.org/ko/category/astronomy/solar_system/
books,별과 은하,,https://javalab.org/ko/category/astronomy/star/
books,생명,,https://javalab.org/ko/category/biology/
books,수학수학수학 그래픽스프랙털혼돈 이론,,https://javalab.org/ko/category/math/
books,수학,,https://javalab.org/ko/category/math/mathematics/
books,수학 그래픽스,,https://javalab.org/ko/category/math/math_graphics/
books,프랙털,,https://javalab.org/ko/category/math/fractal/
books,혼돈 이론,,https://javalab.org/ko/category/math/chaos/
books,테크인공지능마이크로비트3D 프린팅블록 코딩퍼즐아두이노 무작정 따라하기브레드보드 기초 전자회로브레드보드 메이커 교실,,https://javalab.org/ko/category/tech/
books,인공지능,,https://javalab.org/ko/category/tech/ai/
books,마이크로비트,,https://javalab.org/ko/category/tech/microbit/
books,3D 프린팅,,https://javalab.org/ko/category/tech/3d_printing/
books,블록 코딩,,https://javalab.org/ko/category/tech/block_coding/
books,퍼즐,,https://javalab.org/ko/category/tech/puzzle/
books,아두이노 무작정 따라하기,,https://javalab.org/ko/category/tech/arduino/
books,브레드보드 기초 전자회로,,https://javalab.org/ko/category/tech/breadboard_1/
books,브레드보드 메이커 교실,,https://javalab.org/ko/category/tech/breadboard_maker/
books,기타증강현실 (웹캠이용)3D (VR 이용)출판물강의 자료인용사례,,https://javalab.org/ko/category/ar/
books,증강현실 (웹캠이용),,https://javalab.org/ko/category/ar/
books,3D (VR 이용),,https://javalab.org/ko/category/3d_vr/
books,출판물,,https://javalab.org/ko/category/books/
books,강의 자료,,https://javalab.org/ko/category/resources/
books,● 한국어,,https://javalab.org/ko/category/books/
books,책 소개 : 하이테크 교실 수업 – 챗GPT 시대 인공지능 디지털 소양을 키우는,,https://javalab.org/ko/hitech_classroom/
books,책 소개 : 하이테크 교실 수업 – 챗GPT 시대 인공지능 디지털 소양을 키우는,,https://javalab.org/ko/hitech_classroom/
books,● 한국어,,https://javalab.org/ko/category/books/
chemistry,마켓,,https://javalab.org/ko/category/market/
chemistry,측정측정 일반데이터 과학 (CSV 파일)Javalab MBL상대성 이론,,https://javalab.org/ko/category/measure/
chemistry,측정 일반,,https://javalab.org/ko/category/measure/measurement/
chemistry,데이터 과학 (CSV 파일),,https://javalab.org/ko/category/measure/data_science/
chemistry,Javalab MBL,,https://javalab.org/ko/category/measure/mbl/
chemistry,상대성 이론,,https://javalab.org/ko/category/measure/relativity-ko/
chemistry,전기와 자기정전기옴의 법칙전기 회로교류와 RLC회로반도체자기전자기전자기파,,https://javalab.org/ko/category/electricity/
chemistry,정전기,,https://javalab.org/ko/category/electricity/static_electricity/
chemistry,옴의 법칙,,https://javalab.org/ko/category/electricity/ohms_law/
chemistry,전기 회로,,https://javalab.org/ko/category/electricity/electric_circuit/
chemistry,교류와 RLC회로,,https://javalab.org/ko/category/electricity/ac_rlc/
chemistry,반도체,,https://javalab.org/ko/category/electricity/semiconductor/
chemistry,자기,,https://javalab.org/ko/category/electricity/magnetism/
chemistry,전자기,,https://javalab.org/ko/category/electricity/electromagnetism/
chemistry,전자기파,,https://javalab.org/ko/category/electricity/electromagntic_wave/
chemistry,힘과 운동힘관성여러가지 운동충돌진동,,https://javalab.org/ko/category/mechanics/
chemistry,힘,,https://javalab.org/ko/category/mechanics/force/
chemistry,관성,,https://javalab.org/ko/category/mechanics/inertia/
chemistry,여러가지 운동,,https://javalab.org/ko/category/mechanics/movements/
chemistry,충돌,,https://javalab.org/ko/category/mechanics/collision/
chemistry,진동,,https://javalab.org/ko/category/mechanics/oscillation/
chemistry,일과 에너지일의 원리에너지의 변환,,https://javalab.org/ko/category/energy/
chemistry,일의 원리,,https://javalab.org/ko/category/energy/principle_of_work/
chemistry,에너지의 변환,,https://javalab.org/ko/category/energy/energy_conversion/
chemistry,빛과 파동반사굴절색파동파동의 간섭정상파,,https://javalab.org/ko/category/light_wave/
chemistry,반사,,https://javalab.org/ko/category/light_wave/reflection/
chemistry,굴절,,https://javalab.org/ko/category/light_wave/refraction/
chemistry,색,,https://javalab.org/ko/category/light_wave/color/
chemistry,파동,,https://javalab.org/ko/category/light_wave/wave/
chemistry,파동의 간섭,,https://javalab.org/ko/category/light_wave/interference/
chemistry,정상파,,https://javalab.org/ko/category/light_wave/standing_wave/
chemistry,원자원자 모형원자와 빛방사능,,https://javalab.org/ko/category/atoms/
chemistry,원자 모형,,https://javalab.org/ko/category/atoms/atomic_model/
chemistry,원자와 빛,,https://javalab.org/ko/category/atoms/atom_light/
chemistry,방사능,,https://javalab.org/ko/category/atoms/radioactivity/
chemistry,"화학기체, 액체, 고체열분자 운동용액화학 반응화학 결합전기 화학",,https://javalab.org/ko/category/chemistry/
chemistry,"기체, 액체, 고체",,https://javalab.org/ko/category/chemistry/gas/
chemistry,열,,https://javalab.org/ko/category/chemistry/heat/
chemistry,분자 운동,,https://javalab.org/ko/category/chemistry/molecules_in_motion/
chemistry,용액,,https://javalab.org/ko/category/chemistry/solution/
chemistry,화학 반응,,https://javalab.org/ko/category/chemistry/chemical_reaction/
chemistry,화학 결합,,https://javalab.org/ko/category/chemistry/chemical_bonds/
chemistry,전기 화학,,https://javalab.org/ko/category/chemistry/electrochemistry/
chemistry,지구대기지질,,https://javalab.org/ko/category/earth/
chemistry,대기,,https://javalab.org/ko/category/earth/atmosphere/
chemistry,지질,,https://javalab.org/ko/category/earth/geology/
chemistry,천문천체 관측지구달태양태양계별과 은하,,https://javalab.org/ko/category/astronomy/
chemistry,천체 관측,,https://javalab.org/ko/category/astronomy/celestial_observation/
chemistry,지구,,https://javalab.org/ko/category/astronomy/planet_earth/
chemistry,달,,https://javalab.org/ko/category/astronomy/moon/
chemistry,태양,,https://javalab.org/ko/category/astronomy/sun/
chemistry,태양계,,https://javalab.org/ko/category/astronomy/solar_system/
chemistry,별과 은하,,https://javalab.org/ko/category/astronomy/star/
chemistry,생명,,https://javalab.org/ko/category/biology/
chemistry,수학수학수학 그래픽스프랙털혼돈 이론,,https://javalab.org/ko/category/math/
chemistry,수학,,https://javalab.org/ko/category/math/mathematics/
chemistry,수학 그래픽스,,https://javalab.org/ko/category/math/math_graphics/
chemistry,프랙털,,https://javalab.org/ko/category/math/fractal/
chemistry,혼돈 이론,,https://javalab.org/ko/category/math/chaos/
chemistry,테크인공지능마이크로비트3D 프린팅블록 코딩퍼즐아두이노 무작정 따라하기브레드보드 기초 전자회로브레드보드 메이커 교실,,https://javalab.org/ko/category/tech/
chemistry,인공지능,,https://javalab.org/ko/category/tech/ai/
chemistry,마이크로비트,,https://javalab.org/ko/category/tech/microbit/
chemistry,3D 프린팅,,https://javalab.org/ko/category/tech/3d_printing/
chemistry,블록 코딩,,https://javalab.org/ko/category/tech/block_coding/
chemistry,퍼즐,,https://javalab.org/ko/category/tech/puzzle/
chemistry,아두이노 무작정 따라하기,,https://javalab.org/ko/category/tech/arduino/
chemistry,브레드보드 기초 전자회로,,https://javalab.org/ko/category/tech/breadboard_1/
chemistry,브레드보드 메이커 교실,,https://javalab.org/ko/category/tech/breadboard_maker/
chemistry,기타증강현실 (웹캠이용)3D (VR 이용)출판물강의 자료인용사례,,https://javalab.org/ko/category/ar/
chemistry,증강현실 (웹캠이용),,https://javalab.org/ko/category/ar/
chemistry,3D (VR 이용),,https://javalab.org/ko/category/3d_vr/
chemistry,출판물,,https://javalab.org/ko/category/books/
chemistry,강의 자료,,https://javalab.org/ko/category/resources/
chemistry,● 한국어,,https://javalab.org/ko/category/chemistry/
chemistry,원소 기호 타이핑 버블 게임 (스코어 보드 접수 집계),,https://javalab.org/ko/element/
chemistry,원소 기호 타이핑 버블 게임 (스코어 보드 접수 집계),,https://javalab.org/ko/element/
chemistry,● 한국어,,https://javalab.org/ko/category/chemistry/
chemical_bonds,마켓,,https://javalab.org/ko/category/market/
chemical_bonds,측정측정 일반데이터 과학 (CSV 파일)Javalab MBL상대성 이론,,https://javalab.org/ko/category/measure/
chemical_bonds,측정 일반,,https://javalab.org/ko/category/measure/measurement/
chemical_bonds,데이터 과학 (CSV 파일),,https://javalab.org/ko/category/measure/data_science/
chemical_bonds,Javalab MBL,,https://javalab.org/ko/category/measure/mbl/
chemical_bonds,상대성 이론,,https://javalab.org/ko/category/measure/relativity-ko/
chemical_bonds,전기와 자기정전기옴의 법칙전기 회로교류와 RLC회로반도체자기전자기전자기파,,https://javalab.org/ko/category/electricity/
chemical_bonds,정전기,,https://javalab.org/ko/category/electricity/static_electricity/
chemical_bonds,옴의 법칙,,https://javalab.org/ko/category/electricity/ohms_law/
chemical_bonds,전기 회로,,https://javalab.org/ko/category/electricity/electric_circuit/
chemical_bonds,교류와 RLC회로,,https://javalab.org/ko/category/electricity/ac_rlc/
chemical_bonds,반도체,,https://javalab.org/ko/category/electricity/semiconductor/
chemical_bonds,자기,,https://javalab.org/ko/category/electricity/magnetism/
chemical_bonds,전자기,,https://javalab.org/ko/category/electricity/electromagnetism/
chemical_bonds,전자기파,,https://javalab.org/ko/category/electricity/electromagntic_wave/
chemical_bonds,힘과 운동힘관성여러가지 운동충돌진동,,https://javalab.org/ko/category/mechanics/
chemical_bonds,힘,,https://javalab.org/ko/category/mechanics/force/
chemical_bonds,관성,,https://javalab.org/ko/category/mechanics/inertia/
chemical_bonds,여러가지 운동,,https://javalab.org/ko/category/mechanics/movements/
chemical_bonds,충돌,,https://javalab.org/ko/category/mechanics/collision/
chemical_bonds,진동,,https://javalab.org/ko/category/mechanics/oscillation/
chemical_bonds,일과 에너지일의 원리에너지의 변환,,https://javalab.org/ko/category/energy/
chemical_bonds,일의 원리,,https://javalab.org/ko/category/energy/principle_of_work/
chemical_bonds,에너지의 변환,,https://javalab.org/ko/category/energy/energy_conversion/
chemical_bonds,빛과 파동반사굴절색파동파동의 간섭정상파,,https://javalab.org/ko/category/light_wave/
chemical_bonds,반사,,https://javalab.org/ko/category/light_wave/reflection/
chemical_bonds,굴절,,https://javalab.org/ko/category/light_wave/refraction/
chemical_bonds,색,,https://javalab.org/ko/category/light_wave/color/
chemical_bonds,파동,,https://javalab.org/ko/category/light_wave/wave/
chemical_bonds,파동의 간섭,,https://javalab.org/ko/category/light_wave/interference/
chemical_bonds,정상파,,https://javalab.org/ko/category/light_wave/standing_wave/
chemical_bonds,원자원자 모형원자와 빛방사능,,https://javalab.org/ko/category/atoms/
chemical_bonds,원자 모형,,https://javalab.org/ko/category/atoms/atomic_model/
chemical_bonds,원자와 빛,,https://javalab.org/ko/category/atoms/atom_light/
chemical_bonds,방사능,,https://javalab.org/ko/category/atoms/radioactivity/
chemical_bonds,"화학기체, 액체, 고체열분자 운동용액화학 반응화학 결합전기 화학",,https://javalab.org/ko/category/chemistry/
chemical_bonds,"기체, 액체, 고체",,https://javalab.org/ko/category/chemistry/gas/
chemical_bonds,열,,https://javalab.org/ko/category/chemistry/heat/
chemical_bonds,분자 운동,,https://javalab.org/ko/category/chemistry/molecules_in_motion/
chemical_bonds,용액,,https://javalab.org/ko/category/chemistry/solution/
chemical_bonds,화학 반응,,https://javalab.org/ko/category/chemistry/chemical_reaction/
chemical_bonds,화학 결합,,https://javalab.org/ko/category/chemistry/chemical_bonds/
chemical_bonds,전기 화학,,https://javalab.org/ko/category/chemistry/electrochemistry/
chemical_bonds,지구대기지질,,https://javalab.org/ko/category/earth/
chemical_bonds,대기,,https://javalab.org/ko/category/earth/atmosphere/
chemical_bonds,지질,,https://javalab.org/ko/category/earth/geology/
chemical_bonds,천문천체 관측지구달태양태양계별과 은하,,https://javalab.org/ko/category/astronomy/
chemical_bonds,천체 관측,,https://javalab.org/ko/category/astronomy/celestial_observation/
chemical_bonds,지구,,https://javalab.org/ko/category/astronomy/planet_earth/
chemical_bonds,달,,https://javalab.org/ko/category/astronomy/moon/
chemical_bonds,태양,,https://javalab.org/ko/category/astronomy/sun/
chemical_bonds,태양계,,https://javalab.org/ko/category/astronomy/solar_system/
chemical_bonds,별과 은하,,https://javalab.org/ko/category/astronomy/star/
chemical_bonds,생명,,https://javalab.org/ko/category/biology/
chemical_bonds,수학수학수학 그래픽스프랙털혼돈 이론,,https://javalab.org/ko/category/math/
chemical_bonds,수학,,https://javalab.org/ko/category/math/mathematics/
chemical_bonds,수학 그래픽스,,https://javalab.org/ko/category/math/math_graphics/
chemical_bonds,프랙털,,https://javalab.org/ko/category/math/fractal/
chemical_bonds,혼돈 이론,,https://javalab.org/ko/category/math/chaos/
chemical_bonds,테크인공지능마이크로비트3D 프린팅블록 코딩퍼즐아두이노 무작정 따라하기브레드보드 기초 전자회로브레드보드 메이커 교실,,https://javalab.org/ko/category/tech/
chemical_bonds,인공지능,,https://javalab.org/ko/category/tech/ai/
chemical_bonds,마이크로비트,,https://javalab.org/ko/category/tech/microbit/
chemical_bonds,3D 프린팅,,https://javalab.org/ko/category/tech/3d_printing/
chemical_bonds,블록 코딩,,https://javalab.org/ko/category/tech/block_coding/
chemical_bonds,퍼즐,,https://javalab.org/ko/category/tech/puzzle/
chemical_bonds,아두이노 무작정 따라하기,,https://javalab.org/ko/category/tech/arduino/
chemical_bonds,브레드보드 기초 전자회로,,https://javalab.org/ko/category/tech/breadboard_1/
chemical_bonds,브레드보드 메이커 교실,,https://javalab.org/ko/category/tech/breadboard_maker/
chemical_bonds,기타증강현실 (웹캠이용)3D (VR 이용)출판물강의 자료인용사례,,https://javalab.org/ko/category/ar/
chemical_bonds,증강현실 (웹캠이용),,https://javalab.org/ko/category/ar/
chemical_bonds,3D (VR 이용),,https://javalab.org/ko/category/3d_vr/
chemical_bonds,출판물,,https://javalab.org/ko/category/books/
chemical_bonds,강의 자료,,https://javalab.org/ko/category/resources/
chemical_bonds,● 한국어,,https://javalab.org/ko/category/chemistry/chemical_bonds/
chemical_bonds,원소 기호 타이핑 버블 게임 (스코어 보드 접수 집계),,https://javalab.org/ko/element/
chemical_bonds,원소 기호 타이핑 버블 게임 (스코어 보드 접수 집계),,https://javalab.org/ko/element/
chemical_bonds,● 한국어,,https://javalab.org/ko/category/chemistry/chemical_bonds/
chemical_reaction,마켓,,https://javalab.org/ko/category/market/
chemical_reaction,측정측정 일반데이터 과학 (CSV 파일)Javalab MBL상대성 이론,,https://javalab.org/ko/category/measure/
chemical_reaction,측정 일반,,https://javalab.org/ko/category/measure/measurement/
chemical_reaction,데이터 과학 (CSV 파일),,https://javalab.org/ko/category/measure/data_science/
chemical_reaction,Javalab MBL,,https://javalab.org/ko/category/measure/mbl/
chemical_reaction,상대성 이론,,https://javalab.org/ko/category/measure/relativity-ko/
chemical_reaction,전기와 자기정전기옴의 법칙전기 회로교류와 RLC회로반도체자기전자기전자기파,,https://javalab.org/ko/category/electricity/
chemical_reaction,정전기,,https://javalab.org/ko/category/electricity/static_electricity/
chemical_reaction,옴의 법칙,,https://javalab.org/ko/category/electricity/ohms_law/
chemical_reaction,전기 회로,,https://javalab.org/ko/category/electricity/electric_circuit/
chemical_reaction,교류와 RLC회로,,https://javalab.org/ko/category/electricity/ac_rlc/
chemical_reaction,반도체,,https://javalab.org/ko/category/electricity/semiconductor/
chemical_reaction,자기,,https://javalab.org/ko/category/electricity/magnetism/
chemical_reaction,전자기,,https://javalab.org/ko/category/electricity/electromagnetism/
chemical_reaction,전자기파,,https://javalab.org/ko/category/electricity/electromagntic_wave/
chemical_reaction,힘과 운동힘관성여러가지 운동충돌진동,,https://javalab.org/ko/category/mechanics/
chemical_reaction,힘,,https://javalab.org/ko/category/mechanics/force/
chemical_reaction,관성,,https://javalab.org/ko/category/mechanics/inertia/
chemical_reaction,여러가지 운동,,https://javalab.org/ko/category/mechanics/movements/
chemical_reaction,충돌,,https://javalab.org/ko/category/mechanics/collision/
chemical_reaction,진동,,https://javalab.org/ko/category/mechanics/oscillation/
chemical_reaction,일과 에너지일의 원리에너지의 변환,,https://javalab.org/ko/category/energy/
chemical_reaction,일의 원리,,https://javalab.org/ko/category/energy/principle_of_work/
chemical_reaction,에너지의 변환,,https://javalab.org/ko/category/energy/energy_conversion/
chemical_reaction,빛과 파동반사굴절색파동파동의 간섭정상파,,https://javalab.org/ko/category/light_wave/
chemical_reaction,반사,,https://javalab.org/ko/category/light_wave/reflection/
chemical_reaction,굴절,,https://javalab.org/ko/category/light_wave/refraction/
chemical_reaction,색,,https://javalab.org/ko/category/light_wave/color/
chemical_reaction,파동,,https://javalab.org/ko/category/light_wave/wave/
chemical_reaction,파동의 간섭,,https://javalab.org/ko/category/light_wave/interference/
chemical_reaction,정상파,,https://javalab.org/ko/category/light_wave/standing_wave/
chemical_reaction,원자원자 모형원자와 빛방사능,,https://javalab.org/ko/category/atoms/
chemical_reaction,원자 모형,,https://javalab.org/ko/category/atoms/atomic_model/
chemical_reaction,원자와 빛,,https://javalab.org/ko/category/atoms/atom_light/
chemical_reaction,방사능,,https://javalab.org/ko/category/atoms/radioactivity/
chemical_reaction,"화학기체, 액체, 고체열분자 운동용액화학 반응화학 결합전기 화학",,https://javalab.org/ko/category/chemistry/
chemical_reaction,"기체, 액체, 고체",,https://javalab.org/ko/category/chemistry/gas/
chemical_reaction,열,,https://javalab.org/ko/category/chemistry/heat/
chemical_reaction,분자 운동,,https://javalab.org/ko/category/chemistry/molecules_in_motion/
chemical_reaction,용액,,https://javalab.org/ko/category/chemistry/solution/
chemical_reaction,화학 반응,,https://javalab.org/ko/category/chemistry/chemical_reaction/
chemical_reaction,화학 결합,,https://javalab.org/ko/category/chemistry/chemical_bonds/
chemical_reaction,전기 화학,,https://javalab.org/ko/category/chemistry/electrochemistry/
chemical_reaction,지구대기지질,,https://javalab.org/ko/category/earth/
chemical_reaction,대기,,https://javalab.org/ko/category/earth/atmosphere/
chemical_reaction,지질,,https://javalab.org/ko/category/earth/geology/
chemical_reaction,천문천체 관측지구달태양태양계별과 은하,,https://javalab.org/ko/category/astronomy/
chemical_reaction,천체 관측,,https://javalab.org/ko/category/astronomy/celestial_observation/
chemical_reaction,지구,,https://javalab.org/ko/category/astronomy/planet_earth/
chemical_reaction,달,,https://javalab.org/ko/category/astronomy/moon/
chemical_reaction,태양,,https://javalab.org/ko/category/astronomy/sun/
chemical_reaction,태양계,,https://javalab.org/ko/category/astronomy/solar_system/
chemical_reaction,별과 은하,,https://javalab.org/ko/category/astronomy/star/
chemical_reaction,생명,,https://javalab.org/ko/category/biology/
chemical_reaction,수학수학수학 그래픽스프랙털혼돈 이론,,https://javalab.org/ko/category/math/
chemical_reaction,수학,,https://javalab.org/ko/category/math/mathematics/
chemical_reaction,수학 그래픽스,,https://javalab.org/ko/category/math/math_graphics/
chemical_reaction,프랙털,,https://javalab.org/ko/category/math/fractal/
chemical_reaction,혼돈 이론,,https://javalab.org/ko/category/math/chaos/
chemical_reaction,테크인공지능마이크로비트3D 프린팅블록 코딩퍼즐아두이노 무작정 따라하기브레드보드 기초 전자회로브레드보드 메이커 교실,,https://javalab.org/ko/category/tech/
chemical_reaction,인공지능,,https://javalab.org/ko/category/tech/ai/
chemical_reaction,마이크로비트,,https://javalab.org/ko/category/tech/microbit/
chemical_reaction,3D 프린팅,,https://javalab.org/ko/category/tech/3d_printing/
chemical_reaction,블록 코딩,,https://javalab.org/ko/category/tech/block_coding/
chemical_reaction,퍼즐,,https://javalab.org/ko/category/tech/puzzle/
chemical_reaction,아두이노 무작정 따라하기,,https://javalab.org/ko/category/tech/arduino/
chemical_reaction,브레드보드 기초 전자회로,,https://javalab.org/ko/category/tech/breadboard_1/
chemical_reaction,브레드보드 메이커 교실,,https://javalab.org/ko/category/tech/breadboard_maker/
chemical_reaction,기타증강현실 (웹캠이용)3D (VR 이용)출판물강의 자료인용사례,,https://javalab.org/ko/category/ar/
chemical_reaction,증강현실 (웹캠이용),,https://javalab.org/ko/category/ar/
chemical_reaction,3D (VR 이용),,https://javalab.org/ko/category/3d_vr/
chemical_reaction,출판물,,https://javalab.org/ko/category/books/
chemical_reaction,강의 자료,,https://javalab.org/ko/category/resources/
chemical_reaction,● 한국어,,https://javalab.org/ko/category/chemistry/chemical_reaction/
chemical_reaction,원소 기호 타이핑 버블 게임 (스코어 보드 접수 집계),,https://javalab.org/ko/element/
chemical_reaction,원소 기호 타이핑 버블 게임 (스코어 보드 접수 집계),,https://javalab.org/ko/element/
chemical_reaction,● 한국어,,https://javalab.org/ko/category/chemistry/chemical_reaction/
electrochemistry,마켓,,https://javalab.org/ko/category/market/
electrochemistry,측정측정 일반데이터 과학 (CSV 파일)Javalab MBL상대성 이론,,https://javalab.org/ko/category/measure/
electrochemistry,측정 일반,,https://javalab.org/ko/category/measure/measurement/
electrochemistry,데이터 과학 (CSV 파일),,https://javalab.org/ko/category/measure/data_science/
electrochemistry,Javalab MBL,,https://javalab.org/ko/category/measure/mbl/
electrochemistry,상대성 이론,,https://javalab.org/ko/category/measure/relativity-ko/
electrochemistry,전기와 자기정전기옴의 법칙전기 회로교류와 RLC회로반도체자기전자기전자기파,,https://javalab.org/ko/category/electricity/
electrochemistry,정전기,,https://javalab.org/ko/category/electricity/static_electricity/
electrochemistry,옴의 법칙,,https://javalab.org/ko/category/electricity/ohms_law/
electrochemistry,전기 회로,,https://javalab.org/ko/category/electricity/electric_circuit/
electrochemistry,교류와 RLC회로,,https://javalab.org/ko/category/electricity/ac_rlc/
electrochemistry,반도체,,https://javalab.org/ko/category/electricity/semiconductor/
electrochemistry,자기,,https://javalab.org/ko/category/electricity/magnetism/
electrochemistry,전자기,,https://javalab.org/ko/category/electricity/electromagnetism/
electrochemistry,전자기파,,https://javalab.org/ko/category/electricity/electromagntic_wave/
electrochemistry,힘과 운동힘관성여러가지 운동충돌진동,,https://javalab.org/ko/category/mechanics/
electrochemistry,힘,,https://javalab.org/ko/category/mechanics/force/
electrochemistry,관성,,https://javalab.org/ko/category/mechanics/inertia/
electrochemistry,여러가지 운동,,https://javalab.org/ko/category/mechanics/movements/
electrochemistry,충돌,,https://javalab.org/ko/category/mechanics/collision/
electrochemistry,진동,,https://javalab.org/ko/category/mechanics/oscillation/
electrochemistry,일과 에너지일의 원리에너지의 변환,,https://javalab.org/ko/category/energy/
electrochemistry,일의 원리,,https://javalab.org/ko/category/energy/principle_of_work/
electrochemistry,에너지의 변환,,https://javalab.org/ko/category/energy/energy_conversion/
electrochemistry,빛과 파동반사굴절색파동파동의 간섭정상파,,https://javalab.org/ko/category/light_wave/
electrochemistry,반사,,https://javalab.org/ko/category/light_wave/reflection/
electrochemistry,굴절,,https://javalab.org/ko/category/light_wave/refraction/
electrochemistry,색,,https://javalab.org/ko/category/light_wave/color/
electrochemistry,파동,,https://javalab.org/ko/category/light_wave/wave/
electrochemistry,파동의 간섭,,https://javalab.org/ko/category/light_wave/interference/
electrochemistry,정상파,,https://javalab.org/ko/category/light_wave/standing_wave/
electrochemistry,원자원자 모형원자와 빛방사능,,https://javalab.org/ko/category/atoms/
electrochemistry,원자 모형,,https://javalab.org/ko/category/atoms/atomic_model/
electrochemistry,원자와 빛,,https://javalab.org/ko/category/atoms/atom_light/
electrochemistry,방사능,,https://javalab.org/ko/category/atoms/radioactivity/
electrochemistry,"화학기체, 액체, 고체열분자 운동용액화학 반응화학 결합전기 화학",,https://javalab.org/ko/category/chemistry/
electrochemistry,"기체, 액체, 고체",,https://javalab.org/ko/category/chemistry/gas/
electrochemistry,열,,https://javalab.org/ko/category/chemistry/heat/
electrochemistry,분자 운동,,https://javalab.org/ko/category/chemistry/molecules_in_motion/
electrochemistry,용액,,https://javalab.org/ko/category/chemistry/solution/
electrochemistry,화학 반응,,https://javalab.org/ko/category/chemistry/chemical_reaction/
electrochemistry,화학 결합,,https://javalab.org/ko/category/chemistry/chemical_bonds/
electrochemistry,전기 화학,,https://javalab.org/ko/category/chemistry/electrochemistry/
electrochemistry,지구대기지질,,https://javalab.org/ko/category/earth/
electrochemistry,대기,,https://javalab.org/ko/category/earth/atmosphere/
electrochemistry,지질,,https://javalab.org/ko/category/earth/geology/
electrochemistry,천문천체 관측지구달태양태양계별과 은하,,https://javalab.org/ko/category/astronomy/
electrochemistry,천체 관측,,https://javalab.org/ko/category/astronomy/celestial_observation/
electrochemistry,지구,,https://javalab.org/ko/category/astronomy/planet_earth/
electrochemistry,달,,https://javalab.org/ko/category/astronomy/moon/
electrochemistry,태양,,https://javalab.org/ko/category/astronomy/sun/
electrochemistry,태양계,,https://javalab.org/ko/category/astronomy/solar_system/
electrochemistry,별과 은하,,https://javalab.org/ko/category/astronomy/star/
electrochemistry,생명,,https://javalab.org/ko/category/biology/
electrochemistry,수학수학수학 그래픽스프랙털혼돈 이론,,https://javalab.org/ko/category/math/
electrochemistry,수학,,https://javalab.org/ko/category/math/mathematics/
electrochemistry,수학 그래픽스,,https://javalab.org/ko/category/math/math_graphics/
electrochemistry,프랙털,,https://javalab.org/ko/category/math/fractal/
electrochemistry,혼돈 이론,,https://javalab.org/ko/category/math/chaos/
electrochemistry,테크인공지능마이크로비트3D 프린팅블록 코딩퍼즐아두이노 무작정 따라하기브레드보드 기초 전자회로브레드보드 메이커 교실,,https://javalab.org/ko/category/tech/
electrochemistry,인공지능,,https://javalab.org/ko/category/tech/ai/
electrochemistry,마이크로비트,,https://javalab.org/ko/category/tech/microbit/
electrochemistry,3D 프린팅,,https://javalab.org/ko/category/tech/3d_printing/
electrochemistry,블록 코딩,,https://javalab.org/ko/category/tech/block_coding/
electrochemistry,퍼즐,,https://javalab.org/ko/category/tech/puzzle/
electrochemistry,아두이노 무작정 따라하기,,https://javalab.org/ko/category/tech/arduino/
electrochemistry,브레드보드 기초 전자회로,,https://javalab.org/ko/category/tech/breadboard_1/
electrochemistry,브레드보드 메이커 교실,,https://javalab.org/ko/category/tech/breadboard_maker/
electrochemistry,기타증강현실 (웹캠이용)3D (VR 이용)출판물강의 자료인용사례,,https://javalab.org/ko/category/ar/
electrochemistry,증강현실 (웹캠이용),,https://javalab.org/ko/category/ar/
electrochemistry,3D (VR 이용),,https://javalab.org/ko/category/3d_vr/
electrochemistry,출판물,,https://javalab.org/ko/category/books/
electrochemistry,강의 자료,,https://javalab.org/ko/category/resources/
electrochemistry,● 한국어,,https://javalab.org/ko/category/chemistry/electrochemistry/
electrochemistry,원소 기호 타이핑 버블 게임 (스코어 보드 접수 집계),,https://javalab.org/ko/element/
electrochemistry,원소 기호 타이핑 버블 게임 (스코어 보드 접수 집계),,https://javalab.org/ko/element/
electrochemistry,● 한국어,,https://javalab.org/ko/category/chemistry/electrochemistry/
gas,마켓,,https://javalab.org/ko/category/market/
gas,측정측정 일반데이터 과학 (CSV 파일)Javalab MBL상대성 이론,,https://javalab.org/ko/category/measure/
gas,측정 일반,,https://javalab.org/ko/category/measure/measurement/
gas,데이터 과학 (CSV 파일),,https://javalab.org/ko/category/measure/data_science/
gas,Javalab MBL,,https://javalab.org/ko/category/measure/mbl/
gas,상대성 이론,,https://javalab.org/ko/category/measure/relativity-ko/
gas,전기와 자기정전기옴의 법칙전기 회로교류와 RLC회로반도체자기전자기전자기파,,https://javalab.org/ko/category/electricity/
gas,정전기,,https://javalab.org/ko/category/electricity/static_electricity/
gas,옴의 법칙,,https://javalab.org/ko/category/electricity/ohms_law/
gas,전기 회로,,https://javalab.org/ko/category/electricity/electric_circuit/
gas,교류와 RLC회로,,https://javalab.org/ko/category/electricity/ac_rlc/
gas,반도체,,https://javalab.org/ko/category/electricity/semiconductor/
gas,자기,,https://javalab.org/ko/category/electricity/magnetism/
gas,전자기,,https://javalab.org/ko/category/electricity/electromagnetism/
gas,전자기파,,https://javalab.org/ko/category/electricity/electromagntic_wave/
gas,힘과 운동힘관성여러가지 운동충돌진동,,https://javalab.org/ko/category/mechanics/
gas,힘,,https://javalab.org/ko/category/mechanics/force/
gas,관성,,https://javalab.org/ko/category/mechanics/inertia/
gas,여러가지 운동,,https://javalab.org/ko/category/mechanics/movements/
gas,충돌,,https://javalab.org/ko/category/mechanics/collision/
gas,진동,,https://javalab.org/ko/category/mechanics/oscillation/
gas,일과 에너지일의 원리에너지의 변환,,https://javalab.org/ko/category/energy/
gas,일의 원리,,https://javalab.org/ko/category/energy/principle_of_work/
gas,에너지의 변환,,https://javalab.org/ko/category/energy/energy_conversion/
gas,빛과 파동반사굴절색파동파동의 간섭정상파,,https://javalab.org/ko/category/light_wave/
gas,반사,,https://javalab.org/ko/category/light_wave/reflection/
gas,굴절,,https://javalab.org/ko/category/light_wave/refraction/
gas,색,,https://javalab.org/ko/category/light_wave/color/
gas,파동,,https://javalab.org/ko/category/light_wave/wave/
gas,파동의 간섭,,https://javalab.org/ko/category/light_wave/interference/
gas,정상파,,https://javalab.org/ko/category/light_wave/standing_wave/
gas,원자원자 모형원자와 빛방사능,,https://javalab.org/ko/category/atoms/
gas,원자 모형,,https://javalab.org/ko/category/atoms/atomic_model/
gas,원자와 빛,,https://javalab.org/ko/category/atoms/atom_light/
gas,방사능,,https://javalab.org/ko/category/atoms/radioactivity/
gas,"화학기체, 액체, 고체열분자 운동용액화학 반응화학 결합전기 화학",,https://javalab.org/ko/category/chemistry/
gas,"기체, 액체, 고체",,https://javalab.org/ko/category/chemistry/gas/
gas,열,,https://javalab.org/ko/category/chemistry/heat/
gas,분자 운동,,https://javalab.org/ko/category/chemistry/molecules_in_motion/
gas,용액,,https://javalab.org/ko/category/chemistry/solution/
gas,화학 반응,,https://javalab.org/ko/category/chemistry/chemical_reaction/
gas,화학 결합,,https://javalab.org/ko/category/chemistry/chemical_bonds/
gas,전기 화학,,https://javalab.org/ko/category/chemistry/electrochemistry/
gas,지구대기지질,,https://javalab.org/ko/category/earth/
gas,대기,,https://javalab.org/ko/category/earth/atmosphere/
gas,지질,,https://javalab.org/ko/category/earth/geology/
gas,천문천체 관측지구달태양태양계별과 은하,,https://javalab.org/ko/category/astronomy/
gas,천체 관측,,https://javalab.org/ko/category/astronomy/celestial_observation/
gas,지구,,https://javalab.org/ko/category/astronomy/planet_earth/
gas,달,,https://javalab.org/ko/category/astronomy/moon/
gas,태양,,https://javalab.org/ko/category/astronomy/sun/
gas,태양계,,https://javalab.org/ko/category/astronomy/solar_system/
gas,별과 은하,,https://javalab.org/ko/category/astronomy/star/
gas,생명,,https://javalab.org/ko/category/biology/
gas,수학수학수학 그래픽스프랙털혼돈 이론,,https://javalab.org/ko/category/math/
gas,수학,,https://javalab.org/ko/category/math/mathematics/
gas,수학 그래픽스,,https://javalab.org/ko/category/math/math_graphics/
gas,프랙털,,https://javalab.org/ko/category/math/fractal/
gas,혼돈 이론,,https://javalab.org/ko/category/math/chaos/
gas,테크인공지능마이크로비트3D 프린팅블록 코딩퍼즐아두이노 무작정 따라하기브레드보드 기초 전자회로브레드보드 메이커 교실,,https://javalab.org/ko/category/tech/
gas,인공지능,,https://javalab.org/ko/category/tech/ai/
gas,마이크로비트,,https://javalab.org/ko/category/tech/microbit/
gas,3D 프린팅,,https://javalab.org/ko/category/tech/3d_printing/
gas,블록 코딩,,https://javalab.org/ko/category/tech/block_coding/
gas,퍼즐,,https://javalab.org/ko/category/tech/puzzle/
gas,아두이노 무작정 따라하기,,https://javalab.org/ko/category/tech/arduino/
gas,브레드보드 기초 전자회로,,https://javalab.org/ko/category/tech/breadboard_1/
gas,브레드보드 메이커 교실,,https://javalab.org/ko/category/tech/breadboard_maker/
gas,기타증강현실 (웹캠이용)3D (VR 이용)출판물강의 자료인용사례,,https://javalab.org/ko/category/ar/
gas,증강현실 (웹캠이용),,https://javalab.org/ko/category/ar/
gas,3D (VR 이용),,https://javalab.org/ko/category/3d_vr/
gas,출판물,,https://javalab.org/ko/category/books/
gas,강의 자료,,https://javalab.org/ko/category/resources/
gas,● 한국어,,https://javalab.org/ko/category/chemistry/gas/
gas,"밀도 탑 (여러 액체와 플라스틱, 철, 금의 밀도 비교)",,https://javalab.org/ko/density_tower/
gas,"밀도 탑 (여러 액체와 플라스틱, 철, 금의 밀도 비교)",,https://javalab.org/ko/density_tower/
gas,● 한국어,,https://javalab.org/ko/category/chemistry/gas/
heat,마켓,,https://javalab.org/ko/category/market/
heat,측정측정 일반데이터 과학 (CSV 파일)Javalab MBL상대성 이론,,https://javalab.org/ko/category/measure/
heat,측정 일반,,https://javalab.org/ko/category/measure/measurement/
heat,데이터 과학 (CSV 파일),,https://javalab.org/ko/category/measure/data_science/
heat,Javalab MBL,,https://javalab.org/ko/category/measure/mbl/
heat,상대성 이론,,https://javalab.org/ko/category/measure/relativity-ko/
heat,전기와 자기정전기옴의 법칙전기 회로교류와 RLC회로반도체자기전자기전자기파,,https://javalab.org/ko/category/electricity/
heat,정전기,,https://javalab.org/ko/category/electricity/static_electricity/
heat,옴의 법칙,,https://javalab.org/ko/category/electricity/ohms_law/
heat,전기 회로,,https://javalab.org/ko/category/electricity/electric_circuit/
heat,교류와 RLC회로,,https://javalab.org/ko/category/electricity/ac_rlc/
heat,반도체,,https://javalab.org/ko/category/electricity/semiconductor/
heat,자기,,https://javalab.org/ko/category/electricity/magnetism/
heat,전자기,,https://javalab.org/ko/category/electricity/electromagnetism/
heat,전자기파,,https://javalab.org/ko/category/electricity/electromagntic_wave/
heat,힘과 운동힘관성여러가지 운동충돌진동,,https://javalab.org/ko/category/mechanics/
heat,힘,,https://javalab.org/ko/category/mechanics/force/
heat,관성,,https://javalab.org/ko/category/mechanics/inertia/
heat,여러가지 운동,,https://javalab.org/ko/category/mechanics/movements/
heat,충돌,,https://javalab.org/ko/category/mechanics/collision/
heat,진동,,https://javalab.org/ko/category/mechanics/oscillation/
heat,일과 에너지일의 원리에너지의 변환,,https://javalab.org/ko/category/energy/
heat,일의 원리,,https://javalab.org/ko/category/energy/principle_of_work/
heat,에너지의 변환,,https://javalab.org/ko/category/energy/energy_conversion/
heat,빛과 파동반사굴절색파동파동의 간섭정상파,,https://javalab.org/ko/category/light_wave/
heat,반사,,https://javalab.org/ko/category/light_wave/reflection/
heat,굴절,,https://javalab.org/ko/category/light_wave/refraction/
heat,색,,https://javalab.org/ko/category/light_wave/color/
heat,파동,,https://javalab.org/ko/category/light_wave/wave/
heat,파동의 간섭,,https://javalab.org/ko/category/light_wave/interference/
heat,정상파,,https://javalab.org/ko/category/light_wave/standing_wave/
heat,원자원자 모형원자와 빛방사능,,https://javalab.org/ko/category/atoms/
heat,원자 모형,,https://javalab.org/ko/category/atoms/atomic_model/
heat,원자와 빛,,https://javalab.org/ko/category/atoms/atom_light/
heat,방사능,,https://javalab.org/ko/category/atoms/radioactivity/
heat,"화학기체, 액체, 고체열분자 운동용액화학 반응화학 결합전기 화학",,https://javalab.org/ko/category/chemistry/
heat,"기체, 액체, 고체",,https://javalab.org/ko/category/chemistry/gas/
heat,열,,https://javalab.org/ko/category/chemistry/heat/
heat,분자 운동,,https://javalab.org/ko/category/chemistry/molecules_in_motion/
heat,용액,,https://javalab.org/ko/category/chemistry/solution/
heat,화학 반응,,https://javalab.org/ko/category/chemistry/chemical_reaction/
heat,화학 결합,,https://javalab.org/ko/category/chemistry/chemical_bonds/
heat,전기 화학,,https://javalab.org/ko/category/chemistry/electrochemistry/
heat,지구대기지질,,https://javalab.org/ko/category/earth/
heat,대기,,https://javalab.org/ko/category/earth/atmosphere/
heat,지질,,https://javalab.org/ko/category/earth/geology/
heat,천문천체 관측지구달태양태양계별과 은하,,https://javalab.org/ko/category/astronomy/
heat,천체 관측,,https://javalab.org/ko/category/astronomy/celestial_observation/
heat,지구,,https://javalab.org/ko/category/astronomy/planet_earth/
heat,달,,https://javalab.org/ko/category/astronomy/moon/
heat,태양,,https://javalab.org/ko/category/astronomy/sun/
heat,태양계,,https://javalab.org/ko/category/astronomy/solar_system/
heat,별과 은하,,https://javalab.org/ko/category/astronomy/star/
heat,생명,,https://javalab.org/ko/category/biology/
heat,수학수학수학 그래픽스프랙털혼돈 이론,,https://javalab.org/ko/category/math/
heat,수학,,https://javalab.org/ko/category/math/mathematics/
heat,수학 그래픽스,,https://javalab.org/ko/category/math/math_graphics/
heat,프랙털,,https://javalab.org/ko/category/math/fractal/
heat,혼돈 이론,,https://javalab.org/ko/category/math/chaos/
heat,테크인공지능마이크로비트3D 프린팅블록 코딩퍼즐아두이노 무작정 따라하기브레드보드 기초 전자회로브레드보드 메이커 교실,,https://javalab.org/ko/category/tech/
heat,인공지능,,https://javalab.org/ko/category/tech/ai/
heat,마이크로비트,,https://javalab.org/ko/category/tech/microbit/
heat,3D 프린팅,,https://javalab.org/ko/category/tech/3d_printing/
heat,블록 코딩,,https://javalab.org/ko/category/tech/block_coding/
heat,퍼즐,,https://javalab.org/ko/category/tech/puzzle/
heat,아두이노 무작정 따라하기,,https://javalab.org/ko/category/tech/arduino/
heat,브레드보드 기초 전자회로,,https://javalab.org/ko/category/tech/breadboard_1/
heat,브레드보드 메이커 교실,,https://javalab.org/ko/category/tech/breadboard_maker/
heat,기타증강현실 (웹캠이용)3D (VR 이용)출판물강의 자료인용사례,,https://javalab.org/ko/category/ar/
heat,증강현실 (웹캠이용),,https://javalab.org/ko/category/ar/
heat,3D (VR 이용),,https://javalab.org/ko/category/3d_vr/
heat,출판물,,https://javalab.org/ko/category/books/
heat,강의 자료,,https://javalab.org/ko/category/resources/
heat,● 한국어,,https://javalab.org/ko/category/chemistry/heat/
heat,증류,,https://javalab.org/ko/distillation/
heat,증류,,https://javalab.org/ko/distillation/
heat,● 한국어,,https://javalab.org/ko/category/chemistry/heat/
molecules_in_motion,마켓,,https://javalab.org/ko/category/market/
molecules_in_motion,측정측정 일반데이터 과학 (CSV 파일)Javalab MBL상대성 이론,,https://javalab.org/ko/category/measure/
molecules_in_motion,측정 일반,,https://javalab.org/ko/category/measure/measurement/
molecules_in_motion,데이터 과학 (CSV 파일),,https://javalab.org/ko/category/measure/data_science/
molecules_in_motion,Javalab MBL,,https://javalab.org/ko/category/measure/mbl/
molecules_in_motion,상대성 이론,,https://javalab.org/ko/category/measure/relativity-ko/
molecules_in_motion,전기와 자기정전기옴의 법칙전기 회로교류와 RLC회로반도체자기전자기전자기파,,https://javalab.org/ko/category/electricity/
molecules_in_motion,정전기,,https://javalab.org/ko/category/electricity/static_electricity/
molecules_in_motion,옴의 법칙,,https://javalab.org/ko/category/electricity/ohms_law/
molecules_in_motion,전기 회로,,https://javalab.org/ko/category/electricity/electric_circuit/
molecules_in_motion,교류와 RLC회로,,https://javalab.org/ko/category/electricity/ac_rlc/
molecules_in_motion,반도체,,https://javalab.org/ko/category/electricity/semiconductor/
molecules_in_motion,자기,,https://javalab.org/ko/category/electricity/magnetism/
molecules_in_motion,전자기,,https://javalab.org/ko/category/electricity/electromagnetism/
molecules_in_motion,전자기파,,https://javalab.org/ko/category/electricity/electromagntic_wave/
molecules_in_motion,힘과 운동힘관성여러가지 운동충돌진동,,https://javalab.org/ko/category/mechanics/
molecules_in_motion,힘,,https://javalab.org/ko/category/mechanics/force/
molecules_in_motion,관성,,https://javalab.org/ko/category/mechanics/inertia/
molecules_in_motion,여러가지 운동,,https://javalab.org/ko/category/mechanics/movements/
molecules_in_motion,충돌,,https://javalab.org/ko/category/mechanics/collision/
molecules_in_motion,진동,,https://javalab.org/ko/category/mechanics/oscillation/
molecules_in_motion,일과 에너지일의 원리에너지의 변환,,https://javalab.org/ko/category/energy/
molecules_in_motion,일의 원리,,https://javalab.org/ko/category/energy/principle_of_work/
molecules_in_motion,에너지의 변환,,https://javalab.org/ko/category/energy/energy_conversion/
molecules_in_motion,빛과 파동반사굴절색파동파동의 간섭정상파,,https://javalab.org/ko/category/light_wave/
molecules_in_motion,반사,,https://javalab.org/ko/category/light_wave/reflection/
molecules_in_motion,굴절,,https://javalab.org/ko/category/light_wave/refraction/
molecules_in_motion,색,,https://javalab.org/ko/category/light_wave/color/
molecules_in_motion,파동,,https://javalab.org/ko/category/light_wave/wave/
molecules_in_motion,파동의 간섭,,https://javalab.org/ko/category/light_wave/interference/
molecules_in_motion,정상파,,https://javalab.org/ko/category/light_wave/standing_wave/
molecules_in_motion,원자원자 모형원자와 빛방사능,,https://javalab.org/ko/category/atoms/
molecules_in_motion,원자 모형,,https://javalab.org/ko/category/atoms/atomic_model/
molecules_in_motion,원자와 빛,,https://javalab.org/ko/category/atoms/atom_light/
molecules_in_motion,방사능,,https://javalab.org/ko/category/atoms/radioactivity/
molecules_in_motion,"화학기체, 액체, 고체열분자 운동용액화학 반응화학 결합전기 화학",,https://javalab.org/ko/category/chemistry/
molecules_in_motion,"기체, 액체, 고체",,https://javalab.org/ko/category/chemistry/gas/
molecules_in_motion,열,,https://javalab.org/ko/category/chemistry/heat/
molecules_in_motion,분자 운동,,https://javalab.org/ko/category/chemistry/molecules_in_motion/
molecules_in_motion,용액,,https://javalab.org/ko/category/chemistry/solution/
molecules_in_motion,화학 반응,,https://javalab.org/ko/category/chemistry/chemical_reaction/
molecules_in_motion,화학 결합,,https://javalab.org/ko/category/chemistry/chemical_bonds/
molecules_in_motion,전기 화학,,https://javalab.org/ko/category/chemistry/electrochemistry/
molecules_in_motion,지구대기지질,,https://javalab.org/ko/category/earth/
molecules_in_motion,대기,,https://javalab.org/ko/category/earth/atmosphere/
molecules_in_motion,지질,,https://javalab.org/ko/category/earth/geology/
molecules_in_motion,천문천체 관측지구달태양태양계별과 은하,,https://javalab.org/ko/category/astronomy/
molecules_in_motion,천체 관측,,https://javalab.org/ko/category/astronomy/celestial_observation/
molecules_in_motion,지구,,https://javalab.org/ko/category/astronomy/planet_earth/
molecules_in_motion,달,,https://javalab.org/ko/category/astronomy/moon/
molecules_in_motion,태양,,https://javalab.org/ko/category/astronomy/sun/
molecules_in_motion,태양계,,https://javalab.org/ko/category/astronomy/solar_system/
molecules_in_motion,별과 은하,,https://javalab.org/ko/category/astronomy/star/
molecules_in_motion,생명,,https://javalab.org/ko/category/biology/
molecules_in_motion,수학수학수학 그래픽스프랙털혼돈 이론,,https://javalab.org/ko/category/math/
molecules_in_motion,수학,,https://javalab.org/ko/category/math/mathematics/
molecules_in_motion,수학 그래픽스,,https://javalab.org/ko/category/math/math_graphics/
molecules_in_motion,프랙털,,https://javalab.org/ko/category/math/fractal/
molecules_in_motion,혼돈 이론,,https://javalab.org/ko/category/math/chaos/
molecules_in_motion,테크인공지능마이크로비트3D 프린팅블록 코딩퍼즐아두이노 무작정 따라하기브레드보드 기초 전자회로브레드보드 메이커 교실,,https://javalab.org/ko/category/tech/
molecules_in_motion,인공지능,,https://javalab.org/ko/category/tech/ai/
molecules_in_motion,마이크로비트,,https://javalab.org/ko/category/tech/microbit/
molecules_in_motion,3D 프린팅,,https://javalab.org/ko/category/tech/3d_printing/
molecules_in_motion,블록 코딩,,https://javalab.org/ko/category/tech/block_coding/
molecules_in_motion,퍼즐,,https://javalab.org/ko/category/tech/puzzle/
molecules_in_motion,아두이노 무작정 따라하기,,https://javalab.org/ko/category/tech/arduino/
molecules_in_motion,브레드보드 기초 전자회로,,https://javalab.org/ko/category/tech/breadboard_1/
molecules_in_motion,브레드보드 메이커 교실,,https://javalab.org/ko/category/tech/breadboard_maker/
molecules_in_motion,기타증강현실 (웹캠이용)3D (VR 이용)출판물강의 자료인용사례,,https://javalab.org/ko/category/ar/
molecules_in_motion,증강현실 (웹캠이용),,https://javalab.org/ko/category/ar/
molecules_in_motion,3D (VR 이용),,https://javalab.org/ko/category/3d_vr/
molecules_in_motion,출판물,,https://javalab.org/ko/category/books/
molecules_in_motion,강의 자료,,https://javalab.org/ko/category/resources/
molecules_in_motion,● 한국어,,https://javalab.org/ko/category/chemistry/molecules_in_motion/
molecules_in_motion,기체 분자 운동 모형,,https://javalab.org/ko/gas_model/
molecules_in_motion,기체 분자 운동 모형,,https://javalab.org/ko/gas_model/
molecules_in_motion,● 한국어,,https://javalab.org/ko/category/chemistry/molecules_in_motion/
solution,마켓,,https://javalab.org/ko/category/market/
solution,측정측정 일반데이터 과학 (CSV 파일)Javalab MBL상대성 이론,,https://javalab.org/ko/category/measure/
solution,측정 일반,,https://javalab.org/ko/category/measure/measurement/
solution,데이터 과학 (CSV 파일),,https://javalab.org/ko/category/measure/data_science/
solution,Javalab MBL,,https://javalab.org/ko/category/measure/mbl/
solution,상대성 이론,,https://javalab.org/ko/category/measure/relativity-ko/
solution,전기와 자기정전기옴의 법칙전기 회로교류와 RLC회로반도체자기전자기전자기파,,https://javalab.org/ko/category/electricity/
solution,정전기,,https://javalab.org/ko/category/electricity/static_electricity/
solution,옴의 법칙,,https://javalab.org/ko/category/electricity/ohms_law/
solution,전기 회로,,https://javalab.org/ko/category/electricity/electric_circuit/
solution,교류와 RLC회로,,https://javalab.org/ko/category/electricity/ac_rlc/
solution,반도체,,https://javalab.org/ko/category/electricity/semiconductor/
solution,자기,,https://javalab.org/ko/category/electricity/magnetism/
solution,전자기,,https://javalab.org/ko/category/electricity/electromagnetism/
solution,전자기파,,https://javalab.org/ko/category/electricity/electromagntic_wave/
solution,힘과 운동힘관성여러가지 운동충돌진동,,https://javalab.org/ko/category/mechanics/
solution,힘,,https://javalab.org/ko/category/mechanics/force/
solution,관성,,https://javalab.org/ko/category/mechanics/inertia/
solution,여러가지 운동,,https://javalab.org/ko/category/mechanics/movements/
solution,충돌,,https://javalab.org/ko/category/mechanics/collision/
solution,진동,,https://javalab.org/ko/category/mechanics/oscillation/
solution,일과 에너지일의 원리에너지의 변환,,https://javalab.org/ko/category/energy/
solution,일의 원리,,https://javalab.org/ko/category/energy/principle_of_work/
solution,에너지의 변환,,https://javalab.org/ko/category/energy/energy_conversion/
solution,빛과 파동반사굴절색파동파동의 간섭정상파,,https://javalab.org/ko/category/light_wave/
solution,반사,,https://javalab.org/ko/category/light_wave/reflection/
solution,굴절,,https://javalab.org/ko/category/light_wave/refraction/
solution,색,,https://javalab.org/ko/category/light_wave/color/
solution,파동,,https://javalab.org/ko/category/light_wave/wave/
solution,파동의 간섭,,https://javalab.org/ko/category/light_wave/interference/
solution,정상파,,https://javalab.org/ko/category/light_wave/standing_wave/
solution,원자원자 모형원자와 빛방사능,,https://javalab.org/ko/category/atoms/
solution,원자 모형,,https://javalab.org/ko/category/atoms/atomic_model/
solution,원자와 빛,,https://javalab.org/ko/category/atoms/atom_light/
solution,방사능,,https://javalab.org/ko/category/atoms/radioactivity/
solution,"화학기체, 액체, 고체열분자 운동용액화학 반응화학 결합전기 화학",,https://javalab.org/ko/category/chemistry/
solution,"기체, 액체, 고체",,https://javalab.org/ko/category/chemistry/gas/
solution,열,,https://javalab.org/ko/category/chemistry/heat/
solution,분자 운동,,https://javalab.org/ko/category/chemistry/molecules_in_motion/
solution,용액,,https://javalab.org/ko/category/chemistry/solution/
solution,화학 반응,,https://javalab.org/ko/category/chemistry/chemical_reaction/
solution,화학 결합,,https://javalab.org/ko/category/chemistry/chemical_bonds/
solution,전기 화학,,https://javalab.org/ko/category/chemistry/electrochemistry/
solution,지구대기지질,,https://javalab.org/ko/category/earth/
solution,대기,,https://javalab.org/ko/category/earth/atmosphere/
solution,지질,,https://javalab.org/ko/category/earth/geology/
solution,천문천체 관측지구달태양태양계별과 은하,,https://javalab.org/ko/category/astronomy/
solution,천체 관측,,https://javalab.org/ko/category/astronomy/celestial_observation/
solution,지구,,https://javalab.org/ko/category/astronomy/planet_earth/
solution,달,,https://javalab.org/ko/category/astronomy/moon/
solution,태양,,https://javalab.org/ko/category/astronomy/sun/
solution,태양계,,https://javalab.org/ko/category/astronomy/solar_system/
solution,별과 은하,,https://javalab.org/ko/category/astronomy/star/
solution,생명,,https://javalab.org/ko/category/biology/
solution,수학수학수학 그래픽스프랙털혼돈 이론,,https://javalab.org/ko/category/math/
solution,수학,,https://javalab.org/ko/category/math/mathematics/
solution,수학 그래픽스,,https://javalab.org/ko/category/math/math_graphics/
solution,프랙털,,https://javalab.org/ko/category/math/fractal/
solution,혼돈 이론,,https://javalab.org/ko/category/math/chaos/
solution,테크인공지능마이크로비트3D 프린팅블록 코딩퍼즐아두이노 무작정 따라하기브레드보드 기초 전자회로브레드보드 메이커 교실,,https://javalab.org/ko/category/tech/
solution,인공지능,,https://javalab.org/ko/category/tech/ai/
solution,마이크로비트,,https://javalab.org/ko/category/tech/microbit/
solution,3D 프린팅,,https://javalab.org/ko/category/tech/3d_printing/
solution,블록 코딩,,https://javalab.org/ko/category/tech/block_coding/
solution,퍼즐,,https://javalab.org/ko/category/tech/puzzle/
solution,아두이노 무작정 따라하기,,https://javalab.org/ko/category/tech/arduino/
solution,브레드보드 기초 전자회로,,https://javalab.org/ko/category/tech/breadboard_1/
solution,브레드보드 메이커 교실,,https://javalab.org/ko/category/tech/breadboard_maker/
solution,기타증강현실 (웹캠이용)3D (VR 이용)출판물강의 자료인용사례,,https://javalab.org/ko/category/ar/
solution,증강현실 (웹캠이용),,https://javalab.org/ko/category/ar/
solution,3D (VR 이용),,https://javalab.org/ko/category/3d_vr/
solution,출판물,,https://javalab.org/ko/category/books/
solution,강의 자료,,https://javalab.org/ko/category/resources/
solution,● 한국어,,https://javalab.org/ko/category/chemistry/solution/
solution,재결정 (석출의 원리),,https://javalab.org/ko/recrystallization/
solution,재결정 (석출의 원리),,https://javalab.org/ko/recrystallization/
solution,● 한국어,,https://javalab.org/ko/category/chemistry/solution/
earth,마켓,,https://javalab.org/ko/category/market/
earth,측정측정 일반데이터 과학 (CSV 파일)Javalab MBL상대성 이론,,https://javalab.org/ko/category/measure/
earth,측정 일반,,https://javalab.org/ko/category/measure/measurement/
earth,데이터 과학 (CSV 파일),,https://javalab.org/ko/category/measure/data_science/
earth,Javalab MBL,,https://javalab.org/ko/category/measure/mbl/
earth,상대성 이론,,https://javalab.org/ko/category/measure/relativity-ko/
earth,전기와 자기정전기옴의 법칙전기 회로교류와 RLC회로반도체자기전자기전자기파,,https://javalab.org/ko/category/electricity/
earth,정전기,,https://javalab.org/ko/category/electricity/static_electricity/
earth,옴의 법칙,,https://javalab.org/ko/category/electricity/ohms_law/
earth,전기 회로,,https://javalab.org/ko/category/electricity/electric_circuit/
earth,교류와 RLC회로,,https://javalab.org/ko/category/electricity/ac_rlc/
earth,반도체,,https://javalab.org/ko/category/electricity/semiconductor/
earth,자기,,https://javalab.org/ko/category/electricity/magnetism/
earth,전자기,,https://javalab.org/ko/category/electricity/electromagnetism/
earth,전자기파,,https://javalab.org/ko/category/electricity/electromagntic_wave/
earth,힘과 운동힘관성여러가지 운동충돌진동,,https://javalab.org/ko/category/mechanics/
earth,힘,,https://javalab.org/ko/category/mechanics/force/
earth,관성,,https://javalab.org/ko/category/mechanics/inertia/
earth,여러가지 운동,,https://javalab.org/ko/category/mechanics/movements/
earth,충돌,,https://javalab.org/ko/category/mechanics/collision/
earth,진동,,https://javalab.org/ko/category/mechanics/oscillation/
earth,일과 에너지일의 원리에너지의 변환,,https://javalab.org/ko/category/energy/
earth,일의 원리,,https://javalab.org/ko/category/energy/principle_of_work/
earth,에너지의 변환,,https://javalab.org/ko/category/energy/energy_conversion/
earth,빛과 파동반사굴절색파동파동의 간섭정상파,,https://javalab.org/ko/category/light_wave/
earth,반사,,https://javalab.org/ko/category/light_wave/reflection/
earth,굴절,,https://javalab.org/ko/category/light_wave/refraction/
earth,색,,https://javalab.org/ko/category/light_wave/color/
earth,파동,,https://javalab.org/ko/category/light_wave/wave/
earth,파동의 간섭,,https://javalab.org/ko/category/light_wave/interference/
earth,정상파,,https://javalab.org/ko/category/light_wave/standing_wave/
earth,원자원자 모형원자와 빛방사능,,https://javalab.org/ko/category/atoms/
earth,원자 모형,,https://javalab.org/ko/category/atoms/atomic_model/
earth,원자와 빛,,https://javalab.org/ko/category/atoms/atom_light/
earth,방사능,,https://javalab.org/ko/category/atoms/radioactivity/
earth,"화학기체, 액체, 고체열분자 운동용액화학 반응화학 결합전기 화학",,https://javalab.org/ko/category/chemistry/
earth,"기체, 액체, 고체",,https://javalab.org/ko/category/chemistry/gas/
earth,열,,https://javalab.org/ko/category/chemistry/heat/
earth,분자 운동,,https://javalab.org/ko/category/chemistry/molecules_in_motion/
earth,용액,,https://javalab.org/ko/category/chemistry/solution/
earth,화학 반응,,https://javalab.org/ko/category/chemistry/chemical_reaction/
earth,화학 결합,,https://javalab.org/ko/category/chemistry/chemical_bonds/
earth,전기 화학,,https://javalab.org/ko/category/chemistry/electrochemistry/
earth,지구대기지질,,https://javalab.org/ko/category/earth/
earth,대기,,https://javalab.org/ko/category/earth/atmosphere/
earth,지질,,https://javalab.org/ko/category/earth/geology/
earth,천문천체 관측지구달태양태양계별과 은하,,https://javalab.org/ko/category/astronomy/
earth,천체 관측,,https://javalab.org/ko/category/astronomy/celestial_observation/
earth,지구,,https://javalab.org/ko/category/astronomy/planet_earth/
earth,달,,https://javalab.org/ko/category/astronomy/moon/
earth,태양,,https://javalab.org/ko/category/astronomy/sun/
earth,태양계,,https://javalab.org/ko/category/astronomy/solar_system/
earth,별과 은하,,https://javalab.org/ko/category/astronomy/star/
earth,생명,,https://javalab.org/ko/category/biology/
earth,수학수학수학 그래픽스프랙털혼돈 이론,,https://javalab.org/ko/category/math/
earth,수학,,https://javalab.org/ko/category/math/mathematics/
earth,수학 그래픽스,,https://javalab.org/ko/category/math/math_graphics/
earth,프랙털,,https://javalab.org/ko/category/math/fractal/
earth,혼돈 이론,,https://javalab.org/ko/category/math/chaos/
earth,테크인공지능마이크로비트3D 프린팅블록 코딩퍼즐아두이노 무작정 따라하기브레드보드 기초 전자회로브레드보드 메이커 교실,,https://javalab.org/ko/category/tech/
earth,인공지능,,https://javalab.org/ko/category/tech/ai/
earth,마이크로비트,,https://javalab.org/ko/category/tech/microbit/
earth,3D 프린팅,,https://javalab.org/ko/category/tech/3d_printing/
earth,블록 코딩,,https://javalab.org/ko/category/tech/block_coding/
earth,퍼즐,,https://javalab.org/ko/category/tech/puzzle/
earth,아두이노 무작정 따라하기,,https://javalab.org/ko/category/tech/arduino/
earth,브레드보드 기초 전자회로,,https://javalab.org/ko/category/tech/breadboard_1/
earth,브레드보드 메이커 교실,,https://javalab.org/ko/category/tech/breadboard_maker/
earth,기타증강현실 (웹캠이용)3D (VR 이용)출판물강의 자료인용사례,,https://javalab.org/ko/category/ar/
earth,증강현실 (웹캠이용),,https://javalab.org/ko/category/ar/
earth,3D (VR 이용),,https://javalab.org/ko/category/3d_vr/
earth,출판물,,https://javalab.org/ko/category/books/
earth,강의 자료,,https://javalab.org/ko/category/resources/
earth,● 한국어,,https://javalab.org/ko/category/earth/
earth,판구조론,,https://javalab.org/ko/plate_tectonics/
earth,판구조론,,https://javalab.org/ko/plate_tectonics/
earth,● 한국어,,https://javalab.org/ko/category/earth/
atmosphere,마켓,,https://javalab.org/ko/category/market/
atmosphere,측정측정 일반데이터 과학 (CSV 파일)Javalab MBL상대성 이론,,https://javalab.org/ko/category/measure/
atmosphere,측정 일반,,https://javalab.org/ko/category/measure/measurement/
atmosphere,데이터 과학 (CSV 파일),,https://javalab.org/ko/category/measure/data_science/
atmosphere,Javalab MBL,,https://javalab.org/ko/category/measure/mbl/
atmosphere,상대성 이론,,https://javalab.org/ko/category/measure/relativity-ko/
atmosphere,전기와 자기정전기옴의 법칙전기 회로교류와 RLC회로반도체자기전자기전자기파,,https://javalab.org/ko/category/electricity/
atmosphere,정전기,,https://javalab.org/ko/category/electricity/static_electricity/
atmosphere,옴의 법칙,,https://javalab.org/ko/category/electricity/ohms_law/
atmosphere,전기 회로,,https://javalab.org/ko/category/electricity/electric_circuit/
atmosphere,교류와 RLC회로,,https://javalab.org/ko/category/electricity/ac_rlc/
atmosphere,반도체,,https://javalab.org/ko/category/electricity/semiconductor/
atmosphere,자기,,https://javalab.org/ko/category/electricity/magnetism/
atmosphere,전자기,,https://javalab.org/ko/category/electricity/electromagnetism/
atmosphere,전자기파,,https://javalab.org/ko/category/electricity/electromagntic_wave/
atmosphere,힘과 운동힘관성여러가지 운동충돌진동,,https://javalab.org/ko/category/mechanics/
atmosphere,힘,,https://javalab.org/ko/category/mechanics/force/
atmosphere,관성,,https://javalab.org/ko/category/mechanics/inertia/
atmosphere,여러가지 운동,,https://javalab.org/ko/category/mechanics/movements/
atmosphere,충돌,,https://javalab.org/ko/category/mechanics/collision/
atmosphere,진동,,https://javalab.org/ko/category/mechanics/oscillation/
atmosphere,일과 에너지일의 원리에너지의 변환,,https://javalab.org/ko/category/energy/
atmosphere,일의 원리,,https://javalab.org/ko/category/energy/principle_of_work/
atmosphere,에너지의 변환,,https://javalab.org/ko/category/energy/energy_conversion/
atmosphere,빛과 파동반사굴절색파동파동의 간섭정상파,,https://javalab.org/ko/category/light_wave/
atmosphere,반사,,https://javalab.org/ko/category/light_wave/reflection/
atmosphere,굴절,,https://javalab.org/ko/category/light_wave/refraction/
atmosphere,색,,https://javalab.org/ko/category/light_wave/color/
atmosphere,파동,,https://javalab.org/ko/category/light_wave/wave/
atmosphere,파동의 간섭,,https://javalab.org/ko/category/light_wave/interference/
atmosphere,정상파,,https://javalab.org/ko/category/light_wave/standing_wave/
atmosphere,원자원자 모형원자와 빛방사능,,https://javalab.org/ko/category/atoms/
atmosphere,원자 모형,,https://javalab.org/ko/category/atoms/atomic_model/
atmosphere,원자와 빛,,https://javalab.org/ko/category/atoms/atom_light/
atmosphere,방사능,,https://javalab.org/ko/category/atoms/radioactivity/
atmosphere,"화학기체, 액체, 고체열분자 운동용액화학 반응화학 결합전기 화학",,https://javalab.org/ko/category/chemistry/
atmosphere,"기체, 액체, 고체",,https://javalab.org/ko/category/chemistry/gas/
atmosphere,열,,https://javalab.org/ko/category/chemistry/heat/
atmosphere,분자 운동,,https://javalab.org/ko/category/chemistry/molecules_in_motion/
atmosphere,용액,,https://javalab.org/ko/category/chemistry/solution/
atmosphere,화학 반응,,https://javalab.org/ko/category/chemistry/chemical_reaction/
atmosphere,화학 결합,,https://javalab.org/ko/category/chemistry/chemical_bonds/
atmosphere,전기 화학,,https://javalab.org/ko/category/chemistry/electrochemistry/
atmosphere,지구대기지질,,https://javalab.org/ko/category/earth/
atmosphere,대기,,https://javalab.org/ko/category/earth/atmosphere/
atmosphere,지질,,https://javalab.org/ko/category/earth/geology/
atmosphere,천문천체 관측지구달태양태양계별과 은하,,https://javalab.org/ko/category/astronomy/
atmosphere,천체 관측,,https://javalab.org/ko/category/astronomy/celestial_observation/
atmosphere,지구,,https://javalab.org/ko/category/astronomy/planet_earth/
atmosphere,달,,https://javalab.org/ko/category/astronomy/moon/
atmosphere,태양,,https://javalab.org/ko/category/astronomy/sun/
atmosphere,태양계,,https://javalab.org/ko/category/astronomy/solar_system/
atmosphere,별과 은하,,https://javalab.org/ko/category/astronomy/star/
atmosphere,생명,,https://javalab.org/ko/category/biology/
atmosphere,수학수학수학 그래픽스프랙털혼돈 이론,,https://javalab.org/ko/category/math/
atmosphere,수학,,https://javalab.org/ko/category/math/mathematics/
atmosphere,수학 그래픽스,,https://javalab.org/ko/category/math/math_graphics/
atmosphere,프랙털,,https://javalab.org/ko/category/math/fractal/
atmosphere,혼돈 이론,,https://javalab.org/ko/category/math/chaos/
atmosphere,테크인공지능마이크로비트3D 프린팅블록 코딩퍼즐아두이노 무작정 따라하기브레드보드 기초 전자회로브레드보드 메이커 교실,,https://javalab.org/ko/category/tech/
atmosphere,인공지능,,https://javalab.org/ko/category/tech/ai/
atmosphere,마이크로비트,,https://javalab.org/ko/category/tech/microbit/
atmosphere,3D 프린팅,,https://javalab.org/ko/category/tech/3d_printing/
atmosphere,블록 코딩,,https://javalab.org/ko/category/tech/block_coding/
atmosphere,퍼즐,,https://javalab.org/ko/category/tech/puzzle/
atmosphere,아두이노 무작정 따라하기,,https://javalab.org/ko/category/tech/arduino/
atmosphere,브레드보드 기초 전자회로,,https://javalab.org/ko/category/tech/breadboard_1/
atmosphere,브레드보드 메이커 교실,,https://javalab.org/ko/category/tech/breadboard_maker/
atmosphere,기타증강현실 (웹캠이용)3D (VR 이용)출판물강의 자료인용사례,,https://javalab.org/ko/category/ar/
atmosphere,증강현실 (웹캠이용),,https://javalab.org/ko/category/ar/
atmosphere,3D (VR 이용),,https://javalab.org/ko/category/3d_vr/
atmosphere,출판물,,https://javalab.org/ko/category/books/
atmosphere,강의 자료,,https://javalab.org/ko/category/resources/
atmosphere,● 한국어,,https://javalab.org/ko/category/earth/atmosphere/
atmosphere,여러 행성에서의 수은기압계,,https://javalab.org/ko/barometer/
atmosphere,여러 행성에서의 수은기압계,,https://javalab.org/ko/barometer/
atmosphere,● 한국어,,https://javalab.org/ko/category/earth/atmosphere/
geology,마켓,,https://javalab.org/ko/category/market/
geology,측정측정 일반데이터 과학 (CSV 파일)Javalab MBL상대성 이론,,https://javalab.org/ko/category/measure/
geology,측정 일반,,https://javalab.org/ko/category/measure/measurement/
geology,데이터 과학 (CSV 파일),,https://javalab.org/ko/category/measure/data_science/
geology,Javalab MBL,,https://javalab.org/ko/category/measure/mbl/
geology,상대성 이론,,https://javalab.org/ko/category/measure/relativity-ko/
geology,전기와 자기정전기옴의 법칙전기 회로교류와 RLC회로반도체자기전자기전자기파,,https://javalab.org/ko/category/electricity/
geology,정전기,,https://javalab.org/ko/category/electricity/static_electricity/
geology,옴의 법칙,,https://javalab.org/ko/category/electricity/ohms_law/
geology,전기 회로,,https://javalab.org/ko/category/electricity/electric_circuit/
geology,교류와 RLC회로,,https://javalab.org/ko/category/electricity/ac_rlc/
geology,반도체,,https://javalab.org/ko/category/electricity/semiconductor/
geology,자기,,https://javalab.org/ko/category/electricity/magnetism/
geology,전자기,,https://javalab.org/ko/category/electricity/electromagnetism/
geology,전자기파,,https://javalab.org/ko/category/electricity/electromagntic_wave/
geology,힘과 운동힘관성여러가지 운동충돌진동,,https://javalab.org/ko/category/mechanics/
geology,힘,,https://javalab.org/ko/category/mechanics/force/
geology,관성,,https://javalab.org/ko/category/mechanics/inertia/
geology,여러가지 운동,,https://javalab.org/ko/category/mechanics/movements/
geology,충돌,,https://javalab.org/ko/category/mechanics/collision/
geology,진동,,https://javalab.org/ko/category/mechanics/oscillation/
geology,일과 에너지일의 원리에너지의 변환,,https://javalab.org/ko/category/energy/
geology,일의 원리,,https://javalab.org/ko/category/energy/principle_of_work/
geology,에너지의 변환,,https://javalab.org/ko/category/energy/energy_conversion/
geology,빛과 파동반사굴절색파동파동의 간섭정상파,,https://javalab.org/ko/category/light_wave/
geology,반사,,https://javalab.org/ko/category/light_wave/reflection/
geology,굴절,,https://javalab.org/ko/category/light_wave/refraction/
geology,색,,https://javalab.org/ko/category/light_wave/color/
geology,파동,,https://javalab.org/ko/category/light_wave/wave/
geology,파동의 간섭,,https://javalab.org/ko/category/light_wave/interference/
geology,정상파,,https://javalab.org/ko/category/light_wave/standing_wave/
geology,원자원자 모형원자와 빛방사능,,https://javalab.org/ko/category/atoms/
geology,원자 모형,,https://javalab.org/ko/category/atoms/atomic_model/
geology,원자와 빛,,https://javalab.org/ko/category/atoms/atom_light/
geology,방사능,,https://javalab.org/ko/category/atoms/radioactivity/
geology,"화학기체, 액체, 고체열분자 운동용액화학 반응화학 결합전기 화학",,https://javalab.org/ko/category/chemistry/
geology,"기체, 액체, 고체",,https://javalab.org/ko/category/chemistry/gas/
geology,열,,https://javalab.org/ko/category/chemistry/heat/
geology,분자 운동,,https://javalab.org/ko/category/chemistry/molecules_in_motion/
geology,용액,,https://javalab.org/ko/category/chemistry/solution/
geology,화학 반응,,https://javalab.org/ko/category/chemistry/chemical_reaction/
geology,화학 결합,,https://javalab.org/ko/category/chemistry/chemical_bonds/
geology,전기 화학,,https://javalab.org/ko/category/chemistry/electrochemistry/
geology,지구대기지질,,https://javalab.org/ko/category/earth/
geology,대기,,https://javalab.org/ko/category/earth/atmosphere/
geology,지질,,https://javalab.org/ko/category/earth/geology/
geology,천문천체 관측지구달태양태양계별과 은하,,https://javalab.org/ko/category/astronomy/
geology,천체 관측,,https://javalab.org/ko/category/astronomy/celestial_observation/
geology,지구,,https://javalab.org/ko/category/astronomy/planet_earth/
geology,달,,https://javalab.org/ko/category/astronomy/moon/
geology,태양,,https://javalab.org/ko/category/astronomy/sun/
geology,태양계,,https://javalab.org/ko/category/astronomy/solar_system/
geology,별과 은하,,https://javalab.org/ko/category/astronomy/star/
geology,생명,,https://javalab.org/ko/category/biology/
geology,수학수학수학 그래픽스프랙털혼돈 이론,,https://javalab.org/ko/category/math/
geology,수학,,https://javalab.org/ko/category/math/mathematics/
geology,수학 그래픽스,,https://javalab.org/ko/category/math/math_graphics/
geology,프랙털,,https://javalab.org/ko/category/math/fractal/
geology,혼돈 이론,,https://javalab.org/ko/category/math/chaos/
geology,테크인공지능마이크로비트3D 프린팅블록 코딩퍼즐아두이노 무작정 따라하기브레드보드 기초 전자회로브레드보드 메이커 교실,,https://javalab.org/ko/category/tech/
geology,인공지능,,https://javalab.org/ko/category/tech/ai/
geology,마이크로비트,,https://javalab.org/ko/category/tech/microbit/
geology,3D 프린팅,,https://javalab.org/ko/category/tech/3d_printing/
geology,블록 코딩,,https://javalab.org/ko/category/tech/block_coding/
geology,퍼즐,,https://javalab.org/ko/category/tech/puzzle/
geology,아두이노 무작정 따라하기,,https://javalab.org/ko/category/tech/arduino/
geology,브레드보드 기초 전자회로,,https://javalab.org/ko/category/tech/breadboard_1/
geology,브레드보드 메이커 교실,,https://javalab.org/ko/category/tech/breadboard_maker/
geology,기타증강현실 (웹캠이용)3D (VR 이용)출판물강의 자료인용사례,,https://javalab.org/ko/category/ar/
geology,증강현실 (웹캠이용),,https://javalab.org/ko/category/ar/
geology,3D (VR 이용),,https://javalab.org/ko/category/3d_vr/
geology,출판물,,https://javalab.org/ko/category/books/
geology,강의 자료,,https://javalab.org/ko/category/resources/
geology,● 한국어,,https://javalab.org/ko/category/earth/geology/
geology,판구조론,,https://javalab.org/ko/plate_tectonics/
geology,판구조론,,https://javalab.org/ko/plate_tectonics/
geology,● 한국어,,https://javalab.org/ko/category/earth/geology/
electricity,마켓,,https://javalab.org/ko/category/market/
electricity,측정측정 일반데이터 과학 (CSV 파일)Javalab MBL상대성 이론,,https://javalab.org/ko/category/measure/
electricity,측정 일반,,https://javalab.org/ko/category/measure/measurement/
electricity,데이터 과학 (CSV 파일),,https://javalab.org/ko/category/measure/data_science/
electricity,Javalab MBL,,https://javalab.org/ko/category/measure/mbl/
electricity,상대성 이론,,https://javalab.org/ko/category/measure/relativity-ko/
electricity,전기와 자기정전기옴의 법칙전기 회로교류와 RLC회로반도체자기전자기전자기파,,https://javalab.org/ko/category/electricity/
electricity,정전기,,https://javalab.org/ko/category/electricity/static_electricity/
electricity,옴의 법칙,,https://javalab.org/ko/category/electricity/ohms_law/
electricity,전기 회로,,https://javalab.org/ko/category/electricity/electric_circuit/
electricity,교류와 RLC회로,,https://javalab.org/ko/category/electricity/ac_rlc/
electricity,반도체,,https://javalab.org/ko/category/electricity/semiconductor/
electricity,자기,,https://javalab.org/ko/category/electricity/magnetism/
electricity,전자기,,https://javalab.org/ko/category/electricity/electromagnetism/
electricity,전자기파,,https://javalab.org/ko/category/electricity/electromagntic_wave/
electricity,힘과 운동힘관성여러가지 운동충돌진동,,https://javalab.org/ko/category/mechanics/
electricity,힘,,https://javalab.org/ko/category/mechanics/force/
electricity,관성,,https://javalab.org/ko/category/mechanics/inertia/
electricity,여러가지 운동,,https://javalab.org/ko/category/mechanics/movements/
electricity,충돌,,https://javalab.org/ko/category/mechanics/collision/
electricity,진동,,https://javalab.org/ko/category/mechanics/oscillation/
electricity,일과 에너지일의 원리에너지의 변환,,https://javalab.org/ko/category/energy/
electricity,일의 원리,,https://javalab.org/ko/category/energy/principle_of_work/
electricity,에너지의 변환,,https://javalab.org/ko/category/energy/energy_conversion/
electricity,빛과 파동반사굴절색파동파동의 간섭정상파,,https://javalab.org/ko/category/light_wave/
electricity,반사,,https://javalab.org/ko/category/light_wave/reflection/
electricity,굴절,,https://javalab.org/ko/category/light_wave/refraction/
electricity,색,,https://javalab.org/ko/category/light_wave/color/
electricity,파동,,https://javalab.org/ko/category/light_wave/wave/
electricity,파동의 간섭,,https://javalab.org/ko/category/light_wave/interference/
electricity,정상파,,https://javalab.org/ko/category/light_wave/standing_wave/
electricity,원자원자 모형원자와 빛방사능,,https://javalab.org/ko/category/atoms/
electricity,원자 모형,,https://javalab.org/ko/category/atoms/atomic_model/
electricity,원자와 빛,,https://javalab.org/ko/category/atoms/atom_light/
electricity,방사능,,https://javalab.org/ko/category/atoms/radioactivity/
electricity,"화학기체, 액체, 고체열분자 운동용액화학 반응화학 결합전기 화학",,https://javalab.org/ko/category/chemistry/
electricity,"기체, 액체, 고체",,https://javalab.org/ko/category/chemistry/gas/
electricity,열,,https://javalab.org/ko/category/chemistry/heat/
electricity,분자 운동,,https://javalab.org/ko/category/chemistry/molecules_in_motion/
electricity,용액,,https://javalab.org/ko/category/chemistry/solution/
electricity,화학 반응,,https://javalab.org/ko/category/chemistry/chemical_reaction/
electricity,화학 결합,,https://javalab.org/ko/category/chemistry/chemical_bonds/
electricity,전기 화학,,https://javalab.org/ko/category/chemistry/electrochemistry/
electricity,지구대기지질,,https://javalab.org/ko/category/earth/
electricity,대기,,https://javalab.org/ko/category/earth/atmosphere/
electricity,지질,,https://javalab.org/ko/category/earth/geology/
electricity,천문천체 관측지구달태양태양계별과 은하,,https://javalab.org/ko/category/astronomy/
electricity,천체 관측,,https://javalab.org/ko/category/astronomy/celestial_observation/
electricity,지구,,https://javalab.org/ko/category/astronomy/planet_earth/
electricity,달,,https://javalab.org/ko/category/astronomy/moon/
electricity,태양,,https://javalab.org/ko/category/astronomy/sun/
electricity,태양계,,https://javalab.org/ko/category/astronomy/solar_system/
electricity,별과 은하,,https://javalab.org/ko/category/astronomy/star/
electricity,생명,,https://javalab.org/ko/category/biology/
electricity,수학수학수학 그래픽스프랙털혼돈 이론,,https://javalab.org/ko/category/math/
electricity,수학,,https://javalab.org/ko/category/math/mathematics/
electricity,수학 그래픽스,,https://javalab.org/ko/category/math/math_graphics/
electricity,프랙털,,https://javalab.org/ko/category/math/fractal/
electricity,혼돈 이론,,https://javalab.org/ko/category/math/chaos/
electricity,테크인공지능마이크로비트3D 프린팅블록 코딩퍼즐아두이노 무작정 따라하기브레드보드 기초 전자회로브레드보드 메이커 교실,,https://javalab.org/ko/category/tech/
electricity,인공지능,,https://javalab.org/ko/category/tech/ai/
electricity,마이크로비트,,https://javalab.org/ko/category/tech/microbit/
electricity,3D 프린팅,,https://javalab.org/ko/category/tech/3d_printing/
electricity,블록 코딩,,https://javalab.org/ko/category/tech/block_coding/
electricity,퍼즐,,https://javalab.org/ko/category/tech/puzzle/
electricity,아두이노 무작정 따라하기,,https://javalab.org/ko/category/tech/arduino/
electricity,브레드보드 기초 전자회로,,https://javalab.org/ko/category/tech/breadboard_1/
electricity,브레드보드 메이커 교실,,https://javalab.org/ko/category/tech/breadboard_maker/
electricity,기타증강현실 (웹캠이용)3D (VR 이용)출판물강의 자료인용사례,,https://javalab.org/ko/category/ar/
electricity,증강현실 (웹캠이용),,https://javalab.org/ko/category/ar/
electricity,3D (VR 이용),,https://javalab.org/ko/category/3d_vr/
electricity,출판물,,https://javalab.org/ko/category/books/
electricity,강의 자료,,https://javalab.org/ko/category/resources/
electricity,● 한국어,,https://javalab.org/ko/category/electricity/
electricity,코일 주위의 자기장 (WEBGL 버전),,https://javalab.org/ko/oersteds_3d/
electricity,코일 주위의 자기장 (WEBGL 버전),,https://javalab.org/ko/oersteds_3d/
electricity,● 한국어,,https://javalab.org/ko/category/electricity/
ac_rlc,마켓,,https://javalab.org/ko/category/market/
ac_rlc,측정측정 일반데이터 과학 (CSV 파일)Javalab MBL상대성 이론,,https://javalab.org/ko/category/measure/
ac_rlc,측정 일반,,https://javalab.org/ko/category/measure/measurement/
ac_rlc,데이터 과학 (CSV 파일),,https://javalab.org/ko/category/measure/data_science/
ac_rlc,Javalab MBL,,https://javalab.org/ko/category/measure/mbl/
ac_rlc,상대성 이론,,https://javalab.org/ko/category/measure/relativity-ko/
ac_rlc,전기와 자기정전기옴의 법칙전기 회로교류와 RLC회로반도체자기전자기전자기파,,https://javalab.org/ko/category/electricity/
ac_rlc,정전기,,https://javalab.org/ko/category/electricity/static_electricity/
ac_rlc,옴의 법칙,,https://javalab.org/ko/category/electricity/ohms_law/
ac_rlc,전기 회로,,https://javalab.org/ko/category/electricity/electric_circuit/
ac_rlc,교류와 RLC회로,,https://javalab.org/ko/category/electricity/ac_rlc/
ac_rlc,반도체,,https://javalab.org/ko/category/electricity/semiconductor/
ac_rlc,자기,,https://javalab.org/ko/category/electricity/magnetism/
ac_rlc,전자기,,https://javalab.org/ko/category/electricity/electromagnetism/
ac_rlc,전자기파,,https://javalab.org/ko/category/electricity/electromagntic_wave/
ac_rlc,힘과 운동힘관성여러가지 운동충돌진동,,https://javalab.org/ko/category/mechanics/
ac_rlc,힘,,https://javalab.org/ko/category/mechanics/force/
ac_rlc,관성,,https://javalab.org/ko/category/mechanics/inertia/
ac_rlc,여러가지 운동,,https://javalab.org/ko/category/mechanics/movements/
ac_rlc,충돌,,https://javalab.org/ko/category/mechanics/collision/
ac_rlc,진동,,https://javalab.org/ko/category/mechanics/oscillation/
ac_rlc,일과 에너지일의 원리에너지의 변환,,https://javalab.org/ko/category/energy/
ac_rlc,일의 원리,,https://javalab.org/ko/category/energy/principle_of_work/
ac_rlc,에너지의 변환,,https://javalab.org/ko/category/energy/energy_conversion/
ac_rlc,빛과 파동반사굴절색파동파동의 간섭정상파,,https://javalab.org/ko/category/light_wave/
ac_rlc,반사,,https://javalab.org/ko/category/light_wave/reflection/
ac_rlc,굴절,,https://javalab.org/ko/category/light_wave/refraction/
ac_rlc,색,,https://javalab.org/ko/category/light_wave/color/
ac_rlc,파동,,https://javalab.org/ko/category/light_wave/wave/
ac_rlc,파동의 간섭,,https://javalab.org/ko/category/light_wave/interference/
ac_rlc,정상파,,https://javalab.org/ko/category/light_wave/standing_wave/
ac_rlc,원자원자 모형원자와 빛방사능,,https://javalab.org/ko/category/atoms/
ac_rlc,원자 모형,,https://javalab.org/ko/category/atoms/atomic_model/
ac_rlc,원자와 빛,,https://javalab.org/ko/category/atoms/atom_light/
ac_rlc,방사능,,https://javalab.org/ko/category/atoms/radioactivity/
ac_rlc,"화학기체, 액체, 고체열분자 운동용액화학 반응화학 결합전기 화학",,https://javalab.org/ko/category/chemistry/
ac_rlc,"기체, 액체, 고체",,https://javalab.org/ko/category/chemistry/gas/
ac_rlc,열,,https://javalab.org/ko/category/chemistry/heat/
ac_rlc,분자 운동,,https://javalab.org/ko/category/chemistry/molecules_in_motion/
ac_rlc,용액,,https://javalab.org/ko/category/chemistry/solution/
ac_rlc,화학 반응,,https://javalab.org/ko/category/chemistry/chemical_reaction/
ac_rlc,화학 결합,,https://javalab.org/ko/category/chemistry/chemical_bonds/
ac_rlc,전기 화학,,https://javalab.org/ko/category/chemistry/electrochemistry/
ac_rlc,지구대기지질,,https://javalab.org/ko/category/earth/
ac_rlc,대기,,https://javalab.org/ko/category/earth/atmosphere/
ac_rlc,지질,,https://javalab.org/ko/category/earth/geology/
ac_rlc,천문천체 관측지구달태양태양계별과 은하,,https://javalab.org/ko/category/astronomy/
ac_rlc,천체 관측,,https://javalab.org/ko/category/astronomy/celestial_observation/
ac_rlc,지구,,https://javalab.org/ko/category/astronomy/planet_earth/
ac_rlc,달,,https://javalab.org/ko/category/astronomy/moon/
ac_rlc,태양,,https://javalab.org/ko/category/astronomy/sun/
ac_rlc,태양계,,https://javalab.org/ko/category/astronomy/solar_system/
ac_rlc,별과 은하,,https://javalab.org/ko/category/astronomy/star/
ac_rlc,생명,,https://javalab.org/ko/category/biology/
ac_rlc,수학수학수학 그래픽스프랙털혼돈 이론,,https://javalab.org/ko/category/math/
ac_rlc,수학,,https://javalab.org/ko/category/math/mathematics/
ac_rlc,수학 그래픽스,,https://javalab.org/ko/category/math/math_graphics/
ac_rlc,프랙털,,https://javalab.org/ko/category/math/fractal/
ac_rlc,혼돈 이론,,https://javalab.org/ko/category/math/chaos/
ac_rlc,테크인공지능마이크로비트3D 프린팅블록 코딩퍼즐아두이노 무작정 따라하기브레드보드 기초 전자회로브레드보드 메이커 교실,,https://javalab.org/ko/category/tech/
ac_rlc,인공지능,,https://javalab.org/ko/category/tech/ai/
ac_rlc,마이크로비트,,https://javalab.org/ko/category/tech/microbit/
ac_rlc,3D 프린팅,,https://javalab.org/ko/category/tech/3d_printing/
ac_rlc,블록 코딩,,https://javalab.org/ko/category/tech/block_coding/
ac_rlc,퍼즐,,https://javalab.org/ko/category/tech/puzzle/
ac_rlc,아두이노 무작정 따라하기,,https://javalab.org/ko/category/tech/arduino/
ac_rlc,브레드보드 기초 전자회로,,https://javalab.org/ko/category/tech/breadboard_1/
ac_rlc,브레드보드 메이커 교실,,https://javalab.org/ko/category/tech/breadboard_maker/
ac_rlc,기타증강현실 (웹캠이용)3D (VR 이용)출판물강의 자료인용사례,,https://javalab.org/ko/category/ar/
ac_rlc,증강현실 (웹캠이용),,https://javalab.org/ko/category/ar/
ac_rlc,3D (VR 이용),,https://javalab.org/ko/category/3d_vr/
ac_rlc,출판물,,https://javalab.org/ko/category/books/
ac_rlc,강의 자료,,https://javalab.org/ko/category/resources/
ac_rlc,● 한국어,,https://javalab.org/ko/category/electricity/ac_rlc/
ac_rlc,"스텝-다운, 스텝-업 레귤레이터 회로의 기본 원리 (DC-DC 컨버터, 직류 변압기)",,https://javalab.org/ko/step_response/
ac_rlc,"스텝-다운, 스텝-업 레귤레이터 회로의 기본 원리 (DC-DC 컨버터, 직류 변압기)",,https://javalab.org/ko/step_response/
ac_rlc,● 한국어,,https://javalab.org/ko/category/electricity/ac_rlc/
electric_circuit,마켓,,https://javalab.org/ko/category/market/
electric_circuit,측정측정 일반데이터 과학 (CSV 파일)Javalab MBL상대성 이론,,https://javalab.org/ko/category/measure/
electric_circuit,측정 일반,,https://javalab.org/ko/category/measure/measurement/
electric_circuit,데이터 과학 (CSV 파일),,https://javalab.org/ko/category/measure/data_science/
electric_circuit,Javalab MBL,,https://javalab.org/ko/category/measure/mbl/
electric_circuit,상대성 이론,,https://javalab.org/ko/category/measure/relativity-ko/
electric_circuit,전기와 자기정전기옴의 법칙전기 회로교류와 RLC회로반도체자기전자기전자기파,,https://javalab.org/ko/category/electricity/
electric_circuit,정전기,,https://javalab.org/ko/category/electricity/static_electricity/
electric_circuit,옴의 법칙,,https://javalab.org/ko/category/electricity/ohms_law/
electric_circuit,전기 회로,,https://javalab.org/ko/category/electricity/electric_circuit/
electric_circuit,교류와 RLC회로,,https://javalab.org/ko/category/electricity/ac_rlc/
electric_circuit,반도체,,https://javalab.org/ko/category/electricity/semiconductor/
electric_circuit,자기,,https://javalab.org/ko/category/electricity/magnetism/
electric_circuit,전자기,,https://javalab.org/ko/category/electricity/electromagnetism/
electric_circuit,전자기파,,https://javalab.org/ko/category/electricity/electromagntic_wave/
electric_circuit,힘과 운동힘관성여러가지 운동충돌진동,,https://javalab.org/ko/category/mechanics/
electric_circuit,힘,,https://javalab.org/ko/category/mechanics/force/
electric_circuit,관성,,https://javalab.org/ko/category/mechanics/inertia/
electric_circuit,여러가지 운동,,https://javalab.org/ko/category/mechanics/movements/
electric_circuit,충돌,,https://javalab.org/ko/category/mechanics/collision/
electric_circuit,진동,,https://javalab.org/ko/category/mechanics/oscillation/
electric_circuit,일과 에너지일의 원리에너지의 변환,,https://javalab.org/ko/category/energy/
electric_circuit,일의 원리,,https://javalab.org/ko/category/energy/principle_of_work/
electric_circuit,에너지의 변환,,https://javalab.org/ko/category/energy/energy_conversion/
electric_circuit,빛과 파동반사굴절색파동파동의 간섭정상파,,https://javalab.org/ko/category/light_wave/
electric_circuit,반사,,https://javalab.org/ko/category/light_wave/reflection/
electric_circuit,굴절,,https://javalab.org/ko/category/light_wave/refraction/
electric_circuit,색,,https://javalab.org/ko/category/light_wave/color/
electric_circuit,파동,,https://javalab.org/ko/category/light_wave/wave/
electric_circuit,파동의 간섭,,https://javalab.org/ko/category/light_wave/interference/
electric_circuit,정상파,,https://javalab.org/ko/category/light_wave/standing_wave/
electric_circuit,원자원자 모형원자와 빛방사능,,https://javalab.org/ko/category/atoms/
electric_circuit,원자 모형,,https://javalab.org/ko/category/atoms/atomic_model/
electric_circuit,원자와 빛,,https://javalab.org/ko/category/atoms/atom_light/
electric_circuit,방사능,,https://javalab.org/ko/category/atoms/radioactivity/
electric_circuit,"화학기체, 액체, 고체열분자 운동용액화학 반응화학 결합전기 화학",,https://javalab.org/ko/category/chemistry/
electric_circuit,"기체, 액체, 고체",,https://javalab.org/ko/category/chemistry/gas/
electric_circuit,열,,https://javalab.org/ko/category/chemistry/heat/
electric_circuit,분자 운동,,https://javalab.org/ko/category/chemistry/molecules_in_motion/
electric_circuit,용액,,https://javalab.org/ko/category/chemistry/solution/
electric_circuit,화학 반응,,https://javalab.org/ko/category/chemistry/chemical_reaction/
electric_circuit,화학 결합,,https://javalab.org/ko/category/chemistry/chemical_bonds/
electric_circuit,전기 화학,,https://javalab.org/ko/category/chemistry/electrochemistry/
electric_circuit,지구대기지질,,https://javalab.org/ko/category/earth/
electric_circuit,대기,,https://javalab.org/ko/category/earth/atmosphere/
electric_circuit,지질,,https://javalab.org/ko/category/earth/geology/
electric_circuit,천문천체 관측지구달태양태양계별과 은하,,https://javalab.org/ko/category/astronomy/
electric_circuit,천체 관측,,https://javalab.org/ko/category/astronomy/celestial_observation/
electric_circuit,지구,,https://javalab.org/ko/category/astronomy/planet_earth/
electric_circuit,달,,https://javalab.org/ko/category/astronomy/moon/
electric_circuit,태양,,https://javalab.org/ko/category/astronomy/sun/
electric_circuit,태양계,,https://javalab.org/ko/category/astronomy/solar_system/
electric_circuit,별과 은하,,https://javalab.org/ko/category/astronomy/star/
electric_circuit,생명,,https://javalab.org/ko/category/biology/
electric_circuit,수학수학수학 그래픽스프랙털혼돈 이론,,https://javalab.org/ko/category/math/
electric_circuit,수학,,https://javalab.org/ko/category/math/mathematics/
electric_circuit,수학 그래픽스,,https://javalab.org/ko/category/math/math_graphics/
electric_circuit,프랙털,,https://javalab.org/ko/category/math/fractal/
electric_circuit,혼돈 이론,,https://javalab.org/ko/category/math/chaos/
electric_circuit,테크인공지능마이크로비트3D 프린팅블록 코딩퍼즐아두이노 무작정 따라하기브레드보드 기초 전자회로브레드보드 메이커 교실,,https://javalab.org/ko/category/tech/
electric_circuit,인공지능,,https://javalab.org/ko/category/tech/ai/
electric_circuit,마이크로비트,,https://javalab.org/ko/category/tech/microbit/
electric_circuit,3D 프린팅,,https://javalab.org/ko/category/tech/3d_printing/
electric_circuit,블록 코딩,,https://javalab.org/ko/category/tech/block_coding/
electric_circuit,퍼즐,,https://javalab.org/ko/category/tech/puzzle/
electric_circuit,아두이노 무작정 따라하기,,https://javalab.org/ko/category/tech/arduino/
electric_circuit,브레드보드 기초 전자회로,,https://javalab.org/ko/category/tech/breadboard_1/
electric_circuit,브레드보드 메이커 교실,,https://javalab.org/ko/category/tech/breadboard_maker/
electric_circuit,기타증강현실 (웹캠이용)3D (VR 이용)출판물강의 자료인용사례,,https://javalab.org/ko/category/ar/
electric_circuit,증강현실 (웹캠이용),,https://javalab.org/ko/category/ar/
electric_circuit,3D (VR 이용),,https://javalab.org/ko/category/3d_vr/
electric_circuit,출판물,,https://javalab.org/ko/category/books/
electric_circuit,강의 자료,,https://javalab.org/ko/category/resources/
electric_circuit,● 한국어,,https://javalab.org/ko/category/electricity/electric_circuit/
electric_circuit,같은 회로,,https://javalab.org/ko/same_circuit/
electric_circuit,같은 회로,,https://javalab.org/ko/same_circuit/
electric_circuit,● 한국어,,https://javalab.org/ko/category/electricity/electric_circuit/
electromagnetism,마켓,,https://javalab.org/ko/category/market/
electromagnetism,측정측정 일반데이터 과학 (CSV 파일)Javalab MBL상대성 이론,,https://javalab.org/ko/category/measure/
electromagnetism,측정 일반,,https://javalab.org/ko/category/measure/measurement/
electromagnetism,데이터 과학 (CSV 파일),,https://javalab.org/ko/category/measure/data_science/
electromagnetism,Javalab MBL,,https://javalab.org/ko/category/measure/mbl/
electromagnetism,상대성 이론,,https://javalab.org/ko/category/measure/relativity-ko/
electromagnetism,전기와 자기정전기옴의 법칙전기 회로교류와 RLC회로반도체자기전자기전자기파,,https://javalab.org/ko/category/electricity/
electromagnetism,정전기,,https://javalab.org/ko/category/electricity/static_electricity/
electromagnetism,옴의 법칙,,https://javalab.org/ko/category/electricity/ohms_law/
electromagnetism,전기 회로,,https://javalab.org/ko/category/electricity/electric_circuit/
electromagnetism,교류와 RLC회로,,https://javalab.org/ko/category/electricity/ac_rlc/
electromagnetism,반도체,,https://javalab.org/ko/category/electricity/semiconductor/
electromagnetism,자기,,https://javalab.org/ko/category/electricity/magnetism/
electromagnetism,전자기,,https://javalab.org/ko/category/electricity/electromagnetism/
electromagnetism,전자기파,,https://javalab.org/ko/category/electricity/electromagntic_wave/
electromagnetism,힘과 운동힘관성여러가지 운동충돌진동,,https://javalab.org/ko/category/mechanics/
electromagnetism,힘,,https://javalab.org/ko/category/mechanics/force/
electromagnetism,관성,,https://javalab.org/ko/category/mechanics/inertia/
electromagnetism,여러가지 운동,,https://javalab.org/ko/category/mechanics/movements/
electromagnetism,충돌,,https://javalab.org/ko/category/mechanics/collision/
electromagnetism,진동,,https://javalab.org/ko/category/mechanics/oscillation/
electromagnetism,일과 에너지일의 원리에너지의 변환,,https://javalab.org/ko/category/energy/
electromagnetism,일의 원리,,https://javalab.org/ko/category/energy/principle_of_work/
electromagnetism,에너지의 변환,,https://javalab.org/ko/category/energy/energy_conversion/
electromagnetism,빛과 파동반사굴절색파동파동의 간섭정상파,,https://javalab.org/ko/category/light_wave/
electromagnetism,반사,,https://javalab.org/ko/category/light_wave/reflection/
electromagnetism,굴절,,https://javalab.org/ko/category/light_wave/refraction/
electromagnetism,색,,https://javalab.org/ko/category/light_wave/color/
electromagnetism,파동,,https://javalab.org/ko/category/light_wave/wave/
electromagnetism,파동의 간섭,,https://javalab.org/ko/category/light_wave/interference/
electromagnetism,정상파,,https://javalab.org/ko/category/light_wave/standing_wave/
electromagnetism,원자원자 모형원자와 빛방사능,,https://javalab.org/ko/category/atoms/
electromagnetism,원자 모형,,https://javalab.org/ko/category/atoms/atomic_model/
electromagnetism,원자와 빛,,https://javalab.org/ko/category/atoms/atom_light/
electromagnetism,방사능,,https://javalab.org/ko/category/atoms/radioactivity/
electromagnetism,"화학기체, 액체, 고체열분자 운동용액화학 반응화학 결합전기 화학",,https://javalab.org/ko/category/chemistry/
electromagnetism,"기체, 액체, 고체",,https://javalab.org/ko/category/chemistry/gas/
electromagnetism,열,,https://javalab.org/ko/category/chemistry/heat/
electromagnetism,분자 운동,,https://javalab.org/ko/category/chemistry/molecules_in_motion/
electromagnetism,용액,,https://javalab.org/ko/category/chemistry/solution/
electromagnetism,화학 반응,,https://javalab.org/ko/category/chemistry/chemical_reaction/
electromagnetism,화학 결합,,https://javalab.org/ko/category/chemistry/chemical_bonds/
electromagnetism,전기 화학,,https://javalab.org/ko/category/chemistry/electrochemistry/
electromagnetism,지구대기지질,,https://javalab.org/ko/category/earth/
electromagnetism,대기,,https://javalab.org/ko/category/earth/atmosphere/
electromagnetism,지질,,https://javalab.org/ko/category/earth/geology/
electromagnetism,천문천체 관측지구달태양태양계별과 은하,,https://javalab.org/ko/category/astronomy/
electromagnetism,천체 관측,,https://javalab.org/ko/category/astronomy/celestial_observation/
electromagnetism,지구,,https://javalab.org/ko/category/astronomy/planet_earth/
electromagnetism,달,,https://javalab.org/ko/category/astronomy/moon/
electromagnetism,태양,,https://javalab.org/ko/category/astronomy/sun/
electromagnetism,태양계,,https://javalab.org/ko/category/astronomy/solar_system/
electromagnetism,별과 은하,,https://javalab.org/ko/category/astronomy/star/
electromagnetism,생명,,https://javalab.org/ko/category/biology/
electromagnetism,수학수학수학 그래픽스프랙털혼돈 이론,,https://javalab.org/ko/category/math/
electromagnetism,수학,,https://javalab.org/ko/category/math/mathematics/
electromagnetism,수학 그래픽스,,https://javalab.org/ko/category/math/math_graphics/
electromagnetism,프랙털,,https://javalab.org/ko/category/math/fractal/
electromagnetism,혼돈 이론,,https://javalab.org/ko/category/math/chaos/
electromagnetism,테크인공지능마이크로비트3D 프린팅블록 코딩퍼즐아두이노 무작정 따라하기브레드보드 기초 전자회로브레드보드 메이커 교실,,https://javalab.org/ko/category/tech/
electromagnetism,인공지능,,https://javalab.org/ko/category/tech/ai/
electromagnetism,마이크로비트,,https://javalab.org/ko/category/tech/microbit/
electromagnetism,3D 프린팅,,https://javalab.org/ko/category/tech/3d_printing/
electromagnetism,블록 코딩,,https://javalab.org/ko/category/tech/block_coding/
electromagnetism,퍼즐,,https://javalab.org/ko/category/tech/puzzle/
electromagnetism,아두이노 무작정 따라하기,,https://javalab.org/ko/category/tech/arduino/
electromagnetism,브레드보드 기초 전자회로,,https://javalab.org/ko/category/tech/breadboard_1/
electromagnetism,브레드보드 메이커 교실,,https://javalab.org/ko/category/tech/breadboard_maker/
electromagnetism,기타증강현실 (웹캠이용)3D (VR 이용)출판물강의 자료인용사례,,https://javalab.org/ko/category/ar/
electromagnetism,증강현실 (웹캠이용),,https://javalab.org/ko/category/ar/
electromagnetism,3D (VR 이용),,https://javalab.org/ko/category/3d_vr/
electromagnetism,출판물,,https://javalab.org/ko/category/books/
electromagnetism,강의 자료,,https://javalab.org/ko/category/resources/
electromagnetism,● 한국어,,https://javalab.org/ko/category/electricity/electromagnetism/
electromagnetism,코일 주위의 자기장 (WEBGL 버전),,https://javalab.org/ko/oersteds_3d/
electromagnetism,코일 주위의 자기장 (WEBGL 버전),,https://javalab.org/ko/oersteds_3d/
electromagnetism,● 한국어,,https://javalab.org/ko/category/electricity/electromagnetism/
electromagntic_wave,마켓,,https://javalab.org/ko/category/market/
electromagntic_wave,측정측정 일반데이터 과학 (CSV 파일)Javalab MBL상대성 이론,,https://javalab.org/ko/category/measure/
electromagntic_wave,측정 일반,,https://javalab.org/ko/category/measure/measurement/
electromagntic_wave,데이터 과학 (CSV 파일),,https://javalab.org/ko/category/measure/data_science/
electromagntic_wave,Javalab MBL,,https://javalab.org/ko/category/measure/mbl/
electromagntic_wave,상대성 이론,,https://javalab.org/ko/category/measure/relativity-ko/
electromagntic_wave,전기와 자기정전기옴의 법칙전기 회로교류와 RLC회로반도체자기전자기전자기파,,https://javalab.org/ko/category/electricity/
electromagntic_wave,정전기,,https://javalab.org/ko/category/electricity/static_electricity/
electromagntic_wave,옴의 법칙,,https://javalab.org/ko/category/electricity/ohms_law/
electromagntic_wave,전기 회로,,https://javalab.org/ko/category/electricity/electric_circuit/
electromagntic_wave,교류와 RLC회로,,https://javalab.org/ko/category/electricity/ac_rlc/
electromagntic_wave,반도체,,https://javalab.org/ko/category/electricity/semiconductor/
electromagntic_wave,자기,,https://javalab.org/ko/category/electricity/magnetism/
electromagntic_wave,전자기,,https://javalab.org/ko/category/electricity/electromagnetism/
electromagntic_wave,전자기파,,https://javalab.org/ko/category/electricity/electromagntic_wave/
electromagntic_wave,힘과 운동힘관성여러가지 운동충돌진동,,https://javalab.org/ko/category/mechanics/
electromagntic_wave,힘,,https://javalab.org/ko/category/mechanics/force/
electromagntic_wave,관성,,https://javalab.org/ko/category/mechanics/inertia/
electromagntic_wave,여러가지 운동,,https://javalab.org/ko/category/mechanics/movements/
electromagntic_wave,충돌,,https://javalab.org/ko/category/mechanics/collision/
electromagntic_wave,진동,,https://javalab.org/ko/category/mechanics/oscillation/
electromagntic_wave,일과 에너지일의 원리에너지의 변환,,https://javalab.org/ko/category/energy/
electromagntic_wave,일의 원리,,https://javalab.org/ko/category/energy/principle_of_work/
electromagntic_wave,에너지의 변환,,https://javalab.org/ko/category/energy/energy_conversion/
electromagntic_wave,빛과 파동반사굴절색파동파동의 간섭정상파,,https://javalab.org/ko/category/light_wave/
electromagntic_wave,반사,,https://javalab.org/ko/category/light_wave/reflection/
electromagntic_wave,굴절,,https://javalab.org/ko/category/light_wave/refraction/
electromagntic_wave,색,,https://javalab.org/ko/category/light_wave/color/
electromagntic_wave,파동,,https://javalab.org/ko/category/light_wave/wave/
electromagntic_wave,파동의 간섭,,https://javalab.org/ko/category/light_wave/interference/
electromagntic_wave,정상파,,https://javalab.org/ko/category/light_wave/standing_wave/
electromagntic_wave,원자원자 모형원자와 빛방사능,,https://javalab.org/ko/category/atoms/
electromagntic_wave,원자 모형,,https://javalab.org/ko/category/atoms/atomic_model/
electromagntic_wave,원자와 빛,,https://javalab.org/ko/category/atoms/atom_light/
electromagntic_wave,방사능,,https://javalab.org/ko/category/atoms/radioactivity/
electromagntic_wave,"화학기체, 액체, 고체열분자 운동용액화학 반응화학 결합전기 화학",,https://javalab.org/ko/category/chemistry/
electromagntic_wave,"기체, 액체, 고체",,https://javalab.org/ko/category/chemistry/gas/
electromagntic_wave,열,,https://javalab.org/ko/category/chemistry/heat/
electromagntic_wave,분자 운동,,https://javalab.org/ko/category/chemistry/molecules_in_motion/
electromagntic_wave,용액,,https://javalab.org/ko/category/chemistry/solution/
electromagntic_wave,화학 반응,,https://javalab.org/ko/category/chemistry/chemical_reaction/
electromagntic_wave,화학 결합,,https://javalab.org/ko/category/chemistry/chemical_bonds/
electromagntic_wave,전기 화학,,https://javalab.org/ko/category/chemistry/electrochemistry/
electromagntic_wave,지구대기지질,,https://javalab.org/ko/category/earth/
electromagntic_wave,대기,,https://javalab.org/ko/category/earth/atmosphere/
electromagntic_wave,지질,,https://javalab.org/ko/category/earth/geology/
electromagntic_wave,천문천체 관측지구달태양태양계별과 은하,,https://javalab.org/ko/category/astronomy/
electromagntic_wave,천체 관측,,https://javalab.org/ko/category/astronomy/celestial_observation/
electromagntic_wave,지구,,https://javalab.org/ko/category/astronomy/planet_earth/
electromagntic_wave,달,,https://javalab.org/ko/category/astronomy/moon/
electromagntic_wave,태양,,https://javalab.org/ko/category/astronomy/sun/
electromagntic_wave,태양계,,https://javalab.org/ko/category/astronomy/solar_system/
electromagntic_wave,별과 은하,,https://javalab.org/ko/category/astronomy/star/
electromagntic_wave,생명,,https://javalab.org/ko/category/biology/
electromagntic_wave,수학수학수학 그래픽스프랙털혼돈 이론,,https://javalab.org/ko/category/math/
electromagntic_wave,수학,,https://javalab.org/ko/category/math/mathematics/
electromagntic_wave,수학 그래픽스,,https://javalab.org/ko/category/math/math_graphics/
electromagntic_wave,프랙털,,https://javalab.org/ko/category/math/fractal/
electromagntic_wave,혼돈 이론,,https://javalab.org/ko/category/math/chaos/
electromagntic_wave,테크인공지능마이크로비트3D 프린팅블록 코딩퍼즐아두이노 무작정 따라하기브레드보드 기초 전자회로브레드보드 메이커 교실,,https://javalab.org/ko/category/tech/
electromagntic_wave,인공지능,,https://javalab.org/ko/category/tech/ai/
electromagntic_wave,마이크로비트,,https://javalab.org/ko/category/tech/microbit/
electromagntic_wave,3D 프린팅,,https://javalab.org/ko/category/tech/3d_printing/
electromagntic_wave,블록 코딩,,https://javalab.org/ko/category/tech/block_coding/
electromagntic_wave,퍼즐,,https://javalab.org/ko/category/tech/puzzle/
electromagntic_wave,아두이노 무작정 따라하기,,https://javalab.org/ko/category/tech/arduino/
electromagntic_wave,브레드보드 기초 전자회로,,https://javalab.org/ko/category/tech/breadboard_1/
electromagntic_wave,브레드보드 메이커 교실,,https://javalab.org/ko/category/tech/breadboard_maker/
electromagntic_wave,기타증강현실 (웹캠이용)3D (VR 이용)출판물강의 자료인용사례,,https://javalab.org/ko/category/ar/
electromagntic_wave,증강현실 (웹캠이용),,https://javalab.org/ko/category/ar/
electromagntic_wave,3D (VR 이용),,https://javalab.org/ko/category/3d_vr/
electromagntic_wave,출판물,,https://javalab.org/ko/category/books/
electromagntic_wave,강의 자료,,https://javalab.org/ko/category/resources/
electromagntic_wave,● 한국어,,https://javalab.org/ko/category/electricity/electromagntic_wave/
electromagntic_wave,"AM, FM 라디오의 변조",,https://javalab.org/ko/am_fm/
electromagntic_wave,"AM, FM 라디오의 변조",,https://javalab.org/ko/am_fm/
electromagntic_wave,● 한국어,,https://javalab.org/ko/category/electricity/electromagntic_wave/
magnetism,마켓,,https://javalab.org/ko/category/market/
magnetism,측정측정 일반데이터 과학 (CSV 파일)Javalab MBL상대성 이론,,https://javalab.org/ko/category/measure/
magnetism,측정 일반,,https://javalab.org/ko/category/measure/measurement/
magnetism,데이터 과학 (CSV 파일),,https://javalab.org/ko/category/measure/data_science/
magnetism,Javalab MBL,,https://javalab.org/ko/category/measure/mbl/
magnetism,상대성 이론,,https://javalab.org/ko/category/measure/relativity-ko/
magnetism,전기와 자기정전기옴의 법칙전기 회로교류와 RLC회로반도체자기전자기전자기파,,https://javalab.org/ko/category/electricity/
magnetism,정전기,,https://javalab.org/ko/category/electricity/static_electricity/
magnetism,옴의 법칙,,https://javalab.org/ko/category/electricity/ohms_law/
magnetism,전기 회로,,https://javalab.org/ko/category/electricity/electric_circuit/
magnetism,교류와 RLC회로,,https://javalab.org/ko/category/electricity/ac_rlc/
magnetism,반도체,,https://javalab.org/ko/category/electricity/semiconductor/
magnetism,자기,,https://javalab.org/ko/category/electricity/magnetism/
magnetism,전자기,,https://javalab.org/ko/category/electricity/electromagnetism/
magnetism,전자기파,,https://javalab.org/ko/category/electricity/electromagntic_wave/
magnetism,힘과 운동힘관성여러가지 운동충돌진동,,https://javalab.org/ko/category/mechanics/
magnetism,힘,,https://javalab.org/ko/category/mechanics/force/
magnetism,관성,,https://javalab.org/ko/category/mechanics/inertia/
magnetism,여러가지 운동,,https://javalab.org/ko/category/mechanics/movements/
magnetism,충돌,,https://javalab.org/ko/category/mechanics/collision/
magnetism,진동,,https://javalab.org/ko/category/mechanics/oscillation/
magnetism,일과 에너지일의 원리에너지의 변환,,https://javalab.org/ko/category/energy/
magnetism,일의 원리,,https://javalab.org/ko/category/energy/principle_of_work/
magnetism,에너지의 변환,,https://javalab.org/ko/category/energy/energy_conversion/
magnetism,빛과 파동반사굴절색파동파동의 간섭정상파,,https://javalab.org/ko/category/light_wave/
magnetism,반사,,https://javalab.org/ko/category/light_wave/reflection/
magnetism,굴절,,https://javalab.org/ko/category/light_wave/refraction/
magnetism,색,,https://javalab.org/ko/category/light_wave/color/
magnetism,파동,,https://javalab.org/ko/category/light_wave/wave/
magnetism,파동의 간섭,,https://javalab.org/ko/category/light_wave/interference/
magnetism,정상파,,https://javalab.org/ko/category/light_wave/standing_wave/
magnetism,원자원자 모형원자와 빛방사능,,https://javalab.org/ko/category/atoms/
magnetism,원자 모형,,https://javalab.org/ko/category/atoms/atomic_model/
magnetism,원자와 빛,,https://javalab.org/ko/category/atoms/atom_light/
magnetism,방사능,,https://javalab.org/ko/category/atoms/radioactivity/
magnetism,"화학기체, 액체, 고체열분자 운동용액화학 반응화학 결합전기 화학",,https://javalab.org/ko/category/chemistry/
magnetism,"기체, 액체, 고체",,https://javalab.org/ko/category/chemistry/gas/
magnetism,열,,https://javalab.org/ko/category/chemistry/heat/
magnetism,분자 운동,,https://javalab.org/ko/category/chemistry/molecules_in_motion/
magnetism,용액,,https://javalab.org/ko/category/chemistry/solution/
magnetism,화학 반응,,https://javalab.org/ko/category/chemistry/chemical_reaction/
magnetism,화학 결합,,https://javalab.org/ko/category/chemistry/chemical_bonds/
magnetism,전기 화학,,https://javalab.org/ko/category/chemistry/electrochemistry/
magnetism,지구대기지질,,https://javalab.org/ko/category/earth/
magnetism,대기,,https://javalab.org/ko/category/earth/atmosphere/
magnetism,지질,,https://javalab.org/ko/category/earth/geology/
magnetism,천문천체 관측지구달태양태양계별과 은하,,https://javalab.org/ko/category/astronomy/
magnetism,천체 관측,,https://javalab.org/ko/category/astronomy/celestial_observation/
magnetism,지구,,https://javalab.org/ko/category/astronomy/planet_earth/
magnetism,달,,https://javalab.org/ko/category/astronomy/moon/
magnetism,태양,,https://javalab.org/ko/category/astronomy/sun/
magnetism,태양계,,https://javalab.org/ko/category/astronomy/solar_system/
magnetism,별과 은하,,https://javalab.org/ko/category/astronomy/star/
magnetism,생명,,https://javalab.org/ko/category/biology/
magnetism,수학수학수학 그래픽스프랙털혼돈 이론,,https://javalab.org/ko/category/math/
magnetism,수학,,https://javalab.org/ko/category/math/mathematics/
magnetism,수학 그래픽스,,https://javalab.org/ko/category/math/math_graphics/
magnetism,프랙털,,https://javalab.org/ko/category/math/fractal/
magnetism,혼돈 이론,,https://javalab.org/ko/category/math/chaos/
magnetism,테크인공지능마이크로비트3D 프린팅블록 코딩퍼즐아두이노 무작정 따라하기브레드보드 기초 전자회로브레드보드 메이커 교실,,https://javalab.org/ko/category/tech/
magnetism,인공지능,,https://javalab.org/ko/category/tech/ai/
magnetism,마이크로비트,,https://javalab.org/ko/category/tech/microbit/
magnetism,3D 프린팅,,https://javalab.org/ko/category/tech/3d_printing/
magnetism,블록 코딩,,https://javalab.org/ko/category/tech/block_coding/
magnetism,퍼즐,,https://javalab.org/ko/category/tech/puzzle/
magnetism,아두이노 무작정 따라하기,,https://javalab.org/ko/category/tech/arduino/
magnetism,브레드보드 기초 전자회로,,https://javalab.org/ko/category/tech/breadboard_1/
magnetism,브레드보드 메이커 교실,,https://javalab.org/ko/category/tech/breadboard_maker/
magnetism,기타증강현실 (웹캠이용)3D (VR 이용)출판물강의 자료인용사례,,https://javalab.org/ko/category/ar/
magnetism,증강현실 (웹캠이용),,https://javalab.org/ko/category/ar/
magnetism,3D (VR 이용),,https://javalab.org/ko/category/3d_vr/
magnetism,출판물,,https://javalab.org/ko/category/books/
magnetism,강의 자료,,https://javalab.org/ko/category/resources/
magnetism,● 한국어,,https://javalab.org/ko/category/electricity/magnetism/
magnetism,자석(or 지구) 주위의 자기장,,https://javalab.org/ko/magnet/
magnetism,자석(or 지구) 주위의 자기장,,https://javalab.org/ko/magnet/
magnetism,● 한국어,,https://javalab.org/ko/category/electricity/magnetism/
ohms_law,마켓,,https://javalab.org/ko/category/market/
ohms_law,측정측정 일반데이터 과학 (CSV 파일)Javalab MBL상대성 이론,,https://javalab.org/ko/category/measure/
ohms_law,측정 일반,,https://javalab.org/ko/category/measure/measurement/
ohms_law,데이터 과학 (CSV 파일),,https://javalab.org/ko/category/measure/data_science/
ohms_law,Javalab MBL,,https://javalab.org/ko/category/measure/mbl/
ohms_law,상대성 이론,,https://javalab.org/ko/category/measure/relativity-ko/
ohms_law,전기와 자기정전기옴의 법칙전기 회로교류와 RLC회로반도체자기전자기전자기파,,https://javalab.org/ko/category/electricity/
ohms_law,정전기,,https://javalab.org/ko/category/electricity/static_electricity/
ohms_law,옴의 법칙,,https://javalab.org/ko/category/electricity/ohms_law/
ohms_law,전기 회로,,https://javalab.org/ko/category/electricity/electric_circuit/
ohms_law,교류와 RLC회로,,https://javalab.org/ko/category/electricity/ac_rlc/
ohms_law,반도체,,https://javalab.org/ko/category/electricity/semiconductor/
ohms_law,자기,,https://javalab.org/ko/category/electricity/magnetism/
ohms_law,전자기,,https://javalab.org/ko/category/electricity/electromagnetism/
ohms_law,전자기파,,https://javalab.org/ko/category/electricity/electromagntic_wave/
ohms_law,힘과 운동힘관성여러가지 운동충돌진동,,https://javalab.org/ko/category/mechanics/
ohms_law,힘,,https://javalab.org/ko/category/mechanics/force/
ohms_law,관성,,https://javalab.org/ko/category/mechanics/inertia/
ohms_law,여러가지 운동,,https://javalab.org/ko/category/mechanics/movements/
ohms_law,충돌,,https://javalab.org/ko/category/mechanics/collision/
ohms_law,진동,,https://javalab.org/ko/category/mechanics/oscillation/
ohms_law,일과 에너지일의 원리에너지의 변환,,https://javalab.org/ko/category/energy/
ohms_law,일의 원리,,https://javalab.org/ko/category/energy/principle_of_work/
ohms_law,에너지의 변환,,https://javalab.org/ko/category/energy/energy_conversion/
ohms_law,빛과 파동반사굴절색파동파동의 간섭정상파,,https://javalab.org/ko/category/light_wave/
ohms_law,반사,,https://javalab.org/ko/category/light_wave/reflection/
ohms_law,굴절,,https://javalab.org/ko/category/light_wave/refraction/
ohms_law,색,,https://javalab.org/ko/category/light_wave/color/
ohms_law,파동,,https://javalab.org/ko/category/light_wave/wave/
ohms_law,파동의 간섭,,https://javalab.org/ko/category/light_wave/interference/
ohms_law,정상파,,https://javalab.org/ko/category/light_wave/standing_wave/
ohms_law,원자원자 모형원자와 빛방사능,,https://javalab.org/ko/category/atoms/
ohms_law,원자 모형,,https://javalab.org/ko/category/atoms/atomic_model/
ohms_law,원자와 빛,,https://javalab.org/ko/category/atoms/atom_light/
ohms_law,방사능,,https://javalab.org/ko/category/atoms/radioactivity/
ohms_law,"화학기체, 액체, 고체열분자 운동용액화학 반응화학 결합전기 화학",,https://javalab.org/ko/category/chemistry/
ohms_law,"기체, 액체, 고체",,https://javalab.org/ko/category/chemistry/gas/
ohms_law,열,,https://javalab.org/ko/category/chemistry/heat/
ohms_law,분자 운동,,https://javalab.org/ko/category/chemistry/molecules_in_motion/
ohms_law,용액,,https://javalab.org/ko/category/chemistry/solution/
ohms_law,화학 반응,,https://javalab.org/ko/category/chemistry/chemical_reaction/
ohms_law,화학 결합,,https://javalab.org/ko/category/chemistry/chemical_bonds/
ohms_law,전기 화학,,https://javalab.org/ko/category/chemistry/electrochemistry/
ohms_law,지구대기지질,,https://javalab.org/ko/category/earth/
ohms_law,대기,,https://javalab.org/ko/category/earth/atmosphere/
ohms_law,지질,,https://javalab.org/ko/category/earth/geology/
ohms_law,천문천체 관측지구달태양태양계별과 은하,,https://javalab.org/ko/category/astronomy/
ohms_law,천체 관측,,https://javalab.org/ko/category/astronomy/celestial_observation/
ohms_law,지구,,https://javalab.org/ko/category/astronomy/planet_earth/
ohms_law,달,,https://javalab.org/ko/category/astronomy/moon/
ohms_law,태양,,https://javalab.org/ko/category/astronomy/sun/
ohms_law,태양계,,https://javalab.org/ko/category/astronomy/solar_system/
ohms_law,별과 은하,,https://javalab.org/ko/category/astronomy/star/
ohms_law,생명,,https://javalab.org/ko/category/biology/
ohms_law,수학수학수학 그래픽스프랙털혼돈 이론,,https://javalab.org/ko/category/math/
ohms_law,수학,,https://javalab.org/ko/category/math/mathematics/
ohms_law,수학 그래픽스,,https://javalab.org/ko/category/math/math_graphics/
ohms_law,프랙털,,https://javalab.org/ko/category/math/fractal/
ohms_law,혼돈 이론,,https://javalab.org/ko/category/math/chaos/
ohms_law,테크인공지능마이크로비트3D 프린팅블록 코딩퍼즐아두이노 무작정 따라하기브레드보드 기초 전자회로브레드보드 메이커 교실,,https://javalab.org/ko/category/tech/
ohms_law,인공지능,,https://javalab.org/ko/category/tech/ai/
ohms_law,마이크로비트,,https://javalab.org/ko/category/tech/microbit/
ohms_law,3D 프린팅,,https://javalab.org/ko/category/tech/3d_printing/
ohms_law,블록 코딩,,https://javalab.org/ko/category/tech/block_coding/
ohms_law,퍼즐,,https://javalab.org/ko/category/tech/puzzle/
ohms_law,아두이노 무작정 따라하기,,https://javalab.org/ko/category/tech/arduino/
ohms_law,브레드보드 기초 전자회로,,https://javalab.org/ko/category/tech/breadboard_1/
ohms_law,브레드보드 메이커 교실,,https://javalab.org/ko/category/tech/breadboard_maker/
ohms_law,기타증강현실 (웹캠이용)3D (VR 이용)출판물강의 자료인용사례,,https://javalab.org/ko/category/ar/
ohms_law,증강현실 (웹캠이용),,https://javalab.org/ko/category/ar/
ohms_law,3D (VR 이용),,https://javalab.org/ko/category/3d_vr/
ohms_law,출판물,,https://javalab.org/ko/category/books/
ohms_law,강의 자료,,https://javalab.org/ko/category/resources/
ohms_law,● 한국어,,https://javalab.org/ko/category/electricity/ohms_law/
ohms_law,백열전구(저항의 열작용),,https://javalab.org/ko/incandescence/
ohms_law,백열전구(저항의 열작용),,https://javalab.org/ko/incandescence/
ohms_law,● 한국어,,https://javalab.org/ko/category/electricity/ohms_law/
semiconductor,마켓,,https://javalab.org/ko/category/market/
semiconductor,측정측정 일반데이터 과학 (CSV 파일)Javalab MBL상대성 이론,,https://javalab.org/ko/category/measure/
semiconductor,측정 일반,,https://javalab.org/ko/category/measure/measurement/
semiconductor,데이터 과학 (CSV 파일),,https://javalab.org/ko/category/measure/data_science/
semiconductor,Javalab MBL,,https://javalab.org/ko/category/measure/mbl/
semiconductor,상대성 이론,,https://javalab.org/ko/category/measure/relativity-ko/
semiconductor,전기와 자기정전기옴의 법칙전기 회로교류와 RLC회로반도체자기전자기전자기파,,https://javalab.org/ko/category/electricity/
semiconductor,정전기,,https://javalab.org/ko/category/electricity/static_electricity/
semiconductor,옴의 법칙,,https://javalab.org/ko/category/electricity/ohms_law/
semiconductor,전기 회로,,https://javalab.org/ko/category/electricity/electric_circuit/
semiconductor,교류와 RLC회로,,https://javalab.org/ko/category/electricity/ac_rlc/
semiconductor,반도체,,https://javalab.org/ko/category/electricity/semiconductor/
semiconductor,자기,,https://javalab.org/ko/category/electricity/magnetism/
semiconductor,전자기,,https://javalab.org/ko/category/electricity/electromagnetism/
semiconductor,전자기파,,https://javalab.org/ko/category/electricity/electromagntic_wave/
semiconductor,힘과 운동힘관성여러가지 운동충돌진동,,https://javalab.org/ko/category/mechanics/
semiconductor,힘,,https://javalab.org/ko/category/mechanics/force/
semiconductor,관성,,https://javalab.org/ko/category/mechanics/inertia/
semiconductor,여러가지 운동,,https://javalab.org/ko/category/mechanics/movements/
semiconductor,충돌,,https://javalab.org/ko/category/mechanics/collision/
semiconductor,진동,,https://javalab.org/ko/category/mechanics/oscillation/
semiconductor,일과 에너지일의 원리에너지의 변환,,https://javalab.org/ko/category/energy/
semiconductor,일의 원리,,https://javalab.org/ko/category/energy/principle_of_work/
semiconductor,에너지의 변환,,https://javalab.org/ko/category/energy/energy_conversion/
semiconductor,빛과 파동반사굴절색파동파동의 간섭정상파,,https://javalab.org/ko/category/light_wave/
semiconductor,반사,,https://javalab.org/ko/category/light_wave/reflection/
semiconductor,굴절,,https://javalab.org/ko/category/light_wave/refraction/
semiconductor,색,,https://javalab.org/ko/category/light_wave/color/
semiconductor,파동,,https://javalab.org/ko/category/light_wave/wave/
semiconductor,파동의 간섭,,https://javalab.org/ko/category/light_wave/interference/
semiconductor,정상파,,https://javalab.org/ko/category/light_wave/standing_wave/
semiconductor,원자원자 모형원자와 빛방사능,,https://javalab.org/ko/category/atoms/
semiconductor,원자 모형,,https://javalab.org/ko/category/atoms/atomic_model/
semiconductor,원자와 빛,,https://javalab.org/ko/category/atoms/atom_light/
semiconductor,방사능,,https://javalab.org/ko/category/atoms/radioactivity/
semiconductor,"화학기체, 액체, 고체열분자 운동용액화학 반응화학 결합전기 화학",,https://javalab.org/ko/category/chemistry/
semiconductor,"기체, 액체, 고체",,https://javalab.org/ko/category/chemistry/gas/
semiconductor,열,,https://javalab.org/ko/category/chemistry/heat/
semiconductor,분자 운동,,https://javalab.org/ko/category/chemistry/molecules_in_motion/
semiconductor,용액,,https://javalab.org/ko/category/chemistry/solution/
semiconductor,화학 반응,,https://javalab.org/ko/category/chemistry/chemical_reaction/
semiconductor,화학 결합,,https://javalab.org/ko/category/chemistry/chemical_bonds/
semiconductor,전기 화학,,https://javalab.org/ko/category/chemistry/electrochemistry/
semiconductor,지구대기지질,,https://javalab.org/ko/category/earth/
semiconductor,대기,,https://javalab.org/ko/category/earth/atmosphere/
semiconductor,지질,,https://javalab.org/ko/category/earth/geology/
semiconductor,천문천체 관측지구달태양태양계별과 은하,,https://javalab.org/ko/category/astronomy/
semiconductor,천체 관측,,https://javalab.org/ko/category/astronomy/celestial_observation/
semiconductor,지구,,https://javalab.org/ko/category/astronomy/planet_earth/
semiconductor,달,,https://javalab.org/ko/category/astronomy/moon/
semiconductor,태양,,https://javalab.org/ko/category/astronomy/sun/
semiconductor,태양계,,https://javalab.org/ko/category/astronomy/solar_system/
semiconductor,별과 은하,,https://javalab.org/ko/category/astronomy/star/
semiconductor,생명,,https://javalab.org/ko/category/biology/
semiconductor,수학수학수학 그래픽스프랙털혼돈 이론,,https://javalab.org/ko/category/math/
semiconductor,수학,,https://javalab.org/ko/category/math/mathematics/
semiconductor,수학 그래픽스,,https://javalab.org/ko/category/math/math_graphics/
semiconductor,프랙털,,https://javalab.org/ko/category/math/fractal/
semiconductor,혼돈 이론,,https://javalab.org/ko/category/math/chaos/
semiconductor,테크인공지능마이크로비트3D 프린팅블록 코딩퍼즐아두이노 무작정 따라하기브레드보드 기초 전자회로브레드보드 메이커 교실,,https://javalab.org/ko/category/tech/
semiconductor,인공지능,,https://javalab.org/ko/category/tech/ai/
semiconductor,마이크로비트,,https://javalab.org/ko/category/tech/microbit/
semiconductor,3D 프린팅,,https://javalab.org/ko/category/tech/3d_printing/
semiconductor,블록 코딩,,https://javalab.org/ko/category/tech/block_coding/
semiconductor,퍼즐,,https://javalab.org/ko/category/tech/puzzle/
semiconductor,아두이노 무작정 따라하기,,https://javalab.org/ko/category/tech/arduino/
semiconductor,브레드보드 기초 전자회로,,https://javalab.org/ko/category/tech/breadboard_1/
semiconductor,브레드보드 메이커 교실,,https://javalab.org/ko/category/tech/breadboard_maker/
semiconductor,기타증강현실 (웹캠이용)3D (VR 이용)출판물강의 자료인용사례,,https://javalab.org/ko/category/ar/
semiconductor,증강현실 (웹캠이용),,https://javalab.org/ko/category/ar/
semiconductor,3D (VR 이용),,https://javalab.org/ko/category/3d_vr/
semiconductor,출판물,,https://javalab.org/ko/category/books/
semiconductor,강의 자료,,https://javalab.org/ko/category/resources/
semiconductor,● 한국어,,https://javalab.org/ko/category/electricity/semiconductor/
semiconductor,반가산기(Half Adder),,https://javalab.org/ko/half_adder/
semiconductor,반가산기(Half Adder),,https://javalab.org/ko/half_adder/
semiconductor,● 한국어,,https://javalab.org/ko/category/electricity/semiconductor/
static_electricity,마켓,,https://javalab.org/ko/category/market/
static_electricity,측정측정 일반데이터 과학 (CSV 파일)Javalab MBL상대성 이론,,https://javalab.org/ko/category/measure/
static_electricity,측정 일반,,https://javalab.org/ko/category/measure/measurement/
static_electricity,데이터 과학 (CSV 파일),,https://javalab.org/ko/category/measure/data_science/
static_electricity,Javalab MBL,,https://javalab.org/ko/category/measure/mbl/
static_electricity,상대성 이론,,https://javalab.org/ko/category/measure/relativity-ko/
static_electricity,전기와 자기정전기옴의 법칙전기 회로교류와 RLC회로반도체자기전자기전자기파,,https://javalab.org/ko/category/electricity/
static_electricity,정전기,,https://javalab.org/ko/category/electricity/static_electricity/
static_electricity,옴의 법칙,,https://javalab.org/ko/category/electricity/ohms_law/
static_electricity,전기 회로,,https://javalab.org/ko/category/electricity/electric_circuit/
static_electricity,교류와 RLC회로,,https://javalab.org/ko/category/electricity/ac_rlc/
static_electricity,반도체,,https://javalab.org/ko/category/electricity/semiconductor/
static_electricity,자기,,https://javalab.org/ko/category/electricity/magnetism/
static_electricity,전자기,,https://javalab.org/ko/category/electricity/electromagnetism/
static_electricity,전자기파,,https://javalab.org/ko/category/electricity/electromagntic_wave/
static_electricity,힘과 운동힘관성여러가지 운동충돌진동,,https://javalab.org/ko/category/mechanics/
static_electricity,힘,,https://javalab.org/ko/category/mechanics/force/
static_electricity,관성,,https://javalab.org/ko/category/mechanics/inertia/
static_electricity,여러가지 운동,,https://javalab.org/ko/category/mechanics/movements/
static_electricity,충돌,,https://javalab.org/ko/category/mechanics/collision/
static_electricity,진동,,https://javalab.org/ko/category/mechanics/oscillation/
static_electricity,일과 에너지일의 원리에너지의 변환,,https://javalab.org/ko/category/energy/
static_electricity,일의 원리,,https://javalab.org/ko/category/energy/principle_of_work/
static_electricity,에너지의 변환,,https://javalab.org/ko/category/energy/energy_conversion/
static_electricity,빛과 파동반사굴절색파동파동의 간섭정상파,,https://javalab.org/ko/category/light_wave/
static_electricity,반사,,https://javalab.org/ko/category/light_wave/reflection/
static_electricity,굴절,,https://javalab.org/ko/category/light_wave/refraction/
static_electricity,색,,https://javalab.org/ko/category/light_wave/color/
static_electricity,파동,,https://javalab.org/ko/category/light_wave/wave/
static_electricity,파동의 간섭,,https://javalab.org/ko/category/light_wave/interference/
static_electricity,정상파,,https://javalab.org/ko/category/light_wave/standing_wave/
static_electricity,원자원자 모형원자와 빛방사능,,https://javalab.org/ko/category/atoms/
static_electricity,원자 모형,,https://javalab.org/ko/category/atoms/atomic_model/
static_electricity,원자와 빛,,https://javalab.org/ko/category/atoms/atom_light/
static_electricity,방사능,,https://javalab.org/ko/category/atoms/radioactivity/
static_electricity,"화학기체, 액체, 고체열분자 운동용액화학 반응화학 결합전기 화학",,https://javalab.org/ko/category/chemistry/
static_electricity,"기체, 액체, 고체",,https://javalab.org/ko/category/chemistry/gas/
static_electricity,열,,https://javalab.org/ko/category/chemistry/heat/
static_electricity,분자 운동,,https://javalab.org/ko/category/chemistry/molecules_in_motion/
static_electricity,용액,,https://javalab.org/ko/category/chemistry/solution/
static_electricity,화학 반응,,https://javalab.org/ko/category/chemistry/chemical_reaction/
static_electricity,화학 결합,,https://javalab.org/ko/category/chemistry/chemical_bonds/
static_electricity,전기 화학,,https://javalab.org/ko/category/chemistry/electrochemistry/
static_electricity,지구대기지질,,https://javalab.org/ko/category/earth/
static_electricity,대기,,https://javalab.org/ko/category/earth/atmosphere/
static_electricity,지질,,https://javalab.org/ko/category/earth/geology/
static_electricity,천문천체 관측지구달태양태양계별과 은하,,https://javalab.org/ko/category/astronomy/
static_electricity,천체 관측,,https://javalab.org/ko/category/astronomy/celestial_observation/
static_electricity,지구,,https://javalab.org/ko/category/astronomy/planet_earth/
static_electricity,달,,https://javalab.org/ko/category/astronomy/moon/
static_electricity,태양,,https://javalab.org/ko/category/astronomy/sun/
static_electricity,태양계,,https://javalab.org/ko/category/astronomy/solar_system/
static_electricity,별과 은하,,https://javalab.org/ko/category/astronomy/star/
static_electricity,생명,,https://javalab.org/ko/category/biology/
static_electricity,수학수학수학 그래픽스프랙털혼돈 이론,,https://javalab.org/ko/category/math/
static_electricity,수학,,https://javalab.org/ko/category/math/mathematics/
static_electricity,수학 그래픽스,,https://javalab.org/ko/category/math/math_graphics/
static_electricity,프랙털,,https://javalab.org/ko/category/math/fractal/
static_electricity,혼돈 이론,,https://javalab.org/ko/category/math/chaos/
static_electricity,테크인공지능마이크로비트3D 프린팅블록 코딩퍼즐아두이노 무작정 따라하기브레드보드 기초 전자회로브레드보드 메이커 교실,,https://javalab.org/ko/category/tech/
static_electricity,인공지능,,https://javalab.org/ko/category/tech/ai/
static_electricity,마이크로비트,,https://javalab.org/ko/category/tech/microbit/
static_electricity,3D 프린팅,,https://javalab.org/ko/category/tech/3d_printing/
static_electricity,블록 코딩,,https://javalab.org/ko/category/tech/block_coding/
static_electricity,퍼즐,,https://javalab.org/ko/category/tech/puzzle/
static_electricity,아두이노 무작정 따라하기,,https://javalab.org/ko/category/tech/arduino/
static_electricity,브레드보드 기초 전자회로,,https://javalab.org/ko/category/tech/breadboard_1/
static_electricity,브레드보드 메이커 교실,,https://javalab.org/ko/category/tech/breadboard_maker/
static_electricity,기타증강현실 (웹캠이용)3D (VR 이용)출판물강의 자료인용사례,,https://javalab.org/ko/category/ar/
static_electricity,증강현실 (웹캠이용),,https://javalab.org/ko/category/ar/
static_electricity,3D (VR 이용),,https://javalab.org/ko/category/3d_vr/
static_electricity,출판물,,https://javalab.org/ko/category/books/
static_electricity,강의 자료,,https://javalab.org/ko/category/resources/
static_electricity,● 한국어,,https://javalab.org/ko/category/electricity/static_electricity/
static_electricity,라이덴 (Leyden) 병,,https://javalab.org/ko/leyden_jar/
static_electricity,라이덴 (Leyden) 병,,https://javalab.org/ko/leyden_jar/
static_electricity,● 한국어,,https://javalab.org/ko/category/electricity/static_electricity/
energy,마켓,,https://javalab.org/ko/category/market/
energy,측정측정 일반데이터 과학 (CSV 파일)Javalab MBL상대성 이론,,https://javalab.org/ko/category/measure/
energy,측정 일반,,https://javalab.org/ko/category/measure/measurement/
energy,데이터 과학 (CSV 파일),,https://javalab.org/ko/category/measure/data_science/
energy,Javalab MBL,,https://javalab.org/ko/category/measure/mbl/
energy,상대성 이론,,https://javalab.org/ko/category/measure/relativity-ko/
energy,전기와 자기정전기옴의 법칙전기 회로교류와 RLC회로반도체자기전자기전자기파,,https://javalab.org/ko/category/electricity/
energy,정전기,,https://javalab.org/ko/category/electricity/static_electricity/
energy,옴의 법칙,,https://javalab.org/ko/category/electricity/ohms_law/
energy,전기 회로,,https://javalab.org/ko/category/electricity/electric_circuit/
energy,교류와 RLC회로,,https://javalab.org/ko/category/electricity/ac_rlc/
energy,반도체,,https://javalab.org/ko/category/electricity/semiconductor/
energy,자기,,https://javalab.org/ko/category/electricity/magnetism/
energy,전자기,,https://javalab.org/ko/category/electricity/electromagnetism/
energy,전자기파,,https://javalab.org/ko/category/electricity/electromagntic_wave/
energy,힘과 운동힘관성여러가지 운동충돌진동,,https://javalab.org/ko/category/mechanics/
energy,힘,,https://javalab.org/ko/category/mechanics/force/
energy,관성,,https://javalab.org/ko/category/mechanics/inertia/
energy,여러가지 운동,,https://javalab.org/ko/category/mechanics/movements/
energy,충돌,,https://javalab.org/ko/category/mechanics/collision/
energy,진동,,https://javalab.org/ko/category/mechanics/oscillation/
energy,일과 에너지일의 원리에너지의 변환,,https://javalab.org/ko/category/energy/
energy,일의 원리,,https://javalab.org/ko/category/energy/principle_of_work/
energy,에너지의 변환,,https://javalab.org/ko/category/energy/energy_conversion/
energy,빛과 파동반사굴절색파동파동의 간섭정상파,,https://javalab.org/ko/category/light_wave/
energy,반사,,https://javalab.org/ko/category/light_wave/reflection/
energy,굴절,,https://javalab.org/ko/category/light_wave/refraction/
energy,색,,https://javalab.org/ko/category/light_wave/color/
energy,파동,,https://javalab.org/ko/category/light_wave/wave/
energy,파동의 간섭,,https://javalab.org/ko/category/light_wave/interference/
energy,정상파,,https://javalab.org/ko/category/light_wave/standing_wave/
energy,원자원자 모형원자와 빛방사능,,https://javalab.org/ko/category/atoms/
energy,원자 모형,,https://javalab.org/ko/category/atoms/atomic_model/
energy,원자와 빛,,https://javalab.org/ko/category/atoms/atom_light/
energy,방사능,,https://javalab.org/ko/category/atoms/radioactivity/
energy,"화학기체, 액체, 고체열분자 운동용액화학 반응화학 결합전기 화학",,https://javalab.org/ko/category/chemistry/
energy,"기체, 액체, 고체",,https://javalab.org/ko/category/chemistry/gas/
energy,열,,https://javalab.org/ko/category/chemistry/heat/
energy,분자 운동,,https://javalab.org/ko/category/chemistry/molecules_in_motion/
energy,용액,,https://javalab.org/ko/category/chemistry/solution/
energy,화학 반응,,https://javalab.org/ko/category/chemistry/chemical_reaction/
energy,화학 결합,,https://javalab.org/ko/category/chemistry/chemical_bonds/
energy,전기 화학,,https://javalab.org/ko/category/chemistry/electrochemistry/
energy,지구대기지질,,https://javalab.org/ko/category/earth/
energy,대기,,https://javalab.org/ko/category/earth/atmosphere/
energy,지질,,https://javalab.org/ko/category/earth/geology/
energy,천문천체 관측지구달태양태양계별과 은하,,https://javalab.org/ko/category/astronomy/
energy,천체 관측,,https://javalab.org/ko/category/astronomy/celestial_observation/
energy,지구,,https://javalab.org/ko/category/astronomy/planet_earth/
energy,달,,https://javalab.org/ko/category/astronomy/moon/
energy,태양,,https://javalab.org/ko/category/astronomy/sun/
energy,태양계,,https://javalab.org/ko/category/astronomy/solar_system/
energy,별과 은하,,https://javalab.org/ko/category/astronomy/star/
energy,생명,,https://javalab.org/ko/category/biology/
energy,수학수학수학 그래픽스프랙털혼돈 이론,,https://javalab.org/ko/category/math/
energy,수학,,https://javalab.org/ko/category/math/mathematics/
energy,수학 그래픽스,,https://javalab.org/ko/category/math/math_graphics/
energy,프랙털,,https://javalab.org/ko/category/math/fractal/
energy,혼돈 이론,,https://javalab.org/ko/category/math/chaos/
energy,테크인공지능마이크로비트3D 프린팅블록 코딩퍼즐아두이노 무작정 따라하기브레드보드 기초 전자회로브레드보드 메이커 교실,,https://javalab.org/ko/category/tech/
energy,인공지능,,https://javalab.org/ko/category/tech/ai/
energy,마이크로비트,,https://javalab.org/ko/category/tech/microbit/
energy,3D 프린팅,,https://javalab.org/ko/category/tech/3d_printing/
energy,블록 코딩,,https://javalab.org/ko/category/tech/block_coding/
energy,퍼즐,,https://javalab.org/ko/category/tech/puzzle/
energy,아두이노 무작정 따라하기,,https://javalab.org/ko/category/tech/arduino/
energy,브레드보드 기초 전자회로,,https://javalab.org/ko/category/tech/breadboard_1/
energy,브레드보드 메이커 교실,,https://javalab.org/ko/category/tech/breadboard_maker/
energy,기타증강현실 (웹캠이용)3D (VR 이용)출판물강의 자료인용사례,,https://javalab.org/ko/category/ar/
energy,증강현실 (웹캠이용),,https://javalab.org/ko/category/ar/
energy,3D (VR 이용),,https://javalab.org/ko/category/3d_vr/
energy,출판물,,https://javalab.org/ko/category/books/
energy,강의 자료,,https://javalab.org/ko/category/resources/
energy,● 한국어,,https://javalab.org/ko/category/energy/
energy,자유 낙하 실험 2,,https://javalab.org/ko/free_falling_2/
energy,자유 낙하 실험 2,,https://javalab.org/ko/free_falling_2/
energy,● 한국어,,https://javalab.org/ko/category/energy/
energy_conversion,마켓,,https://javalab.org/ko/category/market/
energy_conversion,측정측정 일반데이터 과학 (CSV 파일)Javalab MBL상대성 이론,,https://javalab.org/ko/category/measure/
energy_conversion,측정 일반,,https://javalab.org/ko/category/measure/measurement/
energy_conversion,데이터 과학 (CSV 파일),,https://javalab.org/ko/category/measure/data_science/
energy_conversion,Javalab MBL,,https://javalab.org/ko/category/measure/mbl/
energy_conversion,상대성 이론,,https://javalab.org/ko/category/measure/relativity-ko/
energy_conversion,전기와 자기정전기옴의 법칙전기 회로교류와 RLC회로반도체자기전자기전자기파,,https://javalab.org/ko/category/electricity/
energy_conversion,정전기,,https://javalab.org/ko/category/electricity/static_electricity/
energy_conversion,옴의 법칙,,https://javalab.org/ko/category/electricity/ohms_law/
energy_conversion,전기 회로,,https://javalab.org/ko/category/electricity/electric_circuit/
energy_conversion,교류와 RLC회로,,https://javalab.org/ko/category/electricity/ac_rlc/
energy_conversion,반도체,,https://javalab.org/ko/category/electricity/semiconductor/
energy_conversion,자기,,https://javalab.org/ko/category/electricity/magnetism/
energy_conversion,전자기,,https://javalab.org/ko/category/electricity/electromagnetism/
energy_conversion,전자기파,,https://javalab.org/ko/category/electricity/electromagntic_wave/
energy_conversion,힘과 운동힘관성여러가지 운동충돌진동,,https://javalab.org/ko/category/mechanics/
energy_conversion,힘,,https://javalab.org/ko/category/mechanics/force/
energy_conversion,관성,,https://javalab.org/ko/category/mechanics/inertia/
energy_conversion,여러가지 운동,,https://javalab.org/ko/category/mechanics/movements/
energy_conversion,충돌,,https://javalab.org/ko/category/mechanics/collision/
energy_conversion,진동,,https://javalab.org/ko/category/mechanics/oscillation/
energy_conversion,일과 에너지일의 원리에너지의 변환,,https://javalab.org/ko/category/energy/
energy_conversion,일의 원리,,https://javalab.org/ko/category/energy/principle_of_work/
energy_conversion,에너지의 변환,,https://javalab.org/ko/category/energy/energy_conversion/
energy_conversion,빛과 파동반사굴절색파동파동의 간섭정상파,,https://javalab.org/ko/category/light_wave/
energy_conversion,반사,,https://javalab.org/ko/category/light_wave/reflection/
energy_conversion,굴절,,https://javalab.org/ko/category/light_wave/refraction/
energy_conversion,색,,https://javalab.org/ko/category/light_wave/color/
energy_conversion,파동,,https://javalab.org/ko/category/light_wave/wave/
energy_conversion,파동의 간섭,,https://javalab.org/ko/category/light_wave/interference/
energy_conversion,정상파,,https://javalab.org/ko/category/light_wave/standing_wave/
energy_conversion,원자원자 모형원자와 빛방사능,,https://javalab.org/ko/category/atoms/
energy_conversion,원자 모형,,https://javalab.org/ko/category/atoms/atomic_model/
energy_conversion,원자와 빛,,https://javalab.org/ko/category/atoms/atom_light/
energy_conversion,방사능,,https://javalab.org/ko/category/atoms/radioactivity/
energy_conversion,"화학기체, 액체, 고체열분자 운동용액화학 반응화학 결합전기 화학",,https://javalab.org/ko/category/chemistry/
energy_conversion,"기체, 액체, 고체",,https://javalab.org/ko/category/chemistry/gas/
energy_conversion,열,,https://javalab.org/ko/category/chemistry/heat/
energy_conversion,분자 운동,,https://javalab.org/ko/category/chemistry/molecules_in_motion/
energy_conversion,용액,,https://javalab.org/ko/category/chemistry/solution/
energy_conversion,화학 반응,,https://javalab.org/ko/category/chemistry/chemical_reaction/
energy_conversion,화학 결합,,https://javalab.org/ko/category/chemistry/chemical_bonds/
energy_conversion,전기 화학,,https://javalab.org/ko/category/chemistry/electrochemistry/
energy_conversion,지구대기지질,,https://javalab.org/ko/category/earth/
energy_conversion,대기,,https://javalab.org/ko/category/earth/atmosphere/
energy_conversion,지질,,https://javalab.org/ko/category/earth/geology/
energy_conversion,천문천체 관측지구달태양태양계별과 은하,,https://javalab.org/ko/category/astronomy/
energy_conversion,천체 관측,,https://javalab.org/ko/category/astronomy/celestial_observation/
energy_conversion,지구,,https://javalab.org/ko/category/astronomy/planet_earth/
energy_conversion,달,,https://javalab.org/ko/category/astronomy/moon/
energy_conversion,태양,,https://javalab.org/ko/category/astronomy/sun/
energy_conversion,태양계,,https://javalab.org/ko/category/astronomy/solar_system/
energy_conversion,별과 은하,,https://javalab.org/ko/category/astronomy/star/
energy_conversion,생명,,https://javalab.org/ko/category/biology/
energy_conversion,수학수학수학 그래픽스프랙털혼돈 이론,,https://javalab.org/ko/category/math/
energy_conversion,수학,,https://javalab.org/ko/category/math/mathematics/
energy_conversion,수학 그래픽스,,https://javalab.org/ko/category/math/math_graphics/
energy_conversion,프랙털,,https://javalab.org/ko/category/math/fractal/
energy_conversion,혼돈 이론,,https://javalab.org/ko/category/math/chaos/
energy_conversion,테크인공지능마이크로비트3D 프린팅블록 코딩퍼즐아두이노 무작정 따라하기브레드보드 기초 전자회로브레드보드 메이커 교실,,https://javalab.org/ko/category/tech/
energy_conversion,인공지능,,https://javalab.org/ko/category/tech/ai/
energy_conversion,마이크로비트,,https://javalab.org/ko/category/tech/microbit/
energy_conversion,3D 프린팅,,https://javalab.org/ko/category/tech/3d_printing/
energy_conversion,블록 코딩,,https://javalab.org/ko/category/tech/block_coding/
energy_conversion,퍼즐,,https://javalab.org/ko/category/tech/puzzle/
energy_conversion,아두이노 무작정 따라하기,,https://javalab.org/ko/category/tech/arduino/
energy_conversion,브레드보드 기초 전자회로,,https://javalab.org/ko/category/tech/breadboard_1/
energy_conversion,브레드보드 메이커 교실,,https://javalab.org/ko/category/tech/breadboard_maker/
energy_conversion,기타증강현실 (웹캠이용)3D (VR 이용)출판물강의 자료인용사례,,https://javalab.org/ko/category/ar/
energy_conversion,증강현실 (웹캠이용),,https://javalab.org/ko/category/ar/
energy_conversion,3D (VR 이용),,https://javalab.org/ko/category/3d_vr/
energy_conversion,출판물,,https://javalab.org/ko/category/books/
energy_conversion,강의 자료,,https://javalab.org/ko/category/resources/
energy_conversion,● 한국어,,https://javalab.org/ko/category/energy/energy_conversion/
energy_conversion,자유 낙하 실험 2,,https://javalab.org/ko/free_falling_2/
energy_conversion,자유 낙하 실험 2,,https://javalab.org/ko/free_falling_2/
energy_conversion,● 한국어,,https://javalab.org/ko/category/energy/energy_conversion/
principle_of_work,마켓,,https://javalab.org/ko/category/market/
principle_of_work,측정측정 일반데이터 과학 (CSV 파일)Javalab MBL상대성 이론,,https://javalab.org/ko/category/measure/
principle_of_work,측정 일반,,https://javalab.org/ko/category/measure/measurement/
principle_of_work,데이터 과학 (CSV 파일),,https://javalab.org/ko/category/measure/data_science/
principle_of_work,Javalab MBL,,https://javalab.org/ko/category/measure/mbl/
principle_of_work,상대성 이론,,https://javalab.org/ko/category/measure/relativity-ko/
principle_of_work,전기와 자기정전기옴의 법칙전기 회로교류와 RLC회로반도체자기전자기전자기파,,https://javalab.org/ko/category/electricity/
principle_of_work,정전기,,https://javalab.org/ko/category/electricity/static_electricity/
principle_of_work,옴의 법칙,,https://javalab.org/ko/category/electricity/ohms_law/
principle_of_work,전기 회로,,https://javalab.org/ko/category/electricity/electric_circuit/
principle_of_work,교류와 RLC회로,,https://javalab.org/ko/category/electricity/ac_rlc/
principle_of_work,반도체,,https://javalab.org/ko/category/electricity/semiconductor/
principle_of_work,자기,,https://javalab.org/ko/category/electricity/magnetism/
principle_of_work,전자기,,https://javalab.org/ko/category/electricity/electromagnetism/
principle_of_work,전자기파,,https://javalab.org/ko/category/electricity/electromagntic_wave/
principle_of_work,힘과 운동힘관성여러가지 운동충돌진동,,https://javalab.org/ko/category/mechanics/
principle_of_work,힘,,https://javalab.org/ko/category/mechanics/force/
principle_of_work,관성,,https://javalab.org/ko/category/mechanics/inertia/
principle_of_work,여러가지 운동,,https://javalab.org/ko/category/mechanics/movements/
principle_of_work,충돌,,https://javalab.org/ko/category/mechanics/collision/
principle_of_work,진동,,https://javalab.org/ko/category/mechanics/oscillation/
principle_of_work,일과 에너지일의 원리에너지의 변환,,https://javalab.org/ko/category/energy/
principle_of_work,일의 원리,,https://javalab.org/ko/category/energy/principle_of_work/
principle_of_work,에너지의 변환,,https://javalab.org/ko/category/energy/energy_conversion/
principle_of_work,빛과 파동반사굴절색파동파동의 간섭정상파,,https://javalab.org/ko/category/light_wave/
principle_of_work,반사,,https://javalab.org/ko/category/light_wave/reflection/
principle_of_work,굴절,,https://javalab.org/ko/category/light_wave/refraction/
principle_of_work,색,,https://javalab.org/ko/category/light_wave/color/
principle_of_work,파동,,https://javalab.org/ko/category/light_wave/wave/
principle_of_work,파동의 간섭,,https://javalab.org/ko/category/light_wave/interference/
principle_of_work,정상파,,https://javalab.org/ko/category/light_wave/standing_wave/
principle_of_work,원자원자 모형원자와 빛방사능,,https://javalab.org/ko/category/atoms/
principle_of_work,원자 모형,,https://javalab.org/ko/category/atoms/atomic_model/
principle_of_work,원자와 빛,,https://javalab.org/ko/category/atoms/atom_light/
principle_of_work,방사능,,https://javalab.org/ko/category/atoms/radioactivity/
principle_of_work,"화학기체, 액체, 고체열분자 운동용액화학 반응화학 결합전기 화학",,https://javalab.org/ko/category/chemistry/
principle_of_work,"기체, 액체, 고체",,https://javalab.org/ko/category/chemistry/gas/
principle_of_work,열,,https://javalab.org/ko/category/chemistry/heat/
principle_of_work,분자 운동,,https://javalab.org/ko/category/chemistry/molecules_in_motion/
principle_of_work,용액,,https://javalab.org/ko/category/chemistry/solution/
principle_of_work,화학 반응,,https://javalab.org/ko/category/chemistry/chemical_reaction/
principle_of_work,화학 결합,,https://javalab.org/ko/category/chemistry/chemical_bonds/
principle_of_work,전기 화학,,https://javalab.org/ko/category/chemistry/electrochemistry/
principle_of_work,지구대기지질,,https://javalab.org/ko/category/earth/
principle_of_work,대기,,https://javalab.org/ko/category/earth/atmosphere/
principle_of_work,지질,,https://javalab.org/ko/category/earth/geology/
principle_of_work,천문천체 관측지구달태양태양계별과 은하,,https://javalab.org/ko/category/astronomy/
principle_of_work,천체 관측,,https://javalab.org/ko/category/astronomy/celestial_observation/
principle_of_work,지구,,https://javalab.org/ko/category/astronomy/planet_earth/
principle_of_work,달,,https://javalab.org/ko/category/astronomy/moon/
principle_of_work,태양,,https://javalab.org/ko/category/astronomy/sun/
principle_of_work,태양계,,https://javalab.org/ko/category/astronomy/solar_system/
principle_of_work,별과 은하,,https://javalab.org/ko/category/astronomy/star/
principle_of_work,생명,,https://javalab.org/ko/category/biology/
principle_of_work,수학수학수학 그래픽스프랙털혼돈 이론,,https://javalab.org/ko/category/math/
principle_of_work,수학,,https://javalab.org/ko/category/math/mathematics/
principle_of_work,수학 그래픽스,,https://javalab.org/ko/category/math/math_graphics/
principle_of_work,프랙털,,https://javalab.org/ko/category/math/fractal/
principle_of_work,혼돈 이론,,https://javalab.org/ko/category/math/chaos/
principle_of_work,테크인공지능마이크로비트3D 프린팅블록 코딩퍼즐아두이노 무작정 따라하기브레드보드 기초 전자회로브레드보드 메이커 교실,,https://javalab.org/ko/category/tech/
principle_of_work,인공지능,,https://javalab.org/ko/category/tech/ai/
principle_of_work,마이크로비트,,https://javalab.org/ko/category/tech/microbit/
principle_of_work,3D 프린팅,,https://javalab.org/ko/category/tech/3d_printing/
principle_of_work,블록 코딩,,https://javalab.org/ko/category/tech/block_coding/
principle_of_work,퍼즐,,https://javalab.org/ko/category/tech/puzzle/
principle_of_work,아두이노 무작정 따라하기,,https://javalab.org/ko/category/tech/arduino/
principle_of_work,브레드보드 기초 전자회로,,https://javalab.org/ko/category/tech/breadboard_1/
principle_of_work,브레드보드 메이커 교실,,https://javalab.org/ko/category/tech/breadboard_maker/
principle_of_work,기타증강현실 (웹캠이용)3D (VR 이용)출판물강의 자료인용사례,,https://javalab.org/ko/category/ar/
principle_of_work,증강현실 (웹캠이용),,https://javalab.org/ko/category/ar/
principle_of_work,3D (VR 이용),,https://javalab.org/ko/category/3d_vr/
principle_of_work,출판물,,https://javalab.org/ko/category/books/
principle_of_work,강의 자료,,https://javalab.org/ko/category/resources/
principle_of_work,● 한국어,,https://javalab.org/ko/category/energy/principle_of_work/
principle_of_work,톱니바퀴,,https://javalab.org/ko/gear/
principle_of_work,톱니바퀴,,https://javalab.org/ko/gear/
principle_of_work,● 한국어,,https://javalab.org/ko/category/energy/principle_of_work/
light_wave,마켓,,https://javalab.org/ko/category/market/
light_wave,측정측정 일반데이터 과학 (CSV 파일)Javalab MBL상대성 이론,,https://javalab.org/ko/category/measure/
light_wave,측정 일반,,https://javalab.org/ko/category/measure/measurement/
light_wave,데이터 과학 (CSV 파일),,https://javalab.org/ko/category/measure/data_science/
light_wave,Javalab MBL,,https://javalab.org/ko/category/measure/mbl/
light_wave,상대성 이론,,https://javalab.org/ko/category/measure/relativity-ko/
light_wave,전기와 자기정전기옴의 법칙전기 회로교류와 RLC회로반도체자기전자기전자기파,,https://javalab.org/ko/category/electricity/
light_wave,정전기,,https://javalab.org/ko/category/electricity/static_electricity/
light_wave,옴의 법칙,,https://javalab.org/ko/category/electricity/ohms_law/
light_wave,전기 회로,,https://javalab.org/ko/category/electricity/electric_circuit/
light_wave,교류와 RLC회로,,https://javalab.org/ko/category/electricity/ac_rlc/
light_wave,반도체,,https://javalab.org/ko/category/electricity/semiconductor/
light_wave,자기,,https://javalab.org/ko/category/electricity/magnetism/
light_wave,전자기,,https://javalab.org/ko/category/electricity/electromagnetism/
light_wave,전자기파,,https://javalab.org/ko/category/electricity/electromagntic_wave/
light_wave,힘과 운동힘관성여러가지 운동충돌진동,,https://javalab.org/ko/category/mechanics/
light_wave,힘,,https://javalab.org/ko/category/mechanics/force/
light_wave,관성,,https://javalab.org/ko/category/mechanics/inertia/
light_wave,여러가지 운동,,https://javalab.org/ko/category/mechanics/movements/
light_wave,충돌,,https://javalab.org/ko/category/mechanics/collision/
light_wave,진동,,https://javalab.org/ko/category/mechanics/oscillation/
light_wave,일과 에너지일의 원리에너지의 변환,,https://javalab.org/ko/category/energy/
light_wave,일의 원리,,https://javalab.org/ko/category/energy/principle_of_work/
light_wave,에너지의 변환,,https://javalab.org/ko/category/energy/energy_conversion/
light_wave,빛과 파동반사굴절색파동파동의 간섭정상파,,https://javalab.org/ko/category/light_wave/
light_wave,반사,,https://javalab.org/ko/category/light_wave/reflection/
light_wave,굴절,,https://javalab.org/ko/category/light_wave/refraction/
light_wave,색,,https://javalab.org/ko/category/light_wave/color/
light_wave,파동,,https://javalab.org/ko/category/light_wave/wave/
light_wave,파동의 간섭,,https://javalab.org/ko/category/light_wave/interference/
light_wave,정상파,,https://javalab.org/ko/category/light_wave/standing_wave/
light_wave,원자원자 모형원자와 빛방사능,,https://javalab.org/ko/category/atoms/
light_wave,원자 모형,,https://javalab.org/ko/category/atoms/atomic_model/
light_wave,원자와 빛,,https://javalab.org/ko/category/atoms/atom_light/
light_wave,방사능,,https://javalab.org/ko/category/atoms/radioactivity/
light_wave,"화학기체, 액체, 고체열분자 운동용액화학 반응화학 결합전기 화학",,https://javalab.org/ko/category/chemistry/
light_wave,"기체, 액체, 고체",,https://javalab.org/ko/category/chemistry/gas/
light_wave,열,,https://javalab.org/ko/category/chemistry/heat/
light_wave,분자 운동,,https://javalab.org/ko/category/chemistry/molecules_in_motion/
light_wave,용액,,https://javalab.org/ko/category/chemistry/solution/
light_wave,화학 반응,,https://javalab.org/ko/category/chemistry/chemical_reaction/
light_wave,화학 결합,,https://javalab.org/ko/category/chemistry/chemical_bonds/
light_wave,전기 화학,,https://javalab.org/ko/category/chemistry/electrochemistry/
light_wave,지구대기지질,,https://javalab.org/ko/category/earth/
light_wave,대기,,https://javalab.org/ko/category/earth/atmosphere/
light_wave,지질,,https://javalab.org/ko/category/earth/geology/
light_wave,천문천체 관측지구달태양태양계별과 은하,,https://javalab.org/ko/category/astronomy/
light_wave,천체 관측,,https://javalab.org/ko/category/astronomy/celestial_observation/
light_wave,지구,,https://javalab.org/ko/category/astronomy/planet_earth/
light_wave,달,,https://javalab.org/ko/category/astronomy/moon/
light_wave,태양,,https://javalab.org/ko/category/astronomy/sun/
light_wave,태양계,,https://javalab.org/ko/category/astronomy/solar_system/
light_wave,별과 은하,,https://javalab.org/ko/category/astronomy/star/
light_wave,생명,,https://javalab.org/ko/category/biology/
light_wave,수학수학수학 그래픽스프랙털혼돈 이론,,https://javalab.org/ko/category/math/
light_wave,수학,,https://javalab.org/ko/category/math/mathematics/
light_wave,수학 그래픽스,,https://javalab.org/ko/category/math/math_graphics/
light_wave,프랙털,,https://javalab.org/ko/category/math/fractal/
light_wave,혼돈 이론,,https://javalab.org/ko/category/math/chaos/
light_wave,테크인공지능마이크로비트3D 프린팅블록 코딩퍼즐아두이노 무작정 따라하기브레드보드 기초 전자회로브레드보드 메이커 교실,,https://javalab.org/ko/category/tech/
light_wave,인공지능,,https://javalab.org/ko/category/tech/ai/
light_wave,마이크로비트,,https://javalab.org/ko/category/tech/microbit/
light_wave,3D 프린팅,,https://javalab.org/ko/category/tech/3d_printing/
light_wave,블록 코딩,,https://javalab.org/ko/category/tech/block_coding/
light_wave,퍼즐,,https://javalab.org/ko/category/tech/puzzle/
light_wave,아두이노 무작정 따라하기,,https://javalab.org/ko/category/tech/arduino/
light_wave,브레드보드 기초 전자회로,,https://javalab.org/ko/category/tech/breadboard_1/
light_wave,브레드보드 메이커 교실,,https://javalab.org/ko/category/tech/breadboard_maker/
light_wave,기타증강현실 (웹캠이용)3D (VR 이용)출판물강의 자료인용사례,,https://javalab.org/ko/category/ar/
light_wave,증강현실 (웹캠이용),,https://javalab.org/ko/category/ar/
light_wave,3D (VR 이용),,https://javalab.org/ko/category/3d_vr/
light_wave,출판물,,https://javalab.org/ko/category/books/
light_wave,강의 자료,,https://javalab.org/ko/category/resources/
light_wave,● 한국어,,https://javalab.org/ko/category/light_wave/
light_wave,RGB 미디어 아트,,https://javalab.org/ko/rgb_art/
light_wave,RGB 미디어 아트,,https://javalab.org/ko/rgb_art/
light_wave,● 한국어,,https://javalab.org/ko/category/light_wave/
color,마켓,,https://javalab.org/ko/category/market/
color,측정측정 일반데이터 과학 (CSV 파일)Javalab MBL상대성 이론,,https://javalab.org/ko/category/measure/
color,측정 일반,,https://javalab.org/ko/category/measure/measurement/
color,데이터 과학 (CSV 파일),,https://javalab.org/ko/category/measure/data_science/
color,Javalab MBL,,https://javalab.org/ko/category/measure/mbl/
color,상대성 이론,,https://javalab.org/ko/category/measure/relativity-ko/
color,전기와 자기정전기옴의 법칙전기 회로교류와 RLC회로반도체자기전자기전자기파,,https://javalab.org/ko/category/electricity/
color,정전기,,https://javalab.org/ko/category/electricity/static_electricity/
color,옴의 법칙,,https://javalab.org/ko/category/electricity/ohms_law/
color,전기 회로,,https://javalab.org/ko/category/electricity/electric_circuit/
color,교류와 RLC회로,,https://javalab.org/ko/category/electricity/ac_rlc/
color,반도체,,https://javalab.org/ko/category/electricity/semiconductor/
color,자기,,https://javalab.org/ko/category/electricity/magnetism/
color,전자기,,https://javalab.org/ko/category/electricity/electromagnetism/
color,전자기파,,https://javalab.org/ko/category/electricity/electromagntic_wave/
color,힘과 운동힘관성여러가지 운동충돌진동,,https://javalab.org/ko/category/mechanics/
color,힘,,https://javalab.org/ko/category/mechanics/force/
color,관성,,https://javalab.org/ko/category/mechanics/inertia/
color,여러가지 운동,,https://javalab.org/ko/category/mechanics/movements/
color,충돌,,https://javalab.org/ko/category/mechanics/collision/
color,진동,,https://javalab.org/ko/category/mechanics/oscillation/
color,일과 에너지일의 원리에너지의 변환,,https://javalab.org/ko/category/energy/
color,일의 원리,,https://javalab.org/ko/category/energy/principle_of_work/
color,에너지의 변환,,https://javalab.org/ko/category/energy/energy_conversion/
color,빛과 파동반사굴절색파동파동의 간섭정상파,,https://javalab.org/ko/category/light_wave/
color,반사,,https://javalab.org/ko/category/light_wave/reflection/
color,굴절,,https://javalab.org/ko/category/light_wave/refraction/
color,색,,https://javalab.org/ko/category/light_wave/color/
color,파동,,https://javalab.org/ko/category/light_wave/wave/
color,파동의 간섭,,https://javalab.org/ko/category/light_wave/interference/
color,정상파,,https://javalab.org/ko/category/light_wave/standing_wave/
color,원자원자 모형원자와 빛방사능,,https://javalab.org/ko/category/atoms/
color,원자 모형,,https://javalab.org/ko/category/atoms/atomic_model/
color,원자와 빛,,https://javalab.org/ko/category/atoms/atom_light/
color,방사능,,https://javalab.org/ko/category/atoms/radioactivity/
color,"화학기체, 액체, 고체열분자 운동용액화학 반응화학 결합전기 화학",,https://javalab.org/ko/category/chemistry/
color,"기체, 액체, 고체",,https://javalab.org/ko/category/chemistry/gas/
color,열,,https://javalab.org/ko/category/chemistry/heat/
color,분자 운동,,https://javalab.org/ko/category/chemistry/molecules_in_motion/
color,용액,,https://javalab.org/ko/category/chemistry/solution/
color,화학 반응,,https://javalab.org/ko/category/chemistry/chemical_reaction/
color,화학 결합,,https://javalab.org/ko/category/chemistry/chemical_bonds/
color,전기 화학,,https://javalab.org/ko/category/chemistry/electrochemistry/
color,지구대기지질,,https://javalab.org/ko/category/earth/
color,대기,,https://javalab.org/ko/category/earth/atmosphere/
color,지질,,https://javalab.org/ko/category/earth/geology/
color,천문천체 관측지구달태양태양계별과 은하,,https://javalab.org/ko/category/astronomy/
color,천체 관측,,https://javalab.org/ko/category/astronomy/celestial_observation/
color,지구,,https://javalab.org/ko/category/astronomy/planet_earth/
color,달,,https://javalab.org/ko/category/astronomy/moon/
color,태양,,https://javalab.org/ko/category/astronomy/sun/
color,태양계,,https://javalab.org/ko/category/astronomy/solar_system/
color,별과 은하,,https://javalab.org/ko/category/astronomy/star/
color,생명,,https://javalab.org/ko/category/biology/
color,수학수학수학 그래픽스프랙털혼돈 이론,,https://javalab.org/ko/category/math/
color,수학,,https://javalab.org/ko/category/math/mathematics/
color,수학 그래픽스,,https://javalab.org/ko/category/math/math_graphics/
color,프랙털,,https://javalab.org/ko/category/math/fractal/
color,혼돈 이론,,https://javalab.org/ko/category/math/chaos/
color,테크인공지능마이크로비트3D 프린팅블록 코딩퍼즐아두이노 무작정 따라하기브레드보드 기초 전자회로브레드보드 메이커 교실,,https://javalab.org/ko/category/tech/
color,인공지능,,https://javalab.org/ko/category/tech/ai/
color,마이크로비트,,https://javalab.org/ko/category/tech/microbit/
color,3D 프린팅,,https://javalab.org/ko/category/tech/3d_printing/
color,블록 코딩,,https://javalab.org/ko/category/tech/block_coding/
color,퍼즐,,https://javalab.org/ko/category/tech/puzzle/
color,아두이노 무작정 따라하기,,https://javalab.org/ko/category/tech/arduino/
color,브레드보드 기초 전자회로,,https://javalab.org/ko/category/tech/breadboard_1/
color,브레드보드 메이커 교실,,https://javalab.org/ko/category/tech/breadboard_maker/
color,기타증강현실 (웹캠이용)3D (VR 이용)출판물강의 자료인용사례,,https://javalab.org/ko/category/ar/
color,증강현실 (웹캠이용),,https://javalab.org/ko/category/ar/
color,3D (VR 이용),,https://javalab.org/ko/category/3d_vr/
color,출판물,,https://javalab.org/ko/category/books/
color,강의 자료,,https://javalab.org/ko/category/resources/
color,● 한국어,,https://javalab.org/ko/category/light_wave/color/
color,RGB 미디어 아트,,https://javalab.org/ko/rgb_art/
color,RGB 미디어 아트,,https://javalab.org/ko/rgb_art/
color,● 한국어,,https://javalab.org/ko/category/light_wave/color/
interference,마켓,,https://javalab.org/ko/category/market/
interference,측정측정 일반데이터 과학 (CSV 파일)Javalab MBL상대성 이론,,https://javalab.org/ko/category/measure/
interference,측정 일반,,https://javalab.org/ko/category/measure/measurement/
interference,데이터 과학 (CSV 파일),,https://javalab.org/ko/category/measure/data_science/
interference,Javalab MBL,,https://javalab.org/ko/category/measure/mbl/
interference,상대성 이론,,https://javalab.org/ko/category/measure/relativity-ko/
interference,전기와 자기정전기옴의 법칙전기 회로교류와 RLC회로반도체자기전자기전자기파,,https://javalab.org/ko/category/electricity/
interference,정전기,,https://javalab.org/ko/category/electricity/static_electricity/
interference,옴의 법칙,,https://javalab.org/ko/category/electricity/ohms_law/
interference,전기 회로,,https://javalab.org/ko/category/electricity/electric_circuit/
interference,교류와 RLC회로,,https://javalab.org/ko/category/electricity/ac_rlc/
interference,반도체,,https://javalab.org/ko/category/electricity/semiconductor/
interference,자기,,https://javalab.org/ko/category/electricity/magnetism/
interference,전자기,,https://javalab.org/ko/category/electricity/electromagnetism/
interference,전자기파,,https://javalab.org/ko/category/electricity/electromagntic_wave/
interference,힘과 운동힘관성여러가지 운동충돌진동,,https://javalab.org/ko/category/mechanics/
interference,힘,,https://javalab.org/ko/category/mechanics/force/
interference,관성,,https://javalab.org/ko/category/mechanics/inertia/
interference,여러가지 운동,,https://javalab.org/ko/category/mechanics/movements/
interference,충돌,,https://javalab.org/ko/category/mechanics/collision/
interference,진동,,https://javalab.org/ko/category/mechanics/oscillation/
interference,일과 에너지일의 원리에너지의 변환,,https://javalab.org/ko/category/energy/
interference,일의 원리,,https://javalab.org/ko/category/energy/principle_of_work/
interference,에너지의 변환,,https://javalab.org/ko/category/energy/energy_conversion/
interference,빛과 파동반사굴절색파동파동의 간섭정상파,,https://javalab.org/ko/category/light_wave/
interference,반사,,https://javalab.org/ko/category/light_wave/reflection/
interference,굴절,,https://javalab.org/ko/category/light_wave/refraction/
interference,색,,https://javalab.org/ko/category/light_wave/color/
interference,파동,,https://javalab.org/ko/category/light_wave/wave/
interference,파동의 간섭,,https://javalab.org/ko/category/light_wave/interference/
interference,정상파,,https://javalab.org/ko/category/light_wave/standing_wave/
interference,원자원자 모형원자와 빛방사능,,https://javalab.org/ko/category/atoms/
interference,원자 모형,,https://javalab.org/ko/category/atoms/atomic_model/
interference,원자와 빛,,https://javalab.org/ko/category/atoms/atom_light/
interference,방사능,,https://javalab.org/ko/category/atoms/radioactivity/
interference,"화학기체, 액체, 고체열분자 운동용액화학 반응화학 결합전기 화학",,https://javalab.org/ko/category/chemistry/
interference,"기체, 액체, 고체",,https://javalab.org/ko/category/chemistry/gas/
interference,열,,https://javalab.org/ko/category/chemistry/heat/
interference,분자 운동,,https://javalab.org/ko/category/chemistry/molecules_in_motion/
interference,용액,,https://javalab.org/ko/category/chemistry/solution/
interference,화학 반응,,https://javalab.org/ko/category/chemistry/chemical_reaction/
interference,화학 결합,,https://javalab.org/ko/category/chemistry/chemical_bonds/
interference,전기 화학,,https://javalab.org/ko/category/chemistry/electrochemistry/
interference,지구대기지질,,https://javalab.org/ko/category/earth/
interference,대기,,https://javalab.org/ko/category/earth/atmosphere/
interference,지질,,https://javalab.org/ko/category/earth/geology/
interference,천문천체 관측지구달태양태양계별과 은하,,https://javalab.org/ko/category/astronomy/
interference,천체 관측,,https://javalab.org/ko/category/astronomy/celestial_observation/
interference,지구,,https://javalab.org/ko/category/astronomy/planet_earth/
interference,달,,https://javalab.org/ko/category/astronomy/moon/
interference,태양,,https://javalab.org/ko/category/astronomy/sun/
interference,태양계,,https://javalab.org/ko/category/astronomy/solar_system/
interference,별과 은하,,https://javalab.org/ko/category/astronomy/star/
interference,생명,,https://javalab.org/ko/category/biology/
interference,수학수학수학 그래픽스프랙털혼돈 이론,,https://javalab.org/ko/category/math/
interference,수학,,https://javalab.org/ko/category/math/mathematics/
interference,수학 그래픽스,,https://javalab.org/ko/category/math/math_graphics/
interference,프랙털,,https://javalab.org/ko/category/math/fractal/
interference,혼돈 이론,,https://javalab.org/ko/category/math/chaos/
interference,테크인공지능마이크로비트3D 프린팅블록 코딩퍼즐아두이노 무작정 따라하기브레드보드 기초 전자회로브레드보드 메이커 교실,,https://javalab.org/ko/category/tech/
interference,인공지능,,https://javalab.org/ko/category/tech/ai/
interference,마이크로비트,,https://javalab.org/ko/category/tech/microbit/
interference,3D 프린팅,,https://javalab.org/ko/category/tech/3d_printing/
interference,블록 코딩,,https://javalab.org/ko/category/tech/block_coding/
interference,퍼즐,,https://javalab.org/ko/category/tech/puzzle/
interference,아두이노 무작정 따라하기,,https://javalab.org/ko/category/tech/arduino/
interference,브레드보드 기초 전자회로,,https://javalab.org/ko/category/tech/breadboard_1/
interference,브레드보드 메이커 교실,,https://javalab.org/ko/category/tech/breadboard_maker/
interference,기타증강현실 (웹캠이용)3D (VR 이용)출판물강의 자료인용사례,,https://javalab.org/ko/category/ar/
interference,증강현실 (웹캠이용),,https://javalab.org/ko/category/ar/
interference,3D (VR 이용),,https://javalab.org/ko/category/3d_vr/
interference,출판물,,https://javalab.org/ko/category/books/
interference,강의 자료,,https://javalab.org/ko/category/resources/
interference,● 한국어,,https://javalab.org/ko/category/light_wave/interference/
interference,3D 프린터로 만든 빛의 간섭 실험 장치,,https://javalab.org/ko/optical_slit/
interference,3D 프린터로 만든 빛의 간섭 실험 장치,,https://javalab.org/ko/optical_slit/
interference,● 한국어,,https://javalab.org/ko/category/light_wave/interference/
reflection,마켓,,https://javalab.org/ko/category/market/
reflection,측정측정 일반데이터 과학 (CSV 파일)Javalab MBL상대성 이론,,https://javalab.org/ko/category/measure/
reflection,측정 일반,,https://javalab.org/ko/category/measure/measurement/
reflection,데이터 과학 (CSV 파일),,https://javalab.org/ko/category/measure/data_science/
reflection,Javalab MBL,,https://javalab.org/ko/category/measure/mbl/
reflection,상대성 이론,,https://javalab.org/ko/category/measure/relativity-ko/
reflection,전기와 자기정전기옴의 법칙전기 회로교류와 RLC회로반도체자기전자기전자기파,,https://javalab.org/ko/category/electricity/
reflection,정전기,,https://javalab.org/ko/category/electricity/static_electricity/
reflection,옴의 법칙,,https://javalab.org/ko/category/electricity/ohms_law/
reflection,전기 회로,,https://javalab.org/ko/category/electricity/electric_circuit/
reflection,교류와 RLC회로,,https://javalab.org/ko/category/electricity/ac_rlc/
reflection,반도체,,https://javalab.org/ko/category/electricity/semiconductor/
reflection,자기,,https://javalab.org/ko/category/electricity/magnetism/
reflection,전자기,,https://javalab.org/ko/category/electricity/electromagnetism/
reflection,전자기파,,https://javalab.org/ko/category/electricity/electromagntic_wave/
reflection,힘과 운동힘관성여러가지 운동충돌진동,,https://javalab.org/ko/category/mechanics/
reflection,힘,,https://javalab.org/ko/category/mechanics/force/
reflection,관성,,https://javalab.org/ko/category/mechanics/inertia/
reflection,여러가지 운동,,https://javalab.org/ko/category/mechanics/movements/
reflection,충돌,,https://javalab.org/ko/category/mechanics/collision/
reflection,진동,,https://javalab.org/ko/category/mechanics/oscillation/
reflection,일과 에너지일의 원리에너지의 변환,,https://javalab.org/ko/category/energy/
reflection,일의 원리,,https://javalab.org/ko/category/energy/principle_of_work/
reflection,에너지의 변환,,https://javalab.org/ko/category/energy/energy_conversion/
reflection,빛과 파동반사굴절색파동파동의 간섭정상파,,https://javalab.org/ko/category/light_wave/
reflection,반사,,https://javalab.org/ko/category/light_wave/reflection/
reflection,굴절,,https://javalab.org/ko/category/light_wave/refraction/
reflection,색,,https://javalab.org/ko/category/light_wave/color/
reflection,파동,,https://javalab.org/ko/category/light_wave/wave/
reflection,파동의 간섭,,https://javalab.org/ko/category/light_wave/interference/
reflection,정상파,,https://javalab.org/ko/category/light_wave/standing_wave/
reflection,원자원자 모형원자와 빛방사능,,https://javalab.org/ko/category/atoms/
reflection,원자 모형,,https://javalab.org/ko/category/atoms/atomic_model/
reflection,원자와 빛,,https://javalab.org/ko/category/atoms/atom_light/
reflection,방사능,,https://javalab.org/ko/category/atoms/radioactivity/
reflection,"화학기체, 액체, 고체열분자 운동용액화학 반응화학 결합전기 화학",,https://javalab.org/ko/category/chemistry/
reflection,"기체, 액체, 고체",,https://javalab.org/ko/category/chemistry/gas/
reflection,열,,https://javalab.org/ko/category/chemistry/heat/
reflection,분자 운동,,https://javalab.org/ko/category/chemistry/molecules_in_motion/
reflection,용액,,https://javalab.org/ko/category/chemistry/solution/
reflection,화학 반응,,https://javalab.org/ko/category/chemistry/chemical_reaction/
reflection,화학 결합,,https://javalab.org/ko/category/chemistry/chemical_bonds/
reflection,전기 화학,,https://javalab.org/ko/category/chemistry/electrochemistry/
reflection,지구대기지질,,https://javalab.org/ko/category/earth/
reflection,대기,,https://javalab.org/ko/category/earth/atmosphere/
reflection,지질,,https://javalab.org/ko/category/earth/geology/
reflection,천문천체 관측지구달태양태양계별과 은하,,https://javalab.org/ko/category/astronomy/
reflection,천체 관측,,https://javalab.org/ko/category/astronomy/celestial_observation/
reflection,지구,,https://javalab.org/ko/category/astronomy/planet_earth/
reflection,달,,https://javalab.org/ko/category/astronomy/moon/
reflection,태양,,https://javalab.org/ko/category/astronomy/sun/
reflection,태양계,,https://javalab.org/ko/category/astronomy/solar_system/
reflection,별과 은하,,https://javalab.org/ko/category/astronomy/star/
reflection,생명,,https://javalab.org/ko/category/biology/
reflection,수학수학수학 그래픽스프랙털혼돈 이론,,https://javalab.org/ko/category/math/
reflection,수학,,https://javalab.org/ko/category/math/mathematics/
reflection,수학 그래픽스,,https://javalab.org/ko/category/math/math_graphics/
reflection,프랙털,,https://javalab.org/ko/category/math/fractal/
reflection,혼돈 이론,,https://javalab.org/ko/category/math/chaos/
reflection,테크인공지능마이크로비트3D 프린팅블록 코딩퍼즐아두이노 무작정 따라하기브레드보드 기초 전자회로브레드보드 메이커 교실,,https://javalab.org/ko/category/tech/
reflection,인공지능,,https://javalab.org/ko/category/tech/ai/
reflection,마이크로비트,,https://javalab.org/ko/category/tech/microbit/
reflection,3D 프린팅,,https://javalab.org/ko/category/tech/3d_printing/
reflection,블록 코딩,,https://javalab.org/ko/category/tech/block_coding/
reflection,퍼즐,,https://javalab.org/ko/category/tech/puzzle/
reflection,아두이노 무작정 따라하기,,https://javalab.org/ko/category/tech/arduino/
reflection,브레드보드 기초 전자회로,,https://javalab.org/ko/category/tech/breadboard_1/
reflection,브레드보드 메이커 교실,,https://javalab.org/ko/category/tech/breadboard_maker/
reflection,기타증강현실 (웹캠이용)3D (VR 이용)출판물강의 자료인용사례,,https://javalab.org/ko/category/ar/
reflection,증강현실 (웹캠이용),,https://javalab.org/ko/category/ar/
reflection,3D (VR 이용),,https://javalab.org/ko/category/3d_vr/
reflection,출판물,,https://javalab.org/ko/category/books/
reflection,강의 자료,,https://javalab.org/ko/category/resources/
reflection,● 한국어,,https://javalab.org/ko/category/light_wave/reflection/
reflection,볼록 거울과 오목 거울,,https://javalab.org/ko/mirrors/
reflection,볼록 거울과 오목 거울,,https://javalab.org/ko/mirrors/
reflection,● 한국어,,https://javalab.org/ko/category/light_wave/reflection/
refraction,마켓,,https://javalab.org/ko/category/market/
refraction,측정측정 일반데이터 과학 (CSV 파일)Javalab MBL상대성 이론,,https://javalab.org/ko/category/measure/
refraction,측정 일반,,https://javalab.org/ko/category/measure/measurement/
refraction,데이터 과학 (CSV 파일),,https://javalab.org/ko/category/measure/data_science/
refraction,Javalab MBL,,https://javalab.org/ko/category/measure/mbl/
refraction,상대성 이론,,https://javalab.org/ko/category/measure/relativity-ko/
refraction,전기와 자기정전기옴의 법칙전기 회로교류와 RLC회로반도체자기전자기전자기파,,https://javalab.org/ko/category/electricity/
refraction,정전기,,https://javalab.org/ko/category/electricity/static_electricity/
refraction,옴의 법칙,,https://javalab.org/ko/category/electricity/ohms_law/
refraction,전기 회로,,https://javalab.org/ko/category/electricity/electric_circuit/
refraction,교류와 RLC회로,,https://javalab.org/ko/category/electricity/ac_rlc/
refraction,반도체,,https://javalab.org/ko/category/electricity/semiconductor/
refraction,자기,,https://javalab.org/ko/category/electricity/magnetism/
refraction,전자기,,https://javalab.org/ko/category/electricity/electromagnetism/
refraction,전자기파,,https://javalab.org/ko/category/electricity/electromagntic_wave/
refraction,힘과 운동힘관성여러가지 운동충돌진동,,https://javalab.org/ko/category/mechanics/
refraction,힘,,https://javalab.org/ko/category/mechanics/force/
refraction,관성,,https://javalab.org/ko/category/mechanics/inertia/
refraction,여러가지 운동,,https://javalab.org/ko/category/mechanics/movements/
refraction,충돌,,https://javalab.org/ko/category/mechanics/collision/
refraction,진동,,https://javalab.org/ko/category/mechanics/oscillation/
refraction,일과 에너지일의 원리에너지의 변환,,https://javalab.org/ko/category/energy/
refraction,일의 원리,,https://javalab.org/ko/category/energy/principle_of_work/
refraction,에너지의 변환,,https://javalab.org/ko/category/energy/energy_conversion/
refraction,빛과 파동반사굴절색파동파동의 간섭정상파,,https://javalab.org/ko/category/light_wave/
refraction,반사,,https://javalab.org/ko/category/light_wave/reflection/
refraction,굴절,,https://javalab.org/ko/category/light_wave/refraction/
refraction,색,,https://javalab.org/ko/category/light_wave/color/
refraction,파동,,https://javalab.org/ko/category/light_wave/wave/
refraction,파동의 간섭,,https://javalab.org/ko/category/light_wave/interference/
refraction,정상파,,https://javalab.org/ko/category/light_wave/standing_wave/
refraction,원자원자 모형원자와 빛방사능,,https://javalab.org/ko/category/atoms/
refraction,원자 모형,,https://javalab.org/ko/category/atoms/atomic_model/
refraction,원자와 빛,,https://javalab.org/ko/category/atoms/atom_light/
refraction,방사능,,https://javalab.org/ko/category/atoms/radioactivity/
refraction,"화학기체, 액체, 고체열분자 운동용액화학 반응화학 결합전기 화학",,https://javalab.org/ko/category/chemistry/
refraction,"기체, 액체, 고체",,https://javalab.org/ko/category/chemistry/gas/
refraction,열,,https://javalab.org/ko/category/chemistry/heat/
refraction,분자 운동,,https://javalab.org/ko/category/chemistry/molecules_in_motion/
refraction,용액,,https://javalab.org/ko/category/chemistry/solution/
refraction,화학 반응,,https://javalab.org/ko/category/chemistry/chemical_reaction/
refraction,화학 결합,,https://javalab.org/ko/category/chemistry/chemical_bonds/
refraction,전기 화학,,https://javalab.org/ko/category/chemistry/electrochemistry/
refraction,지구대기지질,,https://javalab.org/ko/category/earth/
refraction,대기,,https://javalab.org/ko/category/earth/atmosphere/
refraction,지질,,https://javalab.org/ko/category/earth/geology/
refraction,천문천체 관측지구달태양태양계별과 은하,,https://javalab.org/ko/category/astronomy/
refraction,천체 관측,,https://javalab.org/ko/category/astronomy/celestial_observation/
refraction,지구,,https://javalab.org/ko/category/astronomy/planet_earth/
refraction,달,,https://javalab.org/ko/category/astronomy/moon/
refraction,태양,,https://javalab.org/ko/category/astronomy/sun/
refraction,태양계,,https://javalab.org/ko/category/astronomy/solar_system/
refraction,별과 은하,,https://javalab.org/ko/category/astronomy/star/
refraction,생명,,https://javalab.org/ko/category/biology/
refraction,수학수학수학 그래픽스프랙털혼돈 이론,,https://javalab.org/ko/category/math/
refraction,수학,,https://javalab.org/ko/category/math/mathematics/
refraction,수학 그래픽스,,https://javalab.org/ko/category/math/math_graphics/
refraction,프랙털,,https://javalab.org/ko/category/math/fractal/
refraction,혼돈 이론,,https://javalab.org/ko/category/math/chaos/
refraction,테크인공지능마이크로비트3D 프린팅블록 코딩퍼즐아두이노 무작정 따라하기브레드보드 기초 전자회로브레드보드 메이커 교실,,https://javalab.org/ko/category/tech/
refraction,인공지능,,https://javalab.org/ko/category/tech/ai/
refraction,마이크로비트,,https://javalab.org/ko/category/tech/microbit/
refraction,3D 프린팅,,https://javalab.org/ko/category/tech/3d_printing/
refraction,블록 코딩,,https://javalab.org/ko/category/tech/block_coding/
refraction,퍼즐,,https://javalab.org/ko/category/tech/puzzle/
refraction,아두이노 무작정 따라하기,,https://javalab.org/ko/category/tech/arduino/
refraction,브레드보드 기초 전자회로,,https://javalab.org/ko/category/tech/breadboard_1/
refraction,브레드보드 메이커 교실,,https://javalab.org/ko/category/tech/breadboard_maker/
refraction,기타증강현실 (웹캠이용)3D (VR 이용)출판물강의 자료인용사례,,https://javalab.org/ko/category/ar/
refraction,증강현실 (웹캠이용),,https://javalab.org/ko/category/ar/
refraction,3D (VR 이용),,https://javalab.org/ko/category/3d_vr/
refraction,출판물,,https://javalab.org/ko/category/books/
refraction,강의 자료,,https://javalab.org/ko/category/resources/
refraction,● 한국어,,https://javalab.org/ko/category/light_wave/refraction/
refraction,볼록 렌즈와 오목 렌즈,,https://javalab.org/ko/lens/
refraction,볼록 렌즈와 오목 렌즈,,https://javalab.org/ko/lens/
refraction,● 한국어,,https://javalab.org/ko/category/light_wave/refraction/
standing_wave,마켓,,https://javalab.org/ko/category/market/
standing_wave,측정측정 일반데이터 과학 (CSV 파일)Javalab MBL상대성 이론,,https://javalab.org/ko/category/measure/
standing_wave,측정 일반,,https://javalab.org/ko/category/measure/measurement/
standing_wave,데이터 과학 (CSV 파일),,https://javalab.org/ko/category/measure/data_science/
standing_wave,Javalab MBL,,https://javalab.org/ko/category/measure/mbl/
standing_wave,상대성 이론,,https://javalab.org/ko/category/measure/relativity-ko/
standing_wave,전기와 자기정전기옴의 법칙전기 회로교류와 RLC회로반도체자기전자기전자기파,,https://javalab.org/ko/category/electricity/
standing_wave,정전기,,https://javalab.org/ko/category/electricity/static_electricity/
standing_wave,옴의 법칙,,https://javalab.org/ko/category/electricity/ohms_law/
standing_wave,전기 회로,,https://javalab.org/ko/category/electricity/electric_circuit/
standing_wave,교류와 RLC회로,,https://javalab.org/ko/category/electricity/ac_rlc/
standing_wave,반도체,,https://javalab.org/ko/category/electricity/semiconductor/
standing_wave,자기,,https://javalab.org/ko/category/electricity/magnetism/
standing_wave,전자기,,https://javalab.org/ko/category/electricity/electromagnetism/
standing_wave,전자기파,,https://javalab.org/ko/category/electricity/electromagntic_wave/
standing_wave,힘과 운동힘관성여러가지 운동충돌진동,,https://javalab.org/ko/category/mechanics/
standing_wave,힘,,https://javalab.org/ko/category/mechanics/force/
standing_wave,관성,,https://javalab.org/ko/category/mechanics/inertia/
standing_wave,여러가지 운동,,https://javalab.org/ko/category/mechanics/movements/
standing_wave,충돌,,https://javalab.org/ko/category/mechanics/collision/
standing_wave,진동,,https://javalab.org/ko/category/mechanics/oscillation/
standing_wave,일과 에너지일의 원리에너지의 변환,,https://javalab.org/ko/category/energy/
standing_wave,일의 원리,,https://javalab.org/ko/category/energy/principle_of_work/
standing_wave,에너지의 변환,,https://javalab.org/ko/category/energy/energy_conversion/
standing_wave,빛과 파동반사굴절색파동파동의 간섭정상파,,https://javalab.org/ko/category/light_wave/
standing_wave,반사,,https://javalab.org/ko/category/light_wave/reflection/
standing_wave,굴절,,https://javalab.org/ko/category/light_wave/refraction/
standing_wave,색,,https://javalab.org/ko/category/light_wave/color/
standing_wave,파동,,https://javalab.org/ko/category/light_wave/wave/
standing_wave,파동의 간섭,,https://javalab.org/ko/category/light_wave/interference/
standing_wave,정상파,,https://javalab.org/ko/category/light_wave/standing_wave/
standing_wave,원자원자 모형원자와 빛방사능,,https://javalab.org/ko/category/atoms/
standing_wave,원자 모형,,https://javalab.org/ko/category/atoms/atomic_model/
standing_wave,원자와 빛,,https://javalab.org/ko/category/atoms/atom_light/
standing_wave,방사능,,https://javalab.org/ko/category/atoms/radioactivity/
standing_wave,"화학기체, 액체, 고체열분자 운동용액화학 반응화학 결합전기 화학",,https://javalab.org/ko/category/chemistry/
standing_wave,"기체, 액체, 고체",,https://javalab.org/ko/category/chemistry/gas/
standing_wave,열,,https://javalab.org/ko/category/chemistry/heat/
standing_wave,분자 운동,,https://javalab.org/ko/category/chemistry/molecules_in_motion/
standing_wave,용액,,https://javalab.org/ko/category/chemistry/solution/
standing_wave,화학 반응,,https://javalab.org/ko/category/chemistry/chemical_reaction/
standing_wave,화학 결합,,https://javalab.org/ko/category/chemistry/chemical_bonds/
standing_wave,전기 화학,,https://javalab.org/ko/category/chemistry/electrochemistry/
standing_wave,지구대기지질,,https://javalab.org/ko/category/earth/
standing_wave,대기,,https://javalab.org/ko/category/earth/atmosphere/
standing_wave,지질,,https://javalab.org/ko/category/earth/geology/
standing_wave,천문천체 관측지구달태양태양계별과 은하,,https://javalab.org/ko/category/astronomy/
standing_wave,천체 관측,,https://javalab.org/ko/category/astronomy/celestial_observation/
standing_wave,지구,,https://javalab.org/ko/category/astronomy/planet_earth/
standing_wave,달,,https://javalab.org/ko/category/astronomy/moon/
standing_wave,태양,,https://javalab.org/ko/category/astronomy/sun/
standing_wave,태양계,,https://javalab.org/ko/category/astronomy/solar_system/
standing_wave,별과 은하,,https://javalab.org/ko/category/astronomy/star/
standing_wave,생명,,https://javalab.org/ko/category/biology/
standing_wave,수학수학수학 그래픽스프랙털혼돈 이론,,https://javalab.org/ko/category/math/
standing_wave,수학,,https://javalab.org/ko/category/math/mathematics/
standing_wave,수학 그래픽스,,https://javalab.org/ko/category/math/math_graphics/
standing_wave,프랙털,,https://javalab.org/ko/category/math/fractal/
standing_wave,혼돈 이론,,https://javalab.org/ko/category/math/chaos/
standing_wave,테크인공지능마이크로비트3D 프린팅블록 코딩퍼즐아두이노 무작정 따라하기브레드보드 기초 전자회로브레드보드 메이커 교실,,https://javalab.org/ko/category/tech/
standing_wave,인공지능,,https://javalab.org/ko/category/tech/ai/
standing_wave,마이크로비트,,https://javalab.org/ko/category/tech/microbit/
standing_wave,3D 프린팅,,https://javalab.org/ko/category/tech/3d_printing/
standing_wave,블록 코딩,,https://javalab.org/ko/category/tech/block_coding/
standing_wave,퍼즐,,https://javalab.org/ko/category/tech/puzzle/
standing_wave,아두이노 무작정 따라하기,,https://javalab.org/ko/category/tech/arduino/
standing_wave,브레드보드 기초 전자회로,,https://javalab.org/ko/category/tech/breadboard_1/
standing_wave,브레드보드 메이커 교실,,https://javalab.org/ko/category/tech/breadboard_maker/
standing_wave,기타증강현실 (웹캠이용)3D (VR 이용)출판물강의 자료인용사례,,https://javalab.org/ko/category/ar/
standing_wave,증강현실 (웹캠이용),,https://javalab.org/ko/category/ar/
standing_wave,3D (VR 이용),,https://javalab.org/ko/category/3d_vr/
standing_wave,출판물,,https://javalab.org/ko/category/books/
standing_wave,강의 자료,,https://javalab.org/ko/category/resources/
standing_wave,● 한국어,,https://javalab.org/ko/category/light_wave/standing_wave/
standing_wave,다양한 상황에서의 정상파,,https://javalab.org/ko/standing_waves/
standing_wave,다양한 상황에서의 정상파,,https://javalab.org/ko/standing_waves/
standing_wave,● 한국어,,https://javalab.org/ko/category/light_wave/standing_wave/
wave,마켓,,https://javalab.org/ko/category/market/
wave,측정측정 일반데이터 과학 (CSV 파일)Javalab MBL상대성 이론,,https://javalab.org/ko/category/measure/
wave,측정 일반,,https://javalab.org/ko/category/measure/measurement/
wave,데이터 과학 (CSV 파일),,https://javalab.org/ko/category/measure/data_science/
wave,Javalab MBL,,https://javalab.org/ko/category/measure/mbl/
wave,상대성 이론,,https://javalab.org/ko/category/measure/relativity-ko/
wave,전기와 자기정전기옴의 법칙전기 회로교류와 RLC회로반도체자기전자기전자기파,,https://javalab.org/ko/category/electricity/
wave,정전기,,https://javalab.org/ko/category/electricity/static_electricity/
wave,옴의 법칙,,https://javalab.org/ko/category/electricity/ohms_law/
wave,전기 회로,,https://javalab.org/ko/category/electricity/electric_circuit/
wave,교류와 RLC회로,,https://javalab.org/ko/category/electricity/ac_rlc/
wave,반도체,,https://javalab.org/ko/category/electricity/semiconductor/
wave,자기,,https://javalab.org/ko/category/electricity/magnetism/
wave,전자기,,https://javalab.org/ko/category/electricity/electromagnetism/
wave,전자기파,,https://javalab.org/ko/category/electricity/electromagntic_wave/
wave,힘과 운동힘관성여러가지 운동충돌진동,,https://javalab.org/ko/category/mechanics/
wave,힘,,https://javalab.org/ko/category/mechanics/force/
wave,관성,,https://javalab.org/ko/category/mechanics/inertia/
wave,여러가지 운동,,https://javalab.org/ko/category/mechanics/movements/
wave,충돌,,https://javalab.org/ko/category/mechanics/collision/
wave,진동,,https://javalab.org/ko/category/mechanics/oscillation/
wave,일과 에너지일의 원리에너지의 변환,,https://javalab.org/ko/category/energy/
wave,일의 원리,,https://javalab.org/ko/category/energy/principle_of_work/
wave,에너지의 변환,,https://javalab.org/ko/category/energy/energy_conversion/
wave,빛과 파동반사굴절색파동파동의 간섭정상파,,https://javalab.org/ko/category/light_wave/
wave,반사,,https://javalab.org/ko/category/light_wave/reflection/
wave,굴절,,https://javalab.org/ko/category/light_wave/refraction/
wave,색,,https://javalab.org/ko/category/light_wave/color/
wave,파동,,https://javalab.org/ko/category/light_wave/wave/
wave,파동의 간섭,,https://javalab.org/ko/category/light_wave/interference/
wave,정상파,,https://javalab.org/ko/category/light_wave/standing_wave/
wave,원자원자 모형원자와 빛방사능,,https://javalab.org/ko/category/atoms/
wave,원자 모형,,https://javalab.org/ko/category/atoms/atomic_model/
wave,원자와 빛,,https://javalab.org/ko/category/atoms/atom_light/
wave,방사능,,https://javalab.org/ko/category/atoms/radioactivity/
wave,"화학기체, 액체, 고체열분자 운동용액화학 반응화학 결합전기 화학",,https://javalab.org/ko/category/chemistry/
wave,"기체, 액체, 고체",,https://javalab.org/ko/category/chemistry/gas/
wave,열,,https://javalab.org/ko/category/chemistry/heat/
wave,분자 운동,,https://javalab.org/ko/category/chemistry/molecules_in_motion/
wave,용액,,https://javalab.org/ko/category/chemistry/solution/
wave,화학 반응,,https://javalab.org/ko/category/chemistry/chemical_reaction/
wave,화학 결합,,https://javalab.org/ko/category/chemistry/chemical_bonds/
wave,전기 화학,,https://javalab.org/ko/category/chemistry/electrochemistry/
wave,지구대기지질,,https://javalab.org/ko/category/earth/
wave,대기,,https://javalab.org/ko/category/earth/atmosphere/
wave,지질,,https://javalab.org/ko/category/earth/geology/
wave,천문천체 관측지구달태양태양계별과 은하,,https://javalab.org/ko/category/astronomy/
wave,천체 관측,,https://javalab.org/ko/category/astronomy/celestial_observation/
wave,지구,,https://javalab.org/ko/category/astronomy/planet_earth/
wave,달,,https://javalab.org/ko/category/astronomy/moon/
wave,태양,,https://javalab.org/ko/category/astronomy/sun/
wave,태양계,,https://javalab.org/ko/category/astronomy/solar_system/
wave,별과 은하,,https://javalab.org/ko/category/astronomy/star/
wave,생명,,https://javalab.org/ko/category/biology/
wave,수학수학수학 그래픽스프랙털혼돈 이론,,https://javalab.org/ko/category/math/
wave,수학,,https://javalab.org/ko/category/math/mathematics/
wave,수학 그래픽스,,https://javalab.org/ko/category/math/math_graphics/
wave,프랙털,,https://javalab.org/ko/category/math/fractal/
wave,혼돈 이론,,https://javalab.org/ko/category/math/chaos/
wave,테크인공지능마이크로비트3D 프린팅블록 코딩퍼즐아두이노 무작정 따라하기브레드보드 기초 전자회로브레드보드 메이커 교실,,https://javalab.org/ko/category/tech/
wave,인공지능,,https://javalab.org/ko/category/tech/ai/
wave,마이크로비트,,https://javalab.org/ko/category/tech/microbit/
wave,3D 프린팅,,https://javalab.org/ko/category/tech/3d_printing/
wave,블록 코딩,,https://javalab.org/ko/category/tech/block_coding/
wave,퍼즐,,https://javalab.org/ko/category/tech/puzzle/
wave,아두이노 무작정 따라하기,,https://javalab.org/ko/category/tech/arduino/
wave,브레드보드 기초 전자회로,,https://javalab.org/ko/category/tech/breadboard_1/
wave,브레드보드 메이커 교실,,https://javalab.org/ko/category/tech/breadboard_maker/
wave,기타증강현실 (웹캠이용)3D (VR 이용)출판물강의 자료인용사례,,https://javalab.org/ko/category/ar/
wave,증강현실 (웹캠이용),,https://javalab.org/ko/category/ar/
wave,3D (VR 이용),,https://javalab.org/ko/category/3d_vr/
wave,출판물,,https://javalab.org/ko/category/books/
wave,강의 자료,,https://javalab.org/ko/category/resources/
wave,● 한국어,,https://javalab.org/ko/category/light_wave/wave/
wave,소리의 스펙트럼 분석,,https://javalab.org/ko/sound_fft/
wave,소리의 스펙트럼 분석,,https://javalab.org/ko/sound_fft/
wave,● 한국어,,https://javalab.org/ko/category/light_wave/wave/
market,마켓,,https://javalab.org/ko/category/market/
market,측정측정 일반데이터 과학 (CSV 파일)Javalab MBL상대성 이론,,https://javalab.org/ko/category/measure/
market,측정 일반,,https://javalab.org/ko/category/measure/measurement/
market,데이터 과학 (CSV 파일),,https://javalab.org/ko/category/measure/data_science/
market,Javalab MBL,,https://javalab.org/ko/category/measure/mbl/
market,상대성 이론,,https://javalab.org/ko/category/measure/relativity-ko/
market,전기와 자기정전기옴의 법칙전기 회로교류와 RLC회로반도체자기전자기전자기파,,https://javalab.org/ko/category/electricity/
market,정전기,,https://javalab.org/ko/category/electricity/static_electricity/
market,옴의 법칙,,https://javalab.org/ko/category/electricity/ohms_law/
market,전기 회로,,https://javalab.org/ko/category/electricity/electric_circuit/
market,교류와 RLC회로,,https://javalab.org/ko/category/electricity/ac_rlc/
market,반도체,,https://javalab.org/ko/category/electricity/semiconductor/
market,자기,,https://javalab.org/ko/category/electricity/magnetism/
market,전자기,,https://javalab.org/ko/category/electricity/electromagnetism/
market,전자기파,,https://javalab.org/ko/category/electricity/electromagntic_wave/
market,힘과 운동힘관성여러가지 운동충돌진동,,https://javalab.org/ko/category/mechanics/
market,힘,,https://javalab.org/ko/category/mechanics/force/
market,관성,,https://javalab.org/ko/category/mechanics/inertia/
market,여러가지 운동,,https://javalab.org/ko/category/mechanics/movements/
market,충돌,,https://javalab.org/ko/category/mechanics/collision/
market,진동,,https://javalab.org/ko/category/mechanics/oscillation/
market,일과 에너지일의 원리에너지의 변환,,https://javalab.org/ko/category/energy/
market,일의 원리,,https://javalab.org/ko/category/energy/principle_of_work/
market,에너지의 변환,,https://javalab.org/ko/category/energy/energy_conversion/
market,빛과 파동반사굴절색파동파동의 간섭정상파,,https://javalab.org/ko/category/light_wave/
market,반사,,https://javalab.org/ko/category/light_wave/reflection/
market,굴절,,https://javalab.org/ko/category/light_wave/refraction/
market,색,,https://javalab.org/ko/category/light_wave/color/
market,파동,,https://javalab.org/ko/category/light_wave/wave/
market,파동의 간섭,,https://javalab.org/ko/category/light_wave/interference/
market,정상파,,https://javalab.org/ko/category/light_wave/standing_wave/
market,원자원자 모형원자와 빛방사능,,https://javalab.org/ko/category/atoms/
market,원자 모형,,https://javalab.org/ko/category/atoms/atomic_model/
market,원자와 빛,,https://javalab.org/ko/category/atoms/atom_light/
market,방사능,,https://javalab.org/ko/category/atoms/radioactivity/
market,"화학기체, 액체, 고체열분자 운동용액화학 반응화학 결합전기 화학",,https://javalab.org/ko/category/chemistry/
market,"기체, 액체, 고체",,https://javalab.org/ko/category/chemistry/gas/
market,열,,https://javalab.org/ko/category/chemistry/heat/
market,분자 운동,,https://javalab.org/ko/category/chemistry/molecules_in_motion/
market,용액,,https://javalab.org/ko/category/chemistry/solution/
market,화학 반응,,https://javalab.org/ko/category/chemistry/chemical_reaction/
market,화학 결합,,https://javalab.org/ko/category/chemistry/chemical_bonds/
market,전기 화학,,https://javalab.org/ko/category/chemistry/electrochemistry/
market,지구대기지질,,https://javalab.org/ko/category/earth/
market,대기,,https://javalab.org/ko/category/earth/atmosphere/
market,지질,,https://javalab.org/ko/category/earth/geology/
market,천문천체 관측지구달태양태양계별과 은하,,https://javalab.org/ko/category/astronomy/
market,천체 관측,,https://javalab.org/ko/category/astronomy/celestial_observation/
market,지구,,https://javalab.org/ko/category/astronomy/planet_earth/
market,달,,https://javalab.org/ko/category/astronomy/moon/
market,태양,,https://javalab.org/ko/category/astronomy/sun/
market,태양계,,https://javalab.org/ko/category/astronomy/solar_system/
market,별과 은하,,https://javalab.org/ko/category/astronomy/star/
market,생명,,https://javalab.org/ko/category/biology/
market,수학수학수학 그래픽스프랙털혼돈 이론,,https://javalab.org/ko/category/math/
market,수학,,https://javalab.org/ko/category/math/mathematics/
market,수학 그래픽스,,https://javalab.org/ko/category/math/math_graphics/
market,프랙털,,https://javalab.org/ko/category/math/fractal/
market,혼돈 이론,,https://javalab.org/ko/category/math/chaos/
market,테크인공지능마이크로비트3D 프린팅블록 코딩퍼즐아두이노 무작정 따라하기브레드보드 기초 전자회로브레드보드 메이커 교실,,https://javalab.org/ko/category/tech/
market,인공지능,,https://javalab.org/ko/category/tech/ai/
market,마이크로비트,,https://javalab.org/ko/category/tech/microbit/
market,3D 프린팅,,https://javalab.org/ko/category/tech/3d_printing/
market,블록 코딩,,https://javalab.org/ko/category/tech/block_coding/
market,퍼즐,,https://javalab.org/ko/category/tech/puzzle/
market,아두이노 무작정 따라하기,,https://javalab.org/ko/category/tech/arduino/
market,브레드보드 기초 전자회로,,https://javalab.org/ko/category/tech/breadboard_1/
market,브레드보드 메이커 교실,,https://javalab.org/ko/category/tech/breadboard_maker/
market,기타증강현실 (웹캠이용)3D (VR 이용)출판물강의 자료인용사례,,https://javalab.org/ko/category/ar/
market,증강현실 (웹캠이용),,https://javalab.org/ko/category/ar/
market,3D (VR 이용),,https://javalab.org/ko/category/3d_vr/
market,출판물,,https://javalab.org/ko/category/books/
market,강의 자료,,https://javalab.org/ko/category/resources/
market,● 한국어,,https://javalab.org/ko/category/market/
market,자바실험실마켓,,https://javalab.org/ko/javalab_market/
market,자바실험실마켓,,https://javalab.org/ko/javalab_market/
market,● 한국어,,https://javalab.org/ko/category/market/
math,마켓,,https://javalab.org/ko/category/market/
math,측정측정 일반데이터 과학 (CSV 파일)Javalab MBL상대성 이론,,https://javalab.org/ko/category/measure/
math,측정 일반,,https://javalab.org/ko/category/measure/measurement/
math,데이터 과학 (CSV 파일),,https://javalab.org/ko/category/measure/data_science/
math,Javalab MBL,,https://javalab.org/ko/category/measure/mbl/
math,상대성 이론,,https://javalab.org/ko/category/measure/relativity-ko/
math,전기와 자기정전기옴의 법칙전기 회로교류와 RLC회로반도체자기전자기전자기파,,https://javalab.org/ko/category/electricity/
math,정전기,,https://javalab.org/ko/category/electricity/static_electricity/
math,옴의 법칙,,https://javalab.org/ko/category/electricity/ohms_law/
math,전기 회로,,https://javalab.org/ko/category/electricity/electric_circuit/
math,교류와 RLC회로,,https://javalab.org/ko/category/electricity/ac_rlc/
math,반도체,,https://javalab.org/ko/category/electricity/semiconductor/
math,자기,,https://javalab.org/ko/category/electricity/magnetism/
math,전자기,,https://javalab.org/ko/category/electricity/electromagnetism/
math,전자기파,,https://javalab.org/ko/category/electricity/electromagntic_wave/
math,힘과 운동힘관성여러가지 운동충돌진동,,https://javalab.org/ko/category/mechanics/
math,힘,,https://javalab.org/ko/category/mechanics/force/
math,관성,,https://javalab.org/ko/category/mechanics/inertia/
math,여러가지 운동,,https://javalab.org/ko/category/mechanics/movements/
math,충돌,,https://javalab.org/ko/category/mechanics/collision/
math,진동,,https://javalab.org/ko/category/mechanics/oscillation/
math,일과 에너지일의 원리에너지의 변환,,https://javalab.org/ko/category/energy/
math,일의 원리,,https://javalab.org/ko/category/energy/principle_of_work/
math,에너지의 변환,,https://javalab.org/ko/category/energy/energy_conversion/
math,빛과 파동반사굴절색파동파동의 간섭정상파,,https://javalab.org/ko/category/light_wave/
math,반사,,https://javalab.org/ko/category/light_wave/reflection/
math,굴절,,https://javalab.org/ko/category/light_wave/refraction/
math,색,,https://javalab.org/ko/category/light_wave/color/
math,파동,,https://javalab.org/ko/category/light_wave/wave/
math,파동의 간섭,,https://javalab.org/ko/category/light_wave/interference/
math,정상파,,https://javalab.org/ko/category/light_wave/standing_wave/
math,원자원자 모형원자와 빛방사능,,https://javalab.org/ko/category/atoms/
math,원자 모형,,https://javalab.org/ko/category/atoms/atomic_model/
math,원자와 빛,,https://javalab.org/ko/category/atoms/atom_light/
math,방사능,,https://javalab.org/ko/category/atoms/radioactivity/
math,"화학기체, 액체, 고체열분자 운동용액화학 반응화학 결합전기 화학",,https://javalab.org/ko/category/chemistry/
math,"기체, 액체, 고체",,https://javalab.org/ko/category/chemistry/gas/
math,열,,https://javalab.org/ko/category/chemistry/heat/
math,분자 운동,,https://javalab.org/ko/category/chemistry/molecules_in_motion/
math,용액,,https://javalab.org/ko/category/chemistry/solution/
math,화학 반응,,https://javalab.org/ko/category/chemistry/chemical_reaction/
math,화학 결합,,https://javalab.org/ko/category/chemistry/chemical_bonds/
math,전기 화학,,https://javalab.org/ko/category/chemistry/electrochemistry/
math,지구대기지질,,https://javalab.org/ko/category/earth/
math,대기,,https://javalab.org/ko/category/earth/atmosphere/
math,지질,,https://javalab.org/ko/category/earth/geology/
math,천문천체 관측지구달태양태양계별과 은하,,https://javalab.org/ko/category/astronomy/
math,천체 관측,,https://javalab.org/ko/category/astronomy/celestial_observation/
math,지구,,https://javalab.org/ko/category/astronomy/planet_earth/
math,달,,https://javalab.org/ko/category/astronomy/moon/
math,태양,,https://javalab.org/ko/category/astronomy/sun/
math,태양계,,https://javalab.org/ko/category/astronomy/solar_system/
math,별과 은하,,https://javalab.org/ko/category/astronomy/star/
math,생명,,https://javalab.org/ko/category/biology/
math,수학수학수학 그래픽스프랙털혼돈 이론,,https://javalab.org/ko/category/math/
math,수학,,https://javalab.org/ko/category/math/mathematics/
math,수학 그래픽스,,https://javalab.org/ko/category/math/math_graphics/
math,프랙털,,https://javalab.org/ko/category/math/fractal/
math,혼돈 이론,,https://javalab.org/ko/category/math/chaos/
math,테크인공지능마이크로비트3D 프린팅블록 코딩퍼즐아두이노 무작정 따라하기브레드보드 기초 전자회로브레드보드 메이커 교실,,https://javalab.org/ko/category/tech/
math,인공지능,,https://javalab.org/ko/category/tech/ai/
math,마이크로비트,,https://javalab.org/ko/category/tech/microbit/
math,3D 프린팅,,https://javalab.org/ko/category/tech/3d_printing/
math,블록 코딩,,https://javalab.org/ko/category/tech/block_coding/
math,퍼즐,,https://javalab.org/ko/category/tech/puzzle/
math,아두이노 무작정 따라하기,,https://javalab.org/ko/category/tech/arduino/
math,브레드보드 기초 전자회로,,https://javalab.org/ko/category/tech/breadboard_1/
math,브레드보드 메이커 교실,,https://javalab.org/ko/category/tech/breadboard_maker/
math,기타증강현실 (웹캠이용)3D (VR 이용)출판물강의 자료인용사례,,https://javalab.org/ko/category/ar/
math,증강현실 (웹캠이용),,https://javalab.org/ko/category/ar/
math,3D (VR 이용),,https://javalab.org/ko/category/3d_vr/
math,출판물,,https://javalab.org/ko/category/books/
math,강의 자료,,https://javalab.org/ko/category/resources/
math,● 한국어,,https://javalab.org/ko/category/math/
math,"생명 게임 (알고리즘, 게임 아님)",,https://javalab.org/ko/life_game/
math,"생명 게임 (알고리즘, 게임 아님)",,https://javalab.org/ko/life_game/
math,● 한국어,,https://javalab.org/ko/category/math/
chaos,마켓,,https://javalab.org/ko/category/market/
chaos,측정측정 일반데이터 과학 (CSV 파일)Javalab MBL상대성 이론,,https://javalab.org/ko/category/measure/
chaos,측정 일반,,https://javalab.org/ko/category/measure/measurement/
chaos,데이터 과학 (CSV 파일),,https://javalab.org/ko/category/measure/data_science/
chaos,Javalab MBL,,https://javalab.org/ko/category/measure/mbl/
chaos,상대성 이론,,https://javalab.org/ko/category/measure/relativity-ko/
chaos,전기와 자기정전기옴의 법칙전기 회로교류와 RLC회로반도체자기전자기전자기파,,https://javalab.org/ko/category/electricity/
chaos,정전기,,https://javalab.org/ko/category/electricity/static_electricity/
chaos,옴의 법칙,,https://javalab.org/ko/category/electricity/ohms_law/
chaos,전기 회로,,https://javalab.org/ko/category/electricity/electric_circuit/
chaos,교류와 RLC회로,,https://javalab.org/ko/category/electricity/ac_rlc/
chaos,반도체,,https://javalab.org/ko/category/electricity/semiconductor/
chaos,자기,,https://javalab.org/ko/category/electricity/magnetism/
chaos,전자기,,https://javalab.org/ko/category/electricity/electromagnetism/
chaos,전자기파,,https://javalab.org/ko/category/electricity/electromagntic_wave/
chaos,힘과 운동힘관성여러가지 운동충돌진동,,https://javalab.org/ko/category/mechanics/
chaos,힘,,https://javalab.org/ko/category/mechanics/force/
chaos,관성,,https://javalab.org/ko/category/mechanics/inertia/
chaos,여러가지 운동,,https://javalab.org/ko/category/mechanics/movements/
chaos,충돌,,https://javalab.org/ko/category/mechanics/collision/
chaos,진동,,https://javalab.org/ko/category/mechanics/oscillation/
chaos,일과 에너지일의 원리에너지의 변환,,https://javalab.org/ko/category/energy/
chaos,일의 원리,,https://javalab.org/ko/category/energy/principle_of_work/
chaos,에너지의 변환,,https://javalab.org/ko/category/energy/energy_conversion/
chaos,빛과 파동반사굴절색파동파동의 간섭정상파,,https://javalab.org/ko/category/light_wave/
chaos,반사,,https://javalab.org/ko/category/light_wave/reflection/
chaos,굴절,,https://javalab.org/ko/category/light_wave/refraction/
chaos,색,,https://javalab.org/ko/category/light_wave/color/
chaos,파동,,https://javalab.org/ko/category/light_wave/wave/
chaos,파동의 간섭,,https://javalab.org/ko/category/light_wave/interference/
chaos,정상파,,https://javalab.org/ko/category/light_wave/standing_wave/
chaos,원자원자 모형원자와 빛방사능,,https://javalab.org/ko/category/atoms/
chaos,원자 모형,,https://javalab.org/ko/category/atoms/atomic_model/
chaos,원자와 빛,,https://javalab.org/ko/category/atoms/atom_light/
chaos,방사능,,https://javalab.org/ko/category/atoms/radioactivity/
chaos,"화학기체, 액체, 고체열분자 운동용액화학 반응화학 결합전기 화학",,https://javalab.org/ko/category/chemistry/
chaos,"기체, 액체, 고체",,https://javalab.org/ko/category/chemistry/gas/
chaos,열,,https://javalab.org/ko/category/chemistry/heat/
chaos,분자 운동,,https://javalab.org/ko/category/chemistry/molecules_in_motion/
chaos,용액,,https://javalab.org/ko/category/chemistry/solution/
chaos,화학 반응,,https://javalab.org/ko/category/chemistry/chemical_reaction/
chaos,화학 결합,,https://javalab.org/ko/category/chemistry/chemical_bonds/
chaos,전기 화학,,https://javalab.org/ko/category/chemistry/electrochemistry/
chaos,지구대기지질,,https://javalab.org/ko/category/earth/
chaos,대기,,https://javalab.org/ko/category/earth/atmosphere/
chaos,지질,,https://javalab.org/ko/category/earth/geology/
chaos,천문천체 관측지구달태양태양계별과 은하,,https://javalab.org/ko/category/astronomy/
chaos,천체 관측,,https://javalab.org/ko/category/astronomy/celestial_observation/
chaos,지구,,https://javalab.org/ko/category/astronomy/planet_earth/
chaos,달,,https://javalab.org/ko/category/astronomy/moon/
chaos,태양,,https://javalab.org/ko/category/astronomy/sun/
chaos,태양계,,https://javalab.org/ko/category/astronomy/solar_system/
chaos,별과 은하,,https://javalab.org/ko/category/astronomy/star/
chaos,생명,,https://javalab.org/ko/category/biology/
chaos,수학수학수학 그래픽스프랙털혼돈 이론,,https://javalab.org/ko/category/math/
chaos,수학,,https://javalab.org/ko/category/math/mathematics/
chaos,수학 그래픽스,,https://javalab.org/ko/category/math/math_graphics/
chaos,프랙털,,https://javalab.org/ko/category/math/fractal/
chaos,혼돈 이론,,https://javalab.org/ko/category/math/chaos/
chaos,테크인공지능마이크로비트3D 프린팅블록 코딩퍼즐아두이노 무작정 따라하기브레드보드 기초 전자회로브레드보드 메이커 교실,,https://javalab.org/ko/category/tech/
chaos,인공지능,,https://javalab.org/ko/category/tech/ai/
chaos,마이크로비트,,https://javalab.org/ko/category/tech/microbit/
chaos,3D 프린팅,,https://javalab.org/ko/category/tech/3d_printing/
chaos,블록 코딩,,https://javalab.org/ko/category/tech/block_coding/
chaos,퍼즐,,https://javalab.org/ko/category/tech/puzzle/
chaos,아두이노 무작정 따라하기,,https://javalab.org/ko/category/tech/arduino/
chaos,브레드보드 기초 전자회로,,https://javalab.org/ko/category/tech/breadboard_1/
chaos,브레드보드 메이커 교실,,https://javalab.org/ko/category/tech/breadboard_maker/
chaos,기타증강현실 (웹캠이용)3D (VR 이용)출판물강의 자료인용사례,,https://javalab.org/ko/category/ar/
chaos,증강현실 (웹캠이용),,https://javalab.org/ko/category/ar/
chaos,3D (VR 이용),,https://javalab.org/ko/category/3d_vr/
chaos,출판물,,https://javalab.org/ko/category/books/
chaos,강의 자료,,https://javalab.org/ko/category/resources/
chaos,● 한국어,,https://javalab.org/ko/category/math/chaos/
chaos,"생명 게임 (알고리즘, 게임 아님)",,https://javalab.org/ko/life_game/
chaos,"생명 게임 (알고리즘, 게임 아님)",,https://javalab.org/ko/life_game/
chaos,● 한국어,,https://javalab.org/ko/category/math/chaos/
fractal,마켓,,https://javalab.org/ko/category/market/
fractal,측정측정 일반데이터 과학 (CSV 파일)Javalab MBL상대성 이론,,https://javalab.org/ko/category/measure/
fractal,측정 일반,,https://javalab.org/ko/category/measure/measurement/
fractal,데이터 과학 (CSV 파일),,https://javalab.org/ko/category/measure/data_science/
fractal,Javalab MBL,,https://javalab.org/ko/category/measure/mbl/
fractal,상대성 이론,,https://javalab.org/ko/category/measure/relativity-ko/
fractal,전기와 자기정전기옴의 법칙전기 회로교류와 RLC회로반도체자기전자기전자기파,,https://javalab.org/ko/category/electricity/
fractal,정전기,,https://javalab.org/ko/category/electricity/static_electricity/
fractal,옴의 법칙,,https://javalab.org/ko/category/electricity/ohms_law/
fractal,전기 회로,,https://javalab.org/ko/category/electricity/electric_circuit/
fractal,교류와 RLC회로,,https://javalab.org/ko/category/electricity/ac_rlc/
fractal,반도체,,https://javalab.org/ko/category/electricity/semiconductor/
fractal,자기,,https://javalab.org/ko/category/electricity/magnetism/
fractal,전자기,,https://javalab.org/ko/category/electricity/electromagnetism/
fractal,전자기파,,https://javalab.org/ko/category/electricity/electromagntic_wave/
fractal,힘과 운동힘관성여러가지 운동충돌진동,,https://javalab.org/ko/category/mechanics/
fractal,힘,,https://javalab.org/ko/category/mechanics/force/
fractal,관성,,https://javalab.org/ko/category/mechanics/inertia/
fractal,여러가지 운동,,https://javalab.org/ko/category/mechanics/movements/
fractal,충돌,,https://javalab.org/ko/category/mechanics/collision/
fractal,진동,,https://javalab.org/ko/category/mechanics/oscillation/
fractal,일과 에너지일의 원리에너지의 변환,,https://javalab.org/ko/category/energy/
fractal,일의 원리,,https://javalab.org/ko/category/energy/principle_of_work/
fractal,에너지의 변환,,https://javalab.org/ko/category/energy/energy_conversion/
fractal,빛과 파동반사굴절색파동파동의 간섭정상파,,https://javalab.org/ko/category/light_wave/
fractal,반사,,https://javalab.org/ko/category/light_wave/reflection/
fractal,굴절,,https://javalab.org/ko/category/light_wave/refraction/
fractal,색,,https://javalab.org/ko/category/light_wave/color/
fractal,파동,,https://javalab.org/ko/category/light_wave/wave/
fractal,파동의 간섭,,https://javalab.org/ko/category/light_wave/interference/
fractal,정상파,,https://javalab.org/ko/category/light_wave/standing_wave/
fractal,원자원자 모형원자와 빛방사능,,https://javalab.org/ko/category/atoms/
fractal,원자 모형,,https://javalab.org/ko/category/atoms/atomic_model/
fractal,원자와 빛,,https://javalab.org/ko/category/atoms/atom_light/
fractal,방사능,,https://javalab.org/ko/category/atoms/radioactivity/
fractal,"화학기체, 액체, 고체열분자 운동용액화학 반응화학 결합전기 화학",,https://javalab.org/ko/category/chemistry/
fractal,"기체, 액체, 고체",,https://javalab.org/ko/category/chemistry/gas/
fractal,열,,https://javalab.org/ko/category/chemistry/heat/
fractal,분자 운동,,https://javalab.org/ko/category/chemistry/molecules_in_motion/
fractal,용액,,https://javalab.org/ko/category/chemistry/solution/
fractal,화학 반응,,https://javalab.org/ko/category/chemistry/chemical_reaction/
fractal,화학 결합,,https://javalab.org/ko/category/chemistry/chemical_bonds/
fractal,전기 화학,,https://javalab.org/ko/category/chemistry/electrochemistry/
fractal,지구대기지질,,https://javalab.org/ko/category/earth/
fractal,대기,,https://javalab.org/ko/category/earth/atmosphere/
fractal,지질,,https://javalab.org/ko/category/earth/geology/
fractal,천문천체 관측지구달태양태양계별과 은하,,https://javalab.org/ko/category/astronomy/
fractal,천체 관측,,https://javalab.org/ko/category/astronomy/celestial_observation/
fractal,지구,,https://javalab.org/ko/category/astronomy/planet_earth/
fractal,달,,https://javalab.org/ko/category/astronomy/moon/
fractal,태양,,https://javalab.org/ko/category/astronomy/sun/
fractal,태양계,,https://javalab.org/ko/category/astronomy/solar_system/
fractal,별과 은하,,https://javalab.org/ko/category/astronomy/star/
fractal,생명,,https://javalab.org/ko/category/biology/
fractal,수학수학수학 그래픽스프랙털혼돈 이론,,https://javalab.org/ko/category/math/
fractal,수학,,https://javalab.org/ko/category/math/mathematics/
fractal,수학 그래픽스,,https://javalab.org/ko/category/math/math_graphics/
fractal,프랙털,,https://javalab.org/ko/category/math/fractal/
fractal,혼돈 이론,,https://javalab.org/ko/category/math/chaos/
fractal,테크인공지능마이크로비트3D 프린팅블록 코딩퍼즐아두이노 무작정 따라하기브레드보드 기초 전자회로브레드보드 메이커 교실,,https://javalab.org/ko/category/tech/
fractal,인공지능,,https://javalab.org/ko/category/tech/ai/
fractal,마이크로비트,,https://javalab.org/ko/category/tech/microbit/
fractal,3D 프린팅,,https://javalab.org/ko/category/tech/3d_printing/
fractal,블록 코딩,,https://javalab.org/ko/category/tech/block_coding/
fractal,퍼즐,,https://javalab.org/ko/category/tech/puzzle/
fractal,아두이노 무작정 따라하기,,https://javalab.org/ko/category/tech/arduino/
fractal,브레드보드 기초 전자회로,,https://javalab.org/ko/category/tech/breadboard_1/
fractal,브레드보드 메이커 교실,,https://javalab.org/ko/category/tech/breadboard_maker/
fractal,기타증강현실 (웹캠이용)3D (VR 이용)출판물강의 자료인용사례,,https://javalab.org/ko/category/ar/
fractal,증강현실 (웹캠이용),,https://javalab.org/ko/category/ar/
fractal,3D (VR 이용),,https://javalab.org/ko/category/3d_vr/
fractal,출판물,,https://javalab.org/ko/category/books/
fractal,강의 자료,,https://javalab.org/ko/category/resources/
fractal,● 한국어,,https://javalab.org/ko/category/math/fractal/
fractal,망델브로 집합,,https://javalab.org/ko/mandelbrot_set/
fractal,망델브로 집합,,https://javalab.org/ko/mandelbrot_set/
fractal,● 한국어,,https://javalab.org/ko/category/math/fractal/
math_graphics,마켓,,https://javalab.org/ko/category/market/
math_graphics,측정측정 일반데이터 과학 (CSV 파일)Javalab MBL상대성 이론,,https://javalab.org/ko/category/measure/
math_graphics,측정 일반,,https://javalab.org/ko/category/measure/measurement/
math_graphics,데이터 과학 (CSV 파일),,https://javalab.org/ko/category/measure/data_science/
math_graphics,Javalab MBL,,https://javalab.org/ko/category/measure/mbl/
math_graphics,상대성 이론,,https://javalab.org/ko/category/measure/relativity-ko/
math_graphics,전기와 자기정전기옴의 법칙전기 회로교류와 RLC회로반도체자기전자기전자기파,,https://javalab.org/ko/category/electricity/
math_graphics,정전기,,https://javalab.org/ko/category/electricity/static_electricity/
math_graphics,옴의 법칙,,https://javalab.org/ko/category/electricity/ohms_law/
math_graphics,전기 회로,,https://javalab.org/ko/category/electricity/electric_circuit/
math_graphics,교류와 RLC회로,,https://javalab.org/ko/category/electricity/ac_rlc/
math_graphics,반도체,,https://javalab.org/ko/category/electricity/semiconductor/
math_graphics,자기,,https://javalab.org/ko/category/electricity/magnetism/
math_graphics,전자기,,https://javalab.org/ko/category/electricity/electromagnetism/
math_graphics,전자기파,,https://javalab.org/ko/category/electricity/electromagntic_wave/
math_graphics,힘과 운동힘관성여러가지 운동충돌진동,,https://javalab.org/ko/category/mechanics/
math_graphics,힘,,https://javalab.org/ko/category/mechanics/force/
math_graphics,관성,,https://javalab.org/ko/category/mechanics/inertia/
math_graphics,여러가지 운동,,https://javalab.org/ko/category/mechanics/movements/
math_graphics,충돌,,https://javalab.org/ko/category/mechanics/collision/
math_graphics,진동,,https://javalab.org/ko/category/mechanics/oscillation/
math_graphics,일과 에너지일의 원리에너지의 변환,,https://javalab.org/ko/category/energy/
math_graphics,일의 원리,,https://javalab.org/ko/category/energy/principle_of_work/
math_graphics,에너지의 변환,,https://javalab.org/ko/category/energy/energy_conversion/
math_graphics,빛과 파동반사굴절색파동파동의 간섭정상파,,https://javalab.org/ko/category/light_wave/
math_graphics,반사,,https://javalab.org/ko/category/light_wave/reflection/
math_graphics,굴절,,https://javalab.org/ko/category/light_wave/refraction/
math_graphics,색,,https://javalab.org/ko/category/light_wave/color/
math_graphics,파동,,https://javalab.org/ko/category/light_wave/wave/
math_graphics,파동의 간섭,,https://javalab.org/ko/category/light_wave/interference/
math_graphics,정상파,,https://javalab.org/ko/category/light_wave/standing_wave/
math_graphics,원자원자 모형원자와 빛방사능,,https://javalab.org/ko/category/atoms/
math_graphics,원자 모형,,https://javalab.org/ko/category/atoms/atomic_model/
math_graphics,원자와 빛,,https://javalab.org/ko/category/atoms/atom_light/
math_graphics,방사능,,https://javalab.org/ko/category/atoms/radioactivity/
math_graphics,"화학기체, 액체, 고체열분자 운동용액화학 반응화학 결합전기 화학",,https://javalab.org/ko/category/chemistry/
math_graphics,"기체, 액체, 고체",,https://javalab.org/ko/category/chemistry/gas/
math_graphics,열,,https://javalab.org/ko/category/chemistry/heat/
math_graphics,분자 운동,,https://javalab.org/ko/category/chemistry/molecules_in_motion/
math_graphics,용액,,https://javalab.org/ko/category/chemistry/solution/
math_graphics,화학 반응,,https://javalab.org/ko/category/chemistry/chemical_reaction/
math_graphics,화학 결합,,https://javalab.org/ko/category/chemistry/chemical_bonds/
math_graphics,전기 화학,,https://javalab.org/ko/category/chemistry/electrochemistry/
math_graphics,지구대기지질,,https://javalab.org/ko/category/earth/
math_graphics,대기,,https://javalab.org/ko/category/earth/atmosphere/
math_graphics,지질,,https://javalab.org/ko/category/earth/geology/
math_graphics,천문천체 관측지구달태양태양계별과 은하,,https://javalab.org/ko/category/astronomy/
math_graphics,천체 관측,,https://javalab.org/ko/category/astronomy/celestial_observation/
math_graphics,지구,,https://javalab.org/ko/category/astronomy/planet_earth/
math_graphics,달,,https://javalab.org/ko/category/astronomy/moon/
math_graphics,태양,,https://javalab.org/ko/category/astronomy/sun/
math_graphics,태양계,,https://javalab.org/ko/category/astronomy/solar_system/
math_graphics,별과 은하,,https://javalab.org/ko/category/astronomy/star/
math_graphics,생명,,https://javalab.org/ko/category/biology/
math_graphics,수학수학수학 그래픽스프랙털혼돈 이론,,https://javalab.org/ko/category/math/
math_graphics,수학,,https://javalab.org/ko/category/math/mathematics/
math_graphics,수학 그래픽스,,https://javalab.org/ko/category/math/math_graphics/
math_graphics,프랙털,,https://javalab.org/ko/category/math/fractal/
math_graphics,혼돈 이론,,https://javalab.org/ko/category/math/chaos/
math_graphics,테크인공지능마이크로비트3D 프린팅블록 코딩퍼즐아두이노 무작정 따라하기브레드보드 기초 전자회로브레드보드 메이커 교실,,https://javalab.org/ko/category/tech/
math_graphics,인공지능,,https://javalab.org/ko/category/tech/ai/
math_graphics,마이크로비트,,https://javalab.org/ko/category/tech/microbit/
math_graphics,3D 프린팅,,https://javalab.org/ko/category/tech/3d_printing/
math_graphics,블록 코딩,,https://javalab.org/ko/category/tech/block_coding/
math_graphics,퍼즐,,https://javalab.org/ko/category/tech/puzzle/
math_graphics,아두이노 무작정 따라하기,,https://javalab.org/ko/category/tech/arduino/
math_graphics,브레드보드 기초 전자회로,,https://javalab.org/ko/category/tech/breadboard_1/
math_graphics,브레드보드 메이커 교실,,https://javalab.org/ko/category/tech/breadboard_maker/
math_graphics,기타증강현실 (웹캠이용)3D (VR 이용)출판물강의 자료인용사례,,https://javalab.org/ko/category/ar/
math_graphics,증강현실 (웹캠이용),,https://javalab.org/ko/category/ar/
math_graphics,3D (VR 이용),,https://javalab.org/ko/category/3d_vr/
math_graphics,출판물,,https://javalab.org/ko/category/books/
math_graphics,강의 자료,,https://javalab.org/ko/category/resources/
math_graphics,● 한국어,,https://javalab.org/ko/category/math/math_graphics/
math_graphics,하이포사이클로이드,,https://javalab.org/ko/hypocycloid/
math_graphics,하이포사이클로이드,,https://javalab.org/ko/hypocycloid/
math_graphics,● 한국어,,https://javalab.org/ko/category/math/math_graphics/
mathematics,마켓,,https://javalab.org/ko/category/market/
mathematics,측정측정 일반데이터 과학 (CSV 파일)Javalab MBL상대성 이론,,https://javalab.org/ko/category/measure/
mathematics,측정 일반,,https://javalab.org/ko/category/measure/measurement/
mathematics,데이터 과학 (CSV 파일),,https://javalab.org/ko/category/measure/data_science/
mathematics,Javalab MBL,,https://javalab.org/ko/category/measure/mbl/
mathematics,상대성 이론,,https://javalab.org/ko/category/measure/relativity-ko/
mathematics,전기와 자기정전기옴의 법칙전기 회로교류와 RLC회로반도체자기전자기전자기파,,https://javalab.org/ko/category/electricity/
mathematics,정전기,,https://javalab.org/ko/category/electricity/static_electricity/
mathematics,옴의 법칙,,https://javalab.org/ko/category/electricity/ohms_law/
mathematics,전기 회로,,https://javalab.org/ko/category/electricity/electric_circuit/
mathematics,교류와 RLC회로,,https://javalab.org/ko/category/electricity/ac_rlc/
mathematics,반도체,,https://javalab.org/ko/category/electricity/semiconductor/
mathematics,자기,,https://javalab.org/ko/category/electricity/magnetism/
mathematics,전자기,,https://javalab.org/ko/category/electricity/electromagnetism/
mathematics,전자기파,,https://javalab.org/ko/category/electricity/electromagntic_wave/
mathematics,힘과 운동힘관성여러가지 운동충돌진동,,https://javalab.org/ko/category/mechanics/
mathematics,힘,,https://javalab.org/ko/category/mechanics/force/
mathematics,관성,,https://javalab.org/ko/category/mechanics/inertia/
mathematics,여러가지 운동,,https://javalab.org/ko/category/mechanics/movements/
mathematics,충돌,,https://javalab.org/ko/category/mechanics/collision/
mathematics,진동,,https://javalab.org/ko/category/mechanics/oscillation/
mathematics,일과 에너지일의 원리에너지의 변환,,https://javalab.org/ko/category/energy/
mathematics,일의 원리,,https://javalab.org/ko/category/energy/principle_of_work/
mathematics,에너지의 변환,,https://javalab.org/ko/category/energy/energy_conversion/
mathematics,빛과 파동반사굴절색파동파동의 간섭정상파,,https://javalab.org/ko/category/light_wave/
mathematics,반사,,https://javalab.org/ko/category/light_wave/reflection/
mathematics,굴절,,https://javalab.org/ko/category/light_wave/refraction/
mathematics,색,,https://javalab.org/ko/category/light_wave/color/
mathematics,파동,,https://javalab.org/ko/category/light_wave/wave/
mathematics,파동의 간섭,,https://javalab.org/ko/category/light_wave/interference/
mathematics,정상파,,https://javalab.org/ko/category/light_wave/standing_wave/
mathematics,원자원자 모형원자와 빛방사능,,https://javalab.org/ko/category/atoms/
mathematics,원자 모형,,https://javalab.org/ko/category/atoms/atomic_model/
mathematics,원자와 빛,,https://javalab.org/ko/category/atoms/atom_light/
mathematics,방사능,,https://javalab.org/ko/category/atoms/radioactivity/
mathematics,"화학기체, 액체, 고체열분자 운동용액화학 반응화학 결합전기 화학",,https://javalab.org/ko/category/chemistry/
mathematics,"기체, 액체, 고체",,https://javalab.org/ko/category/chemistry/gas/
mathematics,열,,https://javalab.org/ko/category/chemistry/heat/
mathematics,분자 운동,,https://javalab.org/ko/category/chemistry/molecules_in_motion/
mathematics,용액,,https://javalab.org/ko/category/chemistry/solution/
mathematics,화학 반응,,https://javalab.org/ko/category/chemistry/chemical_reaction/
mathematics,화학 결합,,https://javalab.org/ko/category/chemistry/chemical_bonds/
mathematics,전기 화학,,https://javalab.org/ko/category/chemistry/electrochemistry/
mathematics,지구대기지질,,https://javalab.org/ko/category/earth/
mathematics,대기,,https://javalab.org/ko/category/earth/atmosphere/
mathematics,지질,,https://javalab.org/ko/category/earth/geology/
mathematics,천문천체 관측지구달태양태양계별과 은하,,https://javalab.org/ko/category/astronomy/
mathematics,천체 관측,,https://javalab.org/ko/category/astronomy/celestial_observation/
mathematics,지구,,https://javalab.org/ko/category/astronomy/planet_earth/
mathematics,달,,https://javalab.org/ko/category/astronomy/moon/
mathematics,태양,,https://javalab.org/ko/category/astronomy/sun/
mathematics,태양계,,https://javalab.org/ko/category/astronomy/solar_system/
mathematics,별과 은하,,https://javalab.org/ko/category/astronomy/star/
mathematics,생명,,https://javalab.org/ko/category/biology/
mathematics,수학수학수학 그래픽스프랙털혼돈 이론,,https://javalab.org/ko/category/math/
mathematics,수학,,https://javalab.org/ko/category/math/mathematics/
mathematics,수학 그래픽스,,https://javalab.org/ko/category/math/math_graphics/
mathematics,프랙털,,https://javalab.org/ko/category/math/fractal/
mathematics,혼돈 이론,,https://javalab.org/ko/category/math/chaos/
mathematics,테크인공지능마이크로비트3D 프린팅블록 코딩퍼즐아두이노 무작정 따라하기브레드보드 기초 전자회로브레드보드 메이커 교실,,https://javalab.org/ko/category/tech/
mathematics,인공지능,,https://javalab.org/ko/category/tech/ai/
mathematics,마이크로비트,,https://javalab.org/ko/category/tech/microbit/
mathematics,3D 프린팅,,https://javalab.org/ko/category/tech/3d_printing/
mathematics,블록 코딩,,https://javalab.org/ko/category/tech/block_coding/
mathematics,퍼즐,,https://javalab.org/ko/category/tech/puzzle/
mathematics,아두이노 무작정 따라하기,,https://javalab.org/ko/category/tech/arduino/
mathematics,브레드보드 기초 전자회로,,https://javalab.org/ko/category/tech/breadboard_1/
mathematics,브레드보드 메이커 교실,,https://javalab.org/ko/category/tech/breadboard_maker/
mathematics,기타증강현실 (웹캠이용)3D (VR 이용)출판물강의 자료인용사례,,https://javalab.org/ko/category/ar/
mathematics,증강현실 (웹캠이용),,https://javalab.org/ko/category/ar/
mathematics,3D (VR 이용),,https://javalab.org/ko/category/3d_vr/
mathematics,출판물,,https://javalab.org/ko/category/books/
mathematics,강의 자료,,https://javalab.org/ko/category/resources/
mathematics,● 한국어,,https://javalab.org/ko/category/math/mathematics/
mathematics,갈톤 보드 (이항분포),,https://javalab.org/ko/galton_board/
mathematics,갈톤 보드 (이항분포),,https://javalab.org/ko/galton_board/
mathematics,● 한국어,,https://javalab.org/ko/category/math/mathematics/
measure,마켓,,https://javalab.org/ko/category/market/
measure,측정측정 일반데이터 과학 (CSV 파일)Javalab MBL상대성 이론,,https://javalab.org/ko/category/measure/
measure,측정 일반,,https://javalab.org/ko/category/measure/measurement/
measure,데이터 과학 (CSV 파일),,https://javalab.org/ko/category/measure/data_science/
measure,Javalab MBL,,https://javalab.org/ko/category/measure/mbl/
measure,상대성 이론,,https://javalab.org/ko/category/measure/relativity-ko/
measure,전기와 자기정전기옴의 법칙전기 회로교류와 RLC회로반도체자기전자기전자기파,,https://javalab.org/ko/category/electricity/
measure,정전기,,https://javalab.org/ko/category/electricity/static_electricity/
measure,옴의 법칙,,https://javalab.org/ko/category/electricity/ohms_law/
measure,전기 회로,,https://javalab.org/ko/category/electricity/electric_circuit/
measure,교류와 RLC회로,,https://javalab.org/ko/category/electricity/ac_rlc/
measure,반도체,,https://javalab.org/ko/category/electricity/semiconductor/
measure,자기,,https://javalab.org/ko/category/electricity/magnetism/
measure,전자기,,https://javalab.org/ko/category/electricity/electromagnetism/
measure,전자기파,,https://javalab.org/ko/category/electricity/electromagntic_wave/
measure,힘과 운동힘관성여러가지 운동충돌진동,,https://javalab.org/ko/category/mechanics/
measure,힘,,https://javalab.org/ko/category/mechanics/force/
measure,관성,,https://javalab.org/ko/category/mechanics/inertia/
measure,여러가지 운동,,https://javalab.org/ko/category/mechanics/movements/
measure,충돌,,https://javalab.org/ko/category/mechanics/collision/
measure,진동,,https://javalab.org/ko/category/mechanics/oscillation/
measure,일과 에너지일의 원리에너지의 변환,,https://javalab.org/ko/category/energy/
measure,일의 원리,,https://javalab.org/ko/category/energy/principle_of_work/
measure,에너지의 변환,,https://javalab.org/ko/category/energy/energy_conversion/
measure,빛과 파동반사굴절색파동파동의 간섭정상파,,https://javalab.org/ko/category/light_wave/
measure,반사,,https://javalab.org/ko/category/light_wave/reflection/
measure,굴절,,https://javalab.org/ko/category/light_wave/refraction/
measure,색,,https://javalab.org/ko/category/light_wave/color/
measure,파동,,https://javalab.org/ko/category/light_wave/wave/
measure,파동의 간섭,,https://javalab.org/ko/category/light_wave/interference/
measure,정상파,,https://javalab.org/ko/category/light_wave/standing_wave/
measure,원자원자 모형원자와 빛방사능,,https://javalab.org/ko/category/atoms/
measure,원자 모형,,https://javalab.org/ko/category/atoms/atomic_model/
measure,원자와 빛,,https://javalab.org/ko/category/atoms/atom_light/
measure,방사능,,https://javalab.org/ko/category/atoms/radioactivity/
measure,"화학기체, 액체, 고체열분자 운동용액화학 반응화학 결합전기 화학",,https://javalab.org/ko/category/chemistry/
measure,"기체, 액체, 고체",,https://javalab.org/ko/category/chemistry/gas/
measure,열,,https://javalab.org/ko/category/chemistry/heat/
measure,분자 운동,,https://javalab.org/ko/category/chemistry/molecules_in_motion/
measure,용액,,https://javalab.org/ko/category/chemistry/solution/
measure,화학 반응,,https://javalab.org/ko/category/chemistry/chemical_reaction/
measure,화학 결합,,https://javalab.org/ko/category/chemistry/chemical_bonds/
measure,전기 화학,,https://javalab.org/ko/category/chemistry/electrochemistry/
measure,지구대기지질,,https://javalab.org/ko/category/earth/
measure,대기,,https://javalab.org/ko/category/earth/atmosphere/
measure,지질,,https://javalab.org/ko/category/earth/geology/
measure,천문천체 관측지구달태양태양계별과 은하,,https://javalab.org/ko/category/astronomy/
measure,천체 관측,,https://javalab.org/ko/category/astronomy/celestial_observation/
measure,지구,,https://javalab.org/ko/category/astronomy/planet_earth/
measure,달,,https://javalab.org/ko/category/astronomy/moon/
measure,태양,,https://javalab.org/ko/category/astronomy/sun/
measure,태양계,,https://javalab.org/ko/category/astronomy/solar_system/
measure,별과 은하,,https://javalab.org/ko/category/astronomy/star/
measure,생명,,https://javalab.org/ko/category/biology/
measure,수학수학수학 그래픽스프랙털혼돈 이론,,https://javalab.org/ko/category/math/
measure,수학,,https://javalab.org/ko/category/math/mathematics/
measure,수학 그래픽스,,https://javalab.org/ko/category/math/math_graphics/
measure,프랙털,,https://javalab.org/ko/category/math/fractal/
measure,혼돈 이론,,https://javalab.org/ko/category/math/chaos/
measure,테크인공지능마이크로비트3D 프린팅블록 코딩퍼즐아두이노 무작정 따라하기브레드보드 기초 전자회로브레드보드 메이커 교실,,https://javalab.org/ko/category/tech/
measure,인공지능,,https://javalab.org/ko/category/tech/ai/
measure,마이크로비트,,https://javalab.org/ko/category/tech/microbit/
measure,3D 프린팅,,https://javalab.org/ko/category/tech/3d_printing/
measure,블록 코딩,,https://javalab.org/ko/category/tech/block_coding/
measure,퍼즐,,https://javalab.org/ko/category/tech/puzzle/
measure,아두이노 무작정 따라하기,,https://javalab.org/ko/category/tech/arduino/
measure,브레드보드 기초 전자회로,,https://javalab.org/ko/category/tech/breadboard_1/
measure,브레드보드 메이커 교실,,https://javalab.org/ko/category/tech/breadboard_maker/
measure,기타증강현실 (웹캠이용)3D (VR 이용)출판물강의 자료인용사례,,https://javalab.org/ko/category/ar/
measure,증강현실 (웹캠이용),,https://javalab.org/ko/category/ar/
measure,3D (VR 이용),,https://javalab.org/ko/category/3d_vr/
measure,출판물,,https://javalab.org/ko/category/books/
measure,강의 자료,,https://javalab.org/ko/category/resources/
measure,● 한국어,,https://javalab.org/ko/category/measure/
measure,반복 측정용 알람 시계,,https://javalab.org/ko/clock/
measure,반복 측정용 알람 시계,,https://javalab.org/ko/clock/
measure,● 한국어,,https://javalab.org/ko/category/measure/
data_science,마켓,,https://javalab.org/ko/category/market/
data_science,측정측정 일반데이터 과학 (CSV 파일)Javalab MBL상대성 이론,,https://javalab.org/ko/category/measure/
data_science,측정 일반,,https://javalab.org/ko/category/measure/measurement/
data_science,데이터 과학 (CSV 파일),,https://javalab.org/ko/category/measure/data_science/
data_science,Javalab MBL,,https://javalab.org/ko/category/measure/mbl/
data_science,상대성 이론,,https://javalab.org/ko/category/measure/relativity-ko/
data_science,전기와 자기정전기옴의 법칙전기 회로교류와 RLC회로반도체자기전자기전자기파,,https://javalab.org/ko/category/electricity/
data_science,정전기,,https://javalab.org/ko/category/electricity/static_electricity/
data_science,옴의 법칙,,https://javalab.org/ko/category/electricity/ohms_law/
data_science,전기 회로,,https://javalab.org/ko/category/electricity/electric_circuit/
data_science,교류와 RLC회로,,https://javalab.org/ko/category/electricity/ac_rlc/
data_science,반도체,,https://javalab.org/ko/category/electricity/semiconductor/
data_science,자기,,https://javalab.org/ko/category/electricity/magnetism/
data_science,전자기,,https://javalab.org/ko/category/electricity/electromagnetism/
data_science,전자기파,,https://javalab.org/ko/category/electricity/electromagntic_wave/
data_science,힘과 운동힘관성여러가지 운동충돌진동,,https://javalab.org/ko/category/mechanics/
data_science,힘,,https://javalab.org/ko/category/mechanics/force/
data_science,관성,,https://javalab.org/ko/category/mechanics/inertia/
data_science,여러가지 운동,,https://javalab.org/ko/category/mechanics/movements/
data_science,충돌,,https://javalab.org/ko/category/mechanics/collision/
data_science,진동,,https://javalab.org/ko/category/mechanics/oscillation/
data_science,일과 에너지일의 원리에너지의 변환,,https://javalab.org/ko/category/energy/
data_science,일의 원리,,https://javalab.org/ko/category/energy/principle_of_work/
data_science,에너지의 변환,,https://javalab.org/ko/category/energy/energy_conversion/
data_science,빛과 파동반사굴절색파동파동의 간섭정상파,,https://javalab.org/ko/category/light_wave/
data_science,반사,,https://javalab.org/ko/category/light_wave/reflection/
data_science,굴절,,https://javalab.org/ko/category/light_wave/refraction/
data_science,색,,https://javalab.org/ko/category/light_wave/color/
data_science,파동,,https://javalab.org/ko/category/light_wave/wave/
data_science,파동의 간섭,,https://javalab.org/ko/category/light_wave/interference/
data_science,정상파,,https://javalab.org/ko/category/light_wave/standing_wave/
data_science,원자원자 모형원자와 빛방사능,,https://javalab.org/ko/category/atoms/
data_science,원자 모형,,https://javalab.org/ko/category/atoms/atomic_model/
data_science,원자와 빛,,https://javalab.org/ko/category/atoms/atom_light/
data_science,방사능,,https://javalab.org/ko/category/atoms/radioactivity/
data_science,"화학기체, 액체, 고체열분자 운동용액화학 반응화학 결합전기 화학",,https://javalab.org/ko/category/chemistry/
data_science,"기체, 액체, 고체",,https://javalab.org/ko/category/chemistry/gas/
data_science,열,,https://javalab.org/ko/category/chemistry/heat/
data_science,분자 운동,,https://javalab.org/ko/category/chemistry/molecules_in_motion/
data_science,용액,,https://javalab.org/ko/category/chemistry/solution/
data_science,화학 반응,,https://javalab.org/ko/category/chemistry/chemical_reaction/
data_science,화학 결합,,https://javalab.org/ko/category/chemistry/chemical_bonds/
data_science,전기 화학,,https://javalab.org/ko/category/chemistry/electrochemistry/
data_science,지구대기지질,,https://javalab.org/ko/category/earth/
data_science,대기,,https://javalab.org/ko/category/earth/atmosphere/
data_science,지질,,https://javalab.org/ko/category/earth/geology/
data_science,천문천체 관측지구달태양태양계별과 은하,,https://javalab.org/ko/category/astronomy/
data_science,천체 관측,,https://javalab.org/ko/category/astronomy/celestial_observation/
data_science,지구,,https://javalab.org/ko/category/astronomy/planet_earth/
data_science,달,,https://javalab.org/ko/category/astronomy/moon/
data_science,태양,,https://javalab.org/ko/category/astronomy/sun/
data_science,태양계,,https://javalab.org/ko/category/astronomy/solar_system/
data_science,별과 은하,,https://javalab.org/ko/category/astronomy/star/
data_science,생명,,https://javalab.org/ko/category/biology/
data_science,수학수학수학 그래픽스프랙털혼돈 이론,,https://javalab.org/ko/category/math/
data_science,수학,,https://javalab.org/ko/category/math/mathematics/
data_science,수학 그래픽스,,https://javalab.org/ko/category/math/math_graphics/
data_science,프랙털,,https://javalab.org/ko/category/math/fractal/
data_science,혼돈 이론,,https://javalab.org/ko/category/math/chaos/
data_science,테크인공지능마이크로비트3D 프린팅블록 코딩퍼즐아두이노 무작정 따라하기브레드보드 기초 전자회로브레드보드 메이커 교실,,https://javalab.org/ko/category/tech/
data_science,인공지능,,https://javalab.org/ko/category/tech/ai/
data_science,마이크로비트,,https://javalab.org/ko/category/tech/microbit/
data_science,3D 프린팅,,https://javalab.org/ko/category/tech/3d_printing/
data_science,블록 코딩,,https://javalab.org/ko/category/tech/block_coding/
data_science,퍼즐,,https://javalab.org/ko/category/tech/puzzle/
data_science,아두이노 무작정 따라하기,,https://javalab.org/ko/category/tech/arduino/
data_science,브레드보드 기초 전자회로,,https://javalab.org/ko/category/tech/breadboard_1/
data_science,브레드보드 메이커 교실,,https://javalab.org/ko/category/tech/breadboard_maker/
data_science,기타증강현실 (웹캠이용)3D (VR 이용)출판물강의 자료인용사례,,https://javalab.org/ko/category/ar/
data_science,증강현실 (웹캠이용),,https://javalab.org/ko/category/ar/
data_science,3D (VR 이용),,https://javalab.org/ko/category/3d_vr/
data_science,출판물,,https://javalab.org/ko/category/books/
data_science,강의 자료,,https://javalab.org/ko/category/resources/
data_science,● 한국어,,https://javalab.org/ko/category/measure/data_science/
data_science,동영상 운동 분석 (화면 포인팅),가상실험 결과 데이터를 CSV 파일로 다운받을 수 있습니다.,https://javalab.org/ko/motion_shot/
data_science,동영상 운동 분석 (화면 포인팅),가상실험 결과 데이터를 CSV 파일로 다운받을 수 있습니다.,https://javalab.org/ko/motion_shot/
data_science,● 한국어,,https://javalab.org/ko/category/measure/data_science/
mbl,마켓,,https://javalab.org/ko/category/market/
mbl,측정측정 일반데이터 과학 (CSV 파일)Javalab MBL상대성 이론,,https://javalab.org/ko/category/measure/
mbl,측정 일반,,https://javalab.org/ko/category/measure/measurement/
mbl,데이터 과학 (CSV 파일),,https://javalab.org/ko/category/measure/data_science/
mbl,Javalab MBL,,https://javalab.org/ko/category/measure/mbl/
mbl,상대성 이론,,https://javalab.org/ko/category/measure/relativity-ko/
mbl,전기와 자기정전기옴의 법칙전기 회로교류와 RLC회로반도체자기전자기전자기파,,https://javalab.org/ko/category/electricity/
mbl,정전기,,https://javalab.org/ko/category/electricity/static_electricity/
mbl,옴의 법칙,,https://javalab.org/ko/category/electricity/ohms_law/
mbl,전기 회로,,https://javalab.org/ko/category/electricity/electric_circuit/
mbl,교류와 RLC회로,,https://javalab.org/ko/category/electricity/ac_rlc/
mbl,반도체,,https://javalab.org/ko/category/electricity/semiconductor/
mbl,자기,,https://javalab.org/ko/category/electricity/magnetism/
mbl,전자기,,https://javalab.org/ko/category/electricity/electromagnetism/
mbl,전자기파,,https://javalab.org/ko/category/electricity/electromagntic_wave/
mbl,힘과 운동힘관성여러가지 운동충돌진동,,https://javalab.org/ko/category/mechanics/
mbl,힘,,https://javalab.org/ko/category/mechanics/force/
mbl,관성,,https://javalab.org/ko/category/mechanics/inertia/
mbl,여러가지 운동,,https://javalab.org/ko/category/mechanics/movements/
mbl,충돌,,https://javalab.org/ko/category/mechanics/collision/
mbl,진동,,https://javalab.org/ko/category/mechanics/oscillation/
mbl,일과 에너지일의 원리에너지의 변환,,https://javalab.org/ko/category/energy/
mbl,일의 원리,,https://javalab.org/ko/category/energy/principle_of_work/
mbl,에너지의 변환,,https://javalab.org/ko/category/energy/energy_conversion/
mbl,빛과 파동반사굴절색파동파동의 간섭정상파,,https://javalab.org/ko/category/light_wave/
mbl,반사,,https://javalab.org/ko/category/light_wave/reflection/
mbl,굴절,,https://javalab.org/ko/category/light_wave/refraction/
mbl,색,,https://javalab.org/ko/category/light_wave/color/
mbl,파동,,https://javalab.org/ko/category/light_wave/wave/
mbl,파동의 간섭,,https://javalab.org/ko/category/light_wave/interference/
mbl,정상파,,https://javalab.org/ko/category/light_wave/standing_wave/
mbl,원자원자 모형원자와 빛방사능,,https://javalab.org/ko/category/atoms/
mbl,원자 모형,,https://javalab.org/ko/category/atoms/atomic_model/
mbl,원자와 빛,,https://javalab.org/ko/category/atoms/atom_light/
mbl,방사능,,https://javalab.org/ko/category/atoms/radioactivity/
mbl,"화학기체, 액체, 고체열분자 운동용액화학 반응화학 결합전기 화학",,https://javalab.org/ko/category/chemistry/
mbl,"기체, 액체, 고체",,https://javalab.org/ko/category/chemistry/gas/
mbl,열,,https://javalab.org/ko/category/chemistry/heat/
mbl,분자 운동,,https://javalab.org/ko/category/chemistry/molecules_in_motion/
mbl,용액,,https://javalab.org/ko/category/chemistry/solution/
mbl,화학 반응,,https://javalab.org/ko/category/chemistry/chemical_reaction/
mbl,화학 결합,,https://javalab.org/ko/category/chemistry/chemical_bonds/
mbl,전기 화학,,https://javalab.org/ko/category/chemistry/electrochemistry/
mbl,지구대기지질,,https://javalab.org/ko/category/earth/
mbl,대기,,https://javalab.org/ko/category/earth/atmosphere/
mbl,지질,,https://javalab.org/ko/category/earth/geology/
mbl,천문천체 관측지구달태양태양계별과 은하,,https://javalab.org/ko/category/astronomy/
mbl,천체 관측,,https://javalab.org/ko/category/astronomy/celestial_observation/
mbl,지구,,https://javalab.org/ko/category/astronomy/planet_earth/
mbl,달,,https://javalab.org/ko/category/astronomy/moon/
mbl,태양,,https://javalab.org/ko/category/astronomy/sun/
mbl,태양계,,https://javalab.org/ko/category/astronomy/solar_system/
mbl,별과 은하,,https://javalab.org/ko/category/astronomy/star/
mbl,생명,,https://javalab.org/ko/category/biology/
mbl,수학수학수학 그래픽스프랙털혼돈 이론,,https://javalab.org/ko/category/math/
mbl,수학,,https://javalab.org/ko/category/math/mathematics/
mbl,수학 그래픽스,,https://javalab.org/ko/category/math/math_graphics/
mbl,프랙털,,https://javalab.org/ko/category/math/fractal/
mbl,혼돈 이론,,https://javalab.org/ko/category/math/chaos/
mbl,테크인공지능마이크로비트3D 프린팅블록 코딩퍼즐아두이노 무작정 따라하기브레드보드 기초 전자회로브레드보드 메이커 교실,,https://javalab.org/ko/category/tech/
mbl,인공지능,,https://javalab.org/ko/category/tech/ai/
mbl,마이크로비트,,https://javalab.org/ko/category/tech/microbit/
mbl,3D 프린팅,,https://javalab.org/ko/category/tech/3d_printing/
mbl,블록 코딩,,https://javalab.org/ko/category/tech/block_coding/
mbl,퍼즐,,https://javalab.org/ko/category/tech/puzzle/
mbl,아두이노 무작정 따라하기,,https://javalab.org/ko/category/tech/arduino/
mbl,브레드보드 기초 전자회로,,https://javalab.org/ko/category/tech/breadboard_1/
mbl,브레드보드 메이커 교실,,https://javalab.org/ko/category/tech/breadboard_maker/
mbl,기타증강현실 (웹캠이용)3D (VR 이용)출판물강의 자료인용사례,,https://javalab.org/ko/category/ar/
mbl,증강현실 (웹캠이용),,https://javalab.org/ko/category/ar/
mbl,3D (VR 이용),,https://javalab.org/ko/category/3d_vr/
mbl,출판물,,https://javalab.org/ko/category/books/
mbl,강의 자료,,https://javalab.org/ko/category/resources/
mbl,● 한국어,,https://javalab.org/ko/category/measure/mbl/
mbl,마이크로비트 무선 심박센서,,https://javalab.org/ko/microbit_pulse/
mbl,마이크로비트 무선 심박센서,,https://javalab.org/ko/microbit_pulse/
mbl,● 한국어,,https://javalab.org/ko/category/measure/mbl/
measurement,마켓,,https://javalab.org/ko/category/market/
measurement,측정측정 일반데이터 과학 (CSV 파일)Javalab MBL상대성 이론,,https://javalab.org/ko/category/measure/
measurement,측정 일반,,https://javalab.org/ko/category/measure/measurement/
measurement,데이터 과학 (CSV 파일),,https://javalab.org/ko/category/measure/data_science/
measurement,Javalab MBL,,https://javalab.org/ko/category/measure/mbl/
measurement,상대성 이론,,https://javalab.org/ko/category/measure/relativity-ko/
measurement,전기와 자기정전기옴의 법칙전기 회로교류와 RLC회로반도체자기전자기전자기파,,https://javalab.org/ko/category/electricity/
measurement,정전기,,https://javalab.org/ko/category/electricity/static_electricity/
measurement,옴의 법칙,,https://javalab.org/ko/category/electricity/ohms_law/
measurement,전기 회로,,https://javalab.org/ko/category/electricity/electric_circuit/
measurement,교류와 RLC회로,,https://javalab.org/ko/category/electricity/ac_rlc/
measurement,반도체,,https://javalab.org/ko/category/electricity/semiconductor/
measurement,자기,,https://javalab.org/ko/category/electricity/magnetism/
measurement,전자기,,https://javalab.org/ko/category/electricity/electromagnetism/
measurement,전자기파,,https://javalab.org/ko/category/electricity/electromagntic_wave/
measurement,힘과 운동힘관성여러가지 운동충돌진동,,https://javalab.org/ko/category/mechanics/
measurement,힘,,https://javalab.org/ko/category/mechanics/force/
measurement,관성,,https://javalab.org/ko/category/mechanics/inertia/
measurement,여러가지 운동,,https://javalab.org/ko/category/mechanics/movements/
measurement,충돌,,https://javalab.org/ko/category/mechanics/collision/
measurement,진동,,https://javalab.org/ko/category/mechanics/oscillation/
measurement,일과 에너지일의 원리에너지의 변환,,https://javalab.org/ko/category/energy/
measurement,일의 원리,,https://javalab.org/ko/category/energy/principle_of_work/
measurement,에너지의 변환,,https://javalab.org/ko/category/energy/energy_conversion/
measurement,빛과 파동반사굴절색파동파동의 간섭정상파,,https://javalab.org/ko/category/light_wave/
measurement,반사,,https://javalab.org/ko/category/light_wave/reflection/
measurement,굴절,,https://javalab.org/ko/category/light_wave/refraction/
measurement,색,,https://javalab.org/ko/category/light_wave/color/
measurement,파동,,https://javalab.org/ko/category/light_wave/wave/
measurement,파동의 간섭,,https://javalab.org/ko/category/light_wave/interference/
measurement,정상파,,https://javalab.org/ko/category/light_wave/standing_wave/
measurement,원자원자 모형원자와 빛방사능,,https://javalab.org/ko/category/atoms/
measurement,원자 모형,,https://javalab.org/ko/category/atoms/atomic_model/
measurement,원자와 빛,,https://javalab.org/ko/category/atoms/atom_light/
measurement,방사능,,https://javalab.org/ko/category/atoms/radioactivity/
measurement,"화학기체, 액체, 고체열분자 운동용액화학 반응화학 결합전기 화학",,https://javalab.org/ko/category/chemistry/
measurement,"기체, 액체, 고체",,https://javalab.org/ko/category/chemistry/gas/
measurement,열,,https://javalab.org/ko/category/chemistry/heat/
measurement,분자 운동,,https://javalab.org/ko/category/chemistry/molecules_in_motion/
measurement,용액,,https://javalab.org/ko/category/chemistry/solution/
measurement,화학 반응,,https://javalab.org/ko/category/chemistry/chemical_reaction/
measurement,화학 결합,,https://javalab.org/ko/category/chemistry/chemical_bonds/
measurement,전기 화학,,https://javalab.org/ko/category/chemistry/electrochemistry/
measurement,지구대기지질,,https://javalab.org/ko/category/earth/
measurement,대기,,https://javalab.org/ko/category/earth/atmosphere/
measurement,지질,,https://javalab.org/ko/category/earth/geology/
measurement,천문천체 관측지구달태양태양계별과 은하,,https://javalab.org/ko/category/astronomy/
measurement,천체 관측,,https://javalab.org/ko/category/astronomy/celestial_observation/
measurement,지구,,https://javalab.org/ko/category/astronomy/planet_earth/
measurement,달,,https://javalab.org/ko/category/astronomy/moon/
measurement,태양,,https://javalab.org/ko/category/astronomy/sun/
measurement,태양계,,https://javalab.org/ko/category/astronomy/solar_system/
measurement,별과 은하,,https://javalab.org/ko/category/astronomy/star/
measurement,생명,,https://javalab.org/ko/category/biology/
measurement,수학수학수학 그래픽스프랙털혼돈 이론,,https://javalab.org/ko/category/math/
measurement,수학,,https://javalab.org/ko/category/math/mathematics/
measurement,수학 그래픽스,,https://javalab.org/ko/category/math/math_graphics/
measurement,프랙털,,https://javalab.org/ko/category/math/fractal/
measurement,혼돈 이론,,https://javalab.org/ko/category/math/chaos/
measurement,테크인공지능마이크로비트3D 프린팅블록 코딩퍼즐아두이노 무작정 따라하기브레드보드 기초 전자회로브레드보드 메이커 교실,,https://javalab.org/ko/category/tech/
measurement,인공지능,,https://javalab.org/ko/category/tech/ai/
measurement,마이크로비트,,https://javalab.org/ko/category/tech/microbit/
measurement,3D 프린팅,,https://javalab.org/ko/category/tech/3d_printing/
measurement,블록 코딩,,https://javalab.org/ko/category/tech/block_coding/
measurement,퍼즐,,https://javalab.org/ko/category/tech/puzzle/
measurement,아두이노 무작정 따라하기,,https://javalab.org/ko/category/tech/arduino/
measurement,브레드보드 기초 전자회로,,https://javalab.org/ko/category/tech/breadboard_1/
measurement,브레드보드 메이커 교실,,https://javalab.org/ko/category/tech/breadboard_maker/
measurement,기타증강현실 (웹캠이용)3D (VR 이용)출판물강의 자료인용사례,,https://javalab.org/ko/category/ar/
measurement,증강현실 (웹캠이용),,https://javalab.org/ko/category/ar/
measurement,3D (VR 이용),,https://javalab.org/ko/category/3d_vr/
measurement,출판물,,https://javalab.org/ko/category/books/
measurement,강의 자료,,https://javalab.org/ko/category/resources/
measurement,● 한국어,,https://javalab.org/ko/category/measure/measurement/
measurement,반복 측정용 알람 시계,,https://javalab.org/ko/clock/
measurement,반복 측정용 알람 시계,,https://javalab.org/ko/clock/
measurement,● 한국어,,https://javalab.org/ko/category/measure/measurement/
relativity-ko,마켓,,https://javalab.org/ko/category/market/
relativity-ko,측정측정 일반데이터 과학 (CSV 파일)Javalab MBL상대성 이론,,https://javalab.org/ko/category/measure/
relativity-ko,측정 일반,,https://javalab.org/ko/category/measure/measurement/
relativity-ko,데이터 과학 (CSV 파일),,https://javalab.org/ko/category/measure/data_science/
relativity-ko,Javalab MBL,,https://javalab.org/ko/category/measure/mbl/
relativity-ko,상대성 이론,,https://javalab.org/ko/category/measure/relativity-ko/
relativity-ko,전기와 자기정전기옴의 법칙전기 회로교류와 RLC회로반도체자기전자기전자기파,,https://javalab.org/ko/category/electricity/
relativity-ko,정전기,,https://javalab.org/ko/category/electricity/static_electricity/
relativity-ko,옴의 법칙,,https://javalab.org/ko/category/electricity/ohms_law/
relativity-ko,전기 회로,,https://javalab.org/ko/category/electricity/electric_circuit/
relativity-ko,교류와 RLC회로,,https://javalab.org/ko/category/electricity/ac_rlc/
relativity-ko,반도체,,https://javalab.org/ko/category/electricity/semiconductor/
relativity-ko,자기,,https://javalab.org/ko/category/electricity/magnetism/
relativity-ko,전자기,,https://javalab.org/ko/category/electricity/electromagnetism/
relativity-ko,전자기파,,https://javalab.org/ko/category/electricity/electromagntic_wave/
relativity-ko,힘과 운동힘관성여러가지 운동충돌진동,,https://javalab.org/ko/category/mechanics/
relativity-ko,힘,,https://javalab.org/ko/category/mechanics/force/
relativity-ko,관성,,https://javalab.org/ko/category/mechanics/inertia/
relativity-ko,여러가지 운동,,https://javalab.org/ko/category/mechanics/movements/
relativity-ko,충돌,,https://javalab.org/ko/category/mechanics/collision/
relativity-ko,진동,,https://javalab.org/ko/category/mechanics/oscillation/
relativity-ko,일과 에너지일의 원리에너지의 변환,,https://javalab.org/ko/category/energy/
relativity-ko,일의 원리,,https://javalab.org/ko/category/energy/principle_of_work/
relativity-ko,에너지의 변환,,https://javalab.org/ko/category/energy/energy_conversion/
relativity-ko,빛과 파동반사굴절색파동파동의 간섭정상파,,https://javalab.org/ko/category/light_wave/
relativity-ko,반사,,https://javalab.org/ko/category/light_wave/reflection/
relativity-ko,굴절,,https://javalab.org/ko/category/light_wave/refraction/
relativity-ko,색,,https://javalab.org/ko/category/light_wave/color/
relativity-ko,파동,,https://javalab.org/ko/category/light_wave/wave/
relativity-ko,파동의 간섭,,https://javalab.org/ko/category/light_wave/interference/
relativity-ko,정상파,,https://javalab.org/ko/category/light_wave/standing_wave/
relativity-ko,원자원자 모형원자와 빛방사능,,https://javalab.org/ko/category/atoms/
relativity-ko,원자 모형,,https://javalab.org/ko/category/atoms/atomic_model/
relativity-ko,원자와 빛,,https://javalab.org/ko/category/atoms/atom_light/
relativity-ko,방사능,,https://javalab.org/ko/category/atoms/radioactivity/
relativity-ko,"화학기체, 액체, 고체열분자 운동용액화학 반응화학 결합전기 화학",,https://javalab.org/ko/category/chemistry/
relativity-ko,"기체, 액체, 고체",,https://javalab.org/ko/category/chemistry/gas/
relativity-ko,열,,https://javalab.org/ko/category/chemistry/heat/
relativity-ko,분자 운동,,https://javalab.org/ko/category/chemistry/molecules_in_motion/
relativity-ko,용액,,https://javalab.org/ko/category/chemistry/solution/
relativity-ko,화학 반응,,https://javalab.org/ko/category/chemistry/chemical_reaction/
relativity-ko,화학 결합,,https://javalab.org/ko/category/chemistry/chemical_bonds/
relativity-ko,전기 화학,,https://javalab.org/ko/category/chemistry/electrochemistry/
relativity-ko,지구대기지질,,https://javalab.org/ko/category/earth/
relativity-ko,대기,,https://javalab.org/ko/category/earth/atmosphere/
relativity-ko,지질,,https://javalab.org/ko/category/earth/geology/
relativity-ko,천문천체 관측지구달태양태양계별과 은하,,https://javalab.org/ko/category/astronomy/
relativity-ko,천체 관측,,https://javalab.org/ko/category/astronomy/celestial_observation/
relativity-ko,지구,,https://javalab.org/ko/category/astronomy/planet_earth/
relativity-ko,달,,https://javalab.org/ko/category/astronomy/moon/
relativity-ko,태양,,https://javalab.org/ko/category/astronomy/sun/
relativity-ko,태양계,,https://javalab.org/ko/category/astronomy/solar_system/
relativity-ko,별과 은하,,https://javalab.org/ko/category/astronomy/star/
relativity-ko,생명,,https://javalab.org/ko/category/biology/
relativity-ko,수학수학수학 그래픽스프랙털혼돈 이론,,https://javalab.org/ko/category/math/
relativity-ko,수학,,https://javalab.org/ko/category/math/mathematics/
relativity-ko,수학 그래픽스,,https://javalab.org/ko/category/math/math_graphics/
relativity-ko,프랙털,,https://javalab.org/ko/category/math/fractal/
relativity-ko,혼돈 이론,,https://javalab.org/ko/category/math/chaos/
relativity-ko,테크인공지능마이크로비트3D 프린팅블록 코딩퍼즐아두이노 무작정 따라하기브레드보드 기초 전자회로브레드보드 메이커 교실,,https://javalab.org/ko/category/tech/
relativity-ko,인공지능,,https://javalab.org/ko/category/tech/ai/
relativity-ko,마이크로비트,,https://javalab.org/ko/category/tech/microbit/
relativity-ko,3D 프린팅,,https://javalab.org/ko/category/tech/3d_printing/
relativity-ko,블록 코딩,,https://javalab.org/ko/category/tech/block_coding/
relativity-ko,퍼즐,,https://javalab.org/ko/category/tech/puzzle/
relativity-ko,아두이노 무작정 따라하기,,https://javalab.org/ko/category/tech/arduino/
relativity-ko,브레드보드 기초 전자회로,,https://javalab.org/ko/category/tech/breadboard_1/
relativity-ko,브레드보드 메이커 교실,,https://javalab.org/ko/category/tech/breadboard_maker/
relativity-ko,기타증강현실 (웹캠이용)3D (VR 이용)출판물강의 자료인용사례,,https://javalab.org/ko/category/ar/
relativity-ko,증강현실 (웹캠이용),,https://javalab.org/ko/category/ar/
relativity-ko,3D (VR 이용),,https://javalab.org/ko/category/3d_vr/
relativity-ko,출판물,,https://javalab.org/ko/category/books/
relativity-ko,강의 자료,,https://javalab.org/ko/category/resources/
relativity-ko,● 한국어,,https://javalab.org/ko/category/measure/relativity-ko/
relativity-ko,중력에 대한 일반 상대성 이론,,https://javalab.org/ko/general_relativity/
relativity-ko,중력에 대한 일반 상대성 이론,,https://javalab.org/ko/general_relativity/
relativity-ko,● 한국어,,https://javalab.org/ko/category/measure/relativity-ko/
mechanics,마켓,,https://javalab.org/ko/category/market/
mechanics,측정측정 일반데이터 과학 (CSV 파일)Javalab MBL상대성 이론,,https://javalab.org/ko/category/measure/
mechanics,측정 일반,,https://javalab.org/ko/category/measure/measurement/
mechanics,데이터 과학 (CSV 파일),,https://javalab.org/ko/category/measure/data_science/
mechanics,Javalab MBL,,https://javalab.org/ko/category/measure/mbl/
mechanics,상대성 이론,,https://javalab.org/ko/category/measure/relativity-ko/
mechanics,전기와 자기정전기옴의 법칙전기 회로교류와 RLC회로반도체자기전자기전자기파,,https://javalab.org/ko/category/electricity/
mechanics,정전기,,https://javalab.org/ko/category/electricity/static_electricity/
mechanics,옴의 법칙,,https://javalab.org/ko/category/electricity/ohms_law/
mechanics,전기 회로,,https://javalab.org/ko/category/electricity/electric_circuit/
mechanics,교류와 RLC회로,,https://javalab.org/ko/category/electricity/ac_rlc/
mechanics,반도체,,https://javalab.org/ko/category/electricity/semiconductor/
mechanics,자기,,https://javalab.org/ko/category/electricity/magnetism/
mechanics,전자기,,https://javalab.org/ko/category/electricity/electromagnetism/
mechanics,전자기파,,https://javalab.org/ko/category/electricity/electromagntic_wave/
mechanics,힘과 운동힘관성여러가지 운동충돌진동,,https://javalab.org/ko/category/mechanics/
mechanics,힘,,https://javalab.org/ko/category/mechanics/force/
mechanics,관성,,https://javalab.org/ko/category/mechanics/inertia/
mechanics,여러가지 운동,,https://javalab.org/ko/category/mechanics/movements/
mechanics,충돌,,https://javalab.org/ko/category/mechanics/collision/
mechanics,진동,,https://javalab.org/ko/category/mechanics/oscillation/
mechanics,일과 에너지일의 원리에너지의 변환,,https://javalab.org/ko/category/energy/
mechanics,일의 원리,,https://javalab.org/ko/category/energy/principle_of_work/
mechanics,에너지의 변환,,https://javalab.org/ko/category/energy/energy_conversion/
mechanics,빛과 파동반사굴절색파동파동의 간섭정상파,,https://javalab.org/ko/category/light_wave/
mechanics,반사,,https://javalab.org/ko/category/light_wave/reflection/
mechanics,굴절,,https://javalab.org/ko/category/light_wave/refraction/
mechanics,색,,https://javalab.org/ko/category/light_wave/color/
mechanics,파동,,https://javalab.org/ko/category/light_wave/wave/
mechanics,파동의 간섭,,https://javalab.org/ko/category/light_wave/interference/
mechanics,정상파,,https://javalab.org/ko/category/light_wave/standing_wave/
mechanics,원자원자 모형원자와 빛방사능,,https://javalab.org/ko/category/atoms/
mechanics,원자 모형,,https://javalab.org/ko/category/atoms/atomic_model/
mechanics,원자와 빛,,https://javalab.org/ko/category/atoms/atom_light/
mechanics,방사능,,https://javalab.org/ko/category/atoms/radioactivity/
mechanics,"화학기체, 액체, 고체열분자 운동용액화학 반응화학 결합전기 화학",,https://javalab.org/ko/category/chemistry/
mechanics,"기체, 액체, 고체",,https://javalab.org/ko/category/chemistry/gas/
mechanics,열,,https://javalab.org/ko/category/chemistry/heat/
mechanics,분자 운동,,https://javalab.org/ko/category/chemistry/molecules_in_motion/
mechanics,용액,,https://javalab.org/ko/category/chemistry/solution/
mechanics,화학 반응,,https://javalab.org/ko/category/chemistry/chemical_reaction/
mechanics,화학 결합,,https://javalab.org/ko/category/chemistry/chemical_bonds/
mechanics,전기 화학,,https://javalab.org/ko/category/chemistry/electrochemistry/
mechanics,지구대기지질,,https://javalab.org/ko/category/earth/
mechanics,대기,,https://javalab.org/ko/category/earth/atmosphere/
mechanics,지질,,https://javalab.org/ko/category/earth/geology/
mechanics,천문천체 관측지구달태양태양계별과 은하,,https://javalab.org/ko/category/astronomy/
mechanics,천체 관측,,https://javalab.org/ko/category/astronomy/celestial_observation/
mechanics,지구,,https://javalab.org/ko/category/astronomy/planet_earth/
mechanics,달,,https://javalab.org/ko/category/astronomy/moon/
mechanics,태양,,https://javalab.org/ko/category/astronomy/sun/
mechanics,태양계,,https://javalab.org/ko/category/astronomy/solar_system/
mechanics,별과 은하,,https://javalab.org/ko/category/astronomy/star/
mechanics,생명,,https://javalab.org/ko/category/biology/
mechanics,수학수학수학 그래픽스프랙털혼돈 이론,,https://javalab.org/ko/category/math/
mechanics,수학,,https://javalab.org/ko/category/math/mathematics/
mechanics,수학 그래픽스,,https://javalab.org/ko/category/math/math_graphics/
mechanics,프랙털,,https://javalab.org/ko/category/math/fractal/
mechanics,혼돈 이론,,https://javalab.org/ko/category/math/chaos/
mechanics,테크인공지능마이크로비트3D 프린팅블록 코딩퍼즐아두이노 무작정 따라하기브레드보드 기초 전자회로브레드보드 메이커 교실,,https://javalab.org/ko/category/tech/
mechanics,인공지능,,https://javalab.org/ko/category/tech/ai/
mechanics,마이크로비트,,https://javalab.org/ko/category/tech/microbit/
mechanics,3D 프린팅,,https://javalab.org/ko/category/tech/3d_printing/
mechanics,블록 코딩,,https://javalab.org/ko/category/tech/block_coding/
mechanics,퍼즐,,https://javalab.org/ko/category/tech/puzzle/
mechanics,아두이노 무작정 따라하기,,https://javalab.org/ko/category/tech/arduino/
mechanics,브레드보드 기초 전자회로,,https://javalab.org/ko/category/tech/breadboard_1/
mechanics,브레드보드 메이커 교실,,https://javalab.org/ko/category/tech/breadboard_maker/
mechanics,기타증강현실 (웹캠이용)3D (VR 이용)출판물강의 자료인용사례,,https://javalab.org/ko/category/ar/
mechanics,증강현실 (웹캠이용),,https://javalab.org/ko/category/ar/
mechanics,3D (VR 이용),,https://javalab.org/ko/category/3d_vr/
mechanics,출판물,,https://javalab.org/ko/category/books/
mechanics,강의 자료,,https://javalab.org/ko/category/resources/
mechanics,● 한국어,,https://javalab.org/ko/category/mechanics/
mechanics,인공위성 원 궤도 만들기 게임 (스코어 보드 접수 집계),,https://javalab.org/ko/orbit/
mechanics,인공위성 원 궤도 만들기 게임 (스코어 보드 접수 집계),,https://javalab.org/ko/orbit/
mechanics,● 한국어,,https://javalab.org/ko/category/mechanics/
collision,마켓,,https://javalab.org/ko/category/market/
collision,측정측정 일반데이터 과학 (CSV 파일)Javalab MBL상대성 이론,,https://javalab.org/ko/category/measure/
collision,측정 일반,,https://javalab.org/ko/category/measure/measurement/
collision,데이터 과학 (CSV 파일),,https://javalab.org/ko/category/measure/data_science/
collision,Javalab MBL,,https://javalab.org/ko/category/measure/mbl/
collision,상대성 이론,,https://javalab.org/ko/category/measure/relativity-ko/
collision,전기와 자기정전기옴의 법칙전기 회로교류와 RLC회로반도체자기전자기전자기파,,https://javalab.org/ko/category/electricity/
collision,정전기,,https://javalab.org/ko/category/electricity/static_electricity/
collision,옴의 법칙,,https://javalab.org/ko/category/electricity/ohms_law/
collision,전기 회로,,https://javalab.org/ko/category/electricity/electric_circuit/
collision,교류와 RLC회로,,https://javalab.org/ko/category/electricity/ac_rlc/
collision,반도체,,https://javalab.org/ko/category/electricity/semiconductor/
collision,자기,,https://javalab.org/ko/category/electricity/magnetism/
collision,전자기,,https://javalab.org/ko/category/electricity/electromagnetism/
collision,전자기파,,https://javalab.org/ko/category/electricity/electromagntic_wave/
collision,힘과 운동힘관성여러가지 운동충돌진동,,https://javalab.org/ko/category/mechanics/
collision,힘,,https://javalab.org/ko/category/mechanics/force/
collision,관성,,https://javalab.org/ko/category/mechanics/inertia/
collision,여러가지 운동,,https://javalab.org/ko/category/mechanics/movements/
collision,충돌,,https://javalab.org/ko/category/mechanics/collision/
collision,진동,,https://javalab.org/ko/category/mechanics/oscillation/
collision,일과 에너지일의 원리에너지의 변환,,https://javalab.org/ko/category/energy/
collision,일의 원리,,https://javalab.org/ko/category/energy/principle_of_work/
collision,에너지의 변환,,https://javalab.org/ko/category/energy/energy_conversion/
collision,빛과 파동반사굴절색파동파동의 간섭정상파,,https://javalab.org/ko/category/light_wave/
collision,반사,,https://javalab.org/ko/category/light_wave/reflection/
collision,굴절,,https://javalab.org/ko/category/light_wave/refraction/
collision,색,,https://javalab.org/ko/category/light_wave/color/
collision,파동,,https://javalab.org/ko/category/light_wave/wave/
collision,파동의 간섭,,https://javalab.org/ko/category/light_wave/interference/
collision,정상파,,https://javalab.org/ko/category/light_wave/standing_wave/
collision,원자원자 모형원자와 빛방사능,,https://javalab.org/ko/category/atoms/
collision,원자 모형,,https://javalab.org/ko/category/atoms/atomic_model/
collision,원자와 빛,,https://javalab.org/ko/category/atoms/atom_light/
collision,방사능,,https://javalab.org/ko/category/atoms/radioactivity/
collision,"화학기체, 액체, 고체열분자 운동용액화학 반응화학 결합전기 화학",,https://javalab.org/ko/category/chemistry/
collision,"기체, 액체, 고체",,https://javalab.org/ko/category/chemistry/gas/
collision,열,,https://javalab.org/ko/category/chemistry/heat/
collision,분자 운동,,https://javalab.org/ko/category/chemistry/molecules_in_motion/
collision,용액,,https://javalab.org/ko/category/chemistry/solution/
collision,화학 반응,,https://javalab.org/ko/category/chemistry/chemical_reaction/
collision,화학 결합,,https://javalab.org/ko/category/chemistry/chemical_bonds/
collision,전기 화학,,https://javalab.org/ko/category/chemistry/electrochemistry/
collision,지구대기지질,,https://javalab.org/ko/category/earth/
collision,대기,,https://javalab.org/ko/category/earth/atmosphere/
collision,지질,,https://javalab.org/ko/category/earth/geology/
collision,천문천체 관측지구달태양태양계별과 은하,,https://javalab.org/ko/category/astronomy/
collision,천체 관측,,https://javalab.org/ko/category/astronomy/celestial_observation/
collision,지구,,https://javalab.org/ko/category/astronomy/planet_earth/
collision,달,,https://javalab.org/ko/category/astronomy/moon/
collision,태양,,https://javalab.org/ko/category/astronomy/sun/
collision,태양계,,https://javalab.org/ko/category/astronomy/solar_system/
collision,별과 은하,,https://javalab.org/ko/category/astronomy/star/
collision,생명,,https://javalab.org/ko/category/biology/
collision,수학수학수학 그래픽스프랙털혼돈 이론,,https://javalab.org/ko/category/math/
collision,수학,,https://javalab.org/ko/category/math/mathematics/
collision,수학 그래픽스,,https://javalab.org/ko/category/math/math_graphics/
collision,프랙털,,https://javalab.org/ko/category/math/fractal/
collision,혼돈 이론,,https://javalab.org/ko/category/math/chaos/
collision,테크인공지능마이크로비트3D 프린팅블록 코딩퍼즐아두이노 무작정 따라하기브레드보드 기초 전자회로브레드보드 메이커 교실,,https://javalab.org/ko/category/tech/
collision,인공지능,,https://javalab.org/ko/category/tech/ai/
collision,마이크로비트,,https://javalab.org/ko/category/tech/microbit/
collision,3D 프린팅,,https://javalab.org/ko/category/tech/3d_printing/
collision,블록 코딩,,https://javalab.org/ko/category/tech/block_coding/
collision,퍼즐,,https://javalab.org/ko/category/tech/puzzle/
collision,아두이노 무작정 따라하기,,https://javalab.org/ko/category/tech/arduino/
collision,브레드보드 기초 전자회로,,https://javalab.org/ko/category/tech/breadboard_1/
collision,브레드보드 메이커 교실,,https://javalab.org/ko/category/tech/breadboard_maker/
collision,기타증강현실 (웹캠이용)3D (VR 이용)출판물강의 자료인용사례,,https://javalab.org/ko/category/ar/
collision,증강현실 (웹캠이용),,https://javalab.org/ko/category/ar/
collision,3D (VR 이용),,https://javalab.org/ko/category/3d_vr/
collision,출판물,,https://javalab.org/ko/category/books/
collision,강의 자료,,https://javalab.org/ko/category/resources/
collision,● 한국어,,https://javalab.org/ko/category/mechanics/collision/
collision,뉴턴의 진자,,https://javalab.org/ko/newtons_cradle/
collision,뉴턴의 진자,,https://javalab.org/ko/newtons_cradle/
collision,● 한국어,,https://javalab.org/ko/category/mechanics/collision/
force,마켓,,https://javalab.org/ko/category/market/
force,측정측정 일반데이터 과학 (CSV 파일)Javalab MBL상대성 이론,,https://javalab.org/ko/category/measure/
force,측정 일반,,https://javalab.org/ko/category/measure/measurement/
force,데이터 과학 (CSV 파일),,https://javalab.org/ko/category/measure/data_science/
force,Javalab MBL,,https://javalab.org/ko/category/measure/mbl/
force,상대성 이론,,https://javalab.org/ko/category/measure/relativity-ko/
force,전기와 자기정전기옴의 법칙전기 회로교류와 RLC회로반도체자기전자기전자기파,,https://javalab.org/ko/category/electricity/
force,정전기,,https://javalab.org/ko/category/electricity/static_electricity/
force,옴의 법칙,,https://javalab.org/ko/category/electricity/ohms_law/
force,전기 회로,,https://javalab.org/ko/category/electricity/electric_circuit/
force,교류와 RLC회로,,https://javalab.org/ko/category/electricity/ac_rlc/
force,반도체,,https://javalab.org/ko/category/electricity/semiconductor/
force,자기,,https://javalab.org/ko/category/electricity/magnetism/
force,전자기,,https://javalab.org/ko/category/electricity/electromagnetism/
force,전자기파,,https://javalab.org/ko/category/electricity/electromagntic_wave/
force,힘과 운동힘관성여러가지 운동충돌진동,,https://javalab.org/ko/category/mechanics/
force,힘,,https://javalab.org/ko/category/mechanics/force/
force,관성,,https://javalab.org/ko/category/mechanics/inertia/
force,여러가지 운동,,https://javalab.org/ko/category/mechanics/movements/
force,충돌,,https://javalab.org/ko/category/mechanics/collision/
force,진동,,https://javalab.org/ko/category/mechanics/oscillation/
force,일과 에너지일의 원리에너지의 변환,,https://javalab.org/ko/category/energy/
force,일의 원리,,https://javalab.org/ko/category/energy/principle_of_work/
force,에너지의 변환,,https://javalab.org/ko/category/energy/energy_conversion/
force,빛과 파동반사굴절색파동파동의 간섭정상파,,https://javalab.org/ko/category/light_wave/
force,반사,,https://javalab.org/ko/category/light_wave/reflection/
force,굴절,,https://javalab.org/ko/category/light_wave/refraction/
force,색,,https://javalab.org/ko/category/light_wave/color/
force,파동,,https://javalab.org/ko/category/light_wave/wave/
force,파동의 간섭,,https://javalab.org/ko/category/light_wave/interference/
force,정상파,,https://javalab.org/ko/category/light_wave/standing_wave/
force,원자원자 모형원자와 빛방사능,,https://javalab.org/ko/category/atoms/
force,원자 모형,,https://javalab.org/ko/category/atoms/atomic_model/
force,원자와 빛,,https://javalab.org/ko/category/atoms/atom_light/
force,방사능,,https://javalab.org/ko/category/atoms/radioactivity/
force,"화학기체, 액체, 고체열분자 운동용액화학 반응화학 결합전기 화학",,https://javalab.org/ko/category/chemistry/
force,"기체, 액체, 고체",,https://javalab.org/ko/category/chemistry/gas/
force,열,,https://javalab.org/ko/category/chemistry/heat/
force,분자 운동,,https://javalab.org/ko/category/chemistry/molecules_in_motion/
force,용액,,https://javalab.org/ko/category/chemistry/solution/
force,화학 반응,,https://javalab.org/ko/category/chemistry/chemical_reaction/
force,화학 결합,,https://javalab.org/ko/category/chemistry/chemical_bonds/
force,전기 화학,,https://javalab.org/ko/category/chemistry/electrochemistry/
force,지구대기지질,,https://javalab.org/ko/category/earth/
force,대기,,https://javalab.org/ko/category/earth/atmosphere/
force,지질,,https://javalab.org/ko/category/earth/geology/
force,천문천체 관측지구달태양태양계별과 은하,,https://javalab.org/ko/category/astronomy/
force,천체 관측,,https://javalab.org/ko/category/astronomy/celestial_observation/
force,지구,,https://javalab.org/ko/category/astronomy/planet_earth/
force,달,,https://javalab.org/ko/category/astronomy/moon/
force,태양,,https://javalab.org/ko/category/astronomy/sun/
force,태양계,,https://javalab.org/ko/category/astronomy/solar_system/
force,별과 은하,,https://javalab.org/ko/category/astronomy/star/
force,생명,,https://javalab.org/ko/category/biology/
force,수학수학수학 그래픽스프랙털혼돈 이론,,https://javalab.org/ko/category/math/
force,수학,,https://javalab.org/ko/category/math/mathematics/
force,수학 그래픽스,,https://javalab.org/ko/category/math/math_graphics/
force,프랙털,,https://javalab.org/ko/category/math/fractal/
force,혼돈 이론,,https://javalab.org/ko/category/math/chaos/
force,테크인공지능마이크로비트3D 프린팅블록 코딩퍼즐아두이노 무작정 따라하기브레드보드 기초 전자회로브레드보드 메이커 교실,,https://javalab.org/ko/category/tech/
force,인공지능,,https://javalab.org/ko/category/tech/ai/
force,마이크로비트,,https://javalab.org/ko/category/tech/microbit/
force,3D 프린팅,,https://javalab.org/ko/category/tech/3d_printing/
force,블록 코딩,,https://javalab.org/ko/category/tech/block_coding/
force,퍼즐,,https://javalab.org/ko/category/tech/puzzle/
force,아두이노 무작정 따라하기,,https://javalab.org/ko/category/tech/arduino/
force,브레드보드 기초 전자회로,,https://javalab.org/ko/category/tech/breadboard_1/
force,브레드보드 메이커 교실,,https://javalab.org/ko/category/tech/breadboard_maker/
force,기타증강현실 (웹캠이용)3D (VR 이용)출판물강의 자료인용사례,,https://javalab.org/ko/category/ar/
force,증강현실 (웹캠이용),,https://javalab.org/ko/category/ar/
force,3D (VR 이용),,https://javalab.org/ko/category/3d_vr/
force,출판물,,https://javalab.org/ko/category/books/
force,강의 자료,,https://javalab.org/ko/category/resources/
force,● 한국어,,https://javalab.org/ko/category/mechanics/force/
force,인공위성 원 궤도 만들기 게임 (스코어 보드 접수 집계),,https://javalab.org/ko/orbit/
force,인공위성 원 궤도 만들기 게임 (스코어 보드 접수 집계),,https://javalab.org/ko/orbit/
force,● 한국어,,https://javalab.org/ko/category/mechanics/force/
inertia,마켓,,https://javalab.org/ko/category/market/
inertia,측정측정 일반데이터 과학 (CSV 파일)Javalab MBL상대성 이론,,https://javalab.org/ko/category/measure/
inertia,측정 일반,,https://javalab.org/ko/category/measure/measurement/
inertia,데이터 과학 (CSV 파일),,https://javalab.org/ko/category/measure/data_science/
inertia,Javalab MBL,,https://javalab.org/ko/category/measure/mbl/
inertia,상대성 이론,,https://javalab.org/ko/category/measure/relativity-ko/
inertia,전기와 자기정전기옴의 법칙전기 회로교류와 RLC회로반도체자기전자기전자기파,,https://javalab.org/ko/category/electricity/
inertia,정전기,,https://javalab.org/ko/category/electricity/static_electricity/
inertia,옴의 법칙,,https://javalab.org/ko/category/electricity/ohms_law/
inertia,전기 회로,,https://javalab.org/ko/category/electricity/electric_circuit/
inertia,교류와 RLC회로,,https://javalab.org/ko/category/electricity/ac_rlc/
inertia,반도체,,https://javalab.org/ko/category/electricity/semiconductor/
inertia,자기,,https://javalab.org/ko/category/electricity/magnetism/
inertia,전자기,,https://javalab.org/ko/category/electricity/electromagnetism/
inertia,전자기파,,https://javalab.org/ko/category/electricity/electromagntic_wave/
inertia,힘과 운동힘관성여러가지 운동충돌진동,,https://javalab.org/ko/category/mechanics/
inertia,힘,,https://javalab.org/ko/category/mechanics/force/
inertia,관성,,https://javalab.org/ko/category/mechanics/inertia/
inertia,여러가지 운동,,https://javalab.org/ko/category/mechanics/movements/
inertia,충돌,,https://javalab.org/ko/category/mechanics/collision/
inertia,진동,,https://javalab.org/ko/category/mechanics/oscillation/
inertia,일과 에너지일의 원리에너지의 변환,,https://javalab.org/ko/category/energy/
inertia,일의 원리,,https://javalab.org/ko/category/energy/principle_of_work/
inertia,에너지의 변환,,https://javalab.org/ko/category/energy/energy_conversion/
inertia,빛과 파동반사굴절색파동파동의 간섭정상파,,https://javalab.org/ko/category/light_wave/
inertia,반사,,https://javalab.org/ko/category/light_wave/reflection/
inertia,굴절,,https://javalab.org/ko/category/light_wave/refraction/
inertia,색,,https://javalab.org/ko/category/light_wave/color/
inertia,파동,,https://javalab.org/ko/category/light_wave/wave/
inertia,파동의 간섭,,https://javalab.org/ko/category/light_wave/interference/
inertia,정상파,,https://javalab.org/ko/category/light_wave/standing_wave/
inertia,원자원자 모형원자와 빛방사능,,https://javalab.org/ko/category/atoms/
inertia,원자 모형,,https://javalab.org/ko/category/atoms/atomic_model/
inertia,원자와 빛,,https://javalab.org/ko/category/atoms/atom_light/
inertia,방사능,,https://javalab.org/ko/category/atoms/radioactivity/
inertia,"화학기체, 액체, 고체열분자 운동용액화학 반응화학 결합전기 화학",,https://javalab.org/ko/category/chemistry/
inertia,"기체, 액체, 고체",,https://javalab.org/ko/category/chemistry/gas/
inertia,열,,https://javalab.org/ko/category/chemistry/heat/
inertia,분자 운동,,https://javalab.org/ko/category/chemistry/molecules_in_motion/
inertia,용액,,https://javalab.org/ko/category/chemistry/solution/
inertia,화학 반응,,https://javalab.org/ko/category/chemistry/chemical_reaction/
inertia,화학 결합,,https://javalab.org/ko/category/chemistry/chemical_bonds/
inertia,전기 화학,,https://javalab.org/ko/category/chemistry/electrochemistry/
inertia,지구대기지질,,https://javalab.org/ko/category/earth/
inertia,대기,,https://javalab.org/ko/category/earth/atmosphere/
inertia,지질,,https://javalab.org/ko/category/earth/geology/
inertia,천문천체 관측지구달태양태양계별과 은하,,https://javalab.org/ko/category/astronomy/
inertia,천체 관측,,https://javalab.org/ko/category/astronomy/celestial_observation/
inertia,지구,,https://javalab.org/ko/category/astronomy/planet_earth/
inertia,달,,https://javalab.org/ko/category/astronomy/moon/
inertia,태양,,https://javalab.org/ko/category/astronomy/sun/
inertia,태양계,,https://javalab.org/ko/category/astronomy/solar_system/
inertia,별과 은하,,https://javalab.org/ko/category/astronomy/star/
inertia,생명,,https://javalab.org/ko/category/biology/
inertia,수학수학수학 그래픽스프랙털혼돈 이론,,https://javalab.org/ko/category/math/
inertia,수학,,https://javalab.org/ko/category/math/mathematics/
inertia,수학 그래픽스,,https://javalab.org/ko/category/math/math_graphics/
inertia,프랙털,,https://javalab.org/ko/category/math/fractal/
inertia,혼돈 이론,,https://javalab.org/ko/category/math/chaos/
inertia,테크인공지능마이크로비트3D 프린팅블록 코딩퍼즐아두이노 무작정 따라하기브레드보드 기초 전자회로브레드보드 메이커 교실,,https://javalab.org/ko/category/tech/
inertia,인공지능,,https://javalab.org/ko/category/tech/ai/
inertia,마이크로비트,,https://javalab.org/ko/category/tech/microbit/
inertia,3D 프린팅,,https://javalab.org/ko/category/tech/3d_printing/
inertia,블록 코딩,,https://javalab.org/ko/category/tech/block_coding/
inertia,퍼즐,,https://javalab.org/ko/category/tech/puzzle/
inertia,아두이노 무작정 따라하기,,https://javalab.org/ko/category/tech/arduino/
inertia,브레드보드 기초 전자회로,,https://javalab.org/ko/category/tech/breadboard_1/
inertia,브레드보드 메이커 교실,,https://javalab.org/ko/category/tech/breadboard_maker/
inertia,기타증강현실 (웹캠이용)3D (VR 이용)출판물강의 자료인용사례,,https://javalab.org/ko/category/ar/
inertia,증강현실 (웹캠이용),,https://javalab.org/ko/category/ar/
inertia,3D (VR 이용),,https://javalab.org/ko/category/3d_vr/
inertia,출판물,,https://javalab.org/ko/category/books/
inertia,강의 자료,,https://javalab.org/ko/category/resources/
inertia,● 한국어,,https://javalab.org/ko/category/mechanics/inertia/
inertia,관성 모멘트,,https://javalab.org/ko/moment_of_inertia/
inertia,관성 모멘트,,https://javalab.org/ko/moment_of_inertia/
inertia,● 한국어,,https://javalab.org/ko/category/mechanics/inertia/
movements,마켓,,https://javalab.org/ko/category/market/
movements,측정측정 일반데이터 과학 (CSV 파일)Javalab MBL상대성 이론,,https://javalab.org/ko/category/measure/
movements,측정 일반,,https://javalab.org/ko/category/measure/measurement/
movements,데이터 과학 (CSV 파일),,https://javalab.org/ko/category/measure/data_science/
movements,Javalab MBL,,https://javalab.org/ko/category/measure/mbl/
movements,상대성 이론,,https://javalab.org/ko/category/measure/relativity-ko/
movements,전기와 자기정전기옴의 법칙전기 회로교류와 RLC회로반도체자기전자기전자기파,,https://javalab.org/ko/category/electricity/
movements,정전기,,https://javalab.org/ko/category/electricity/static_electricity/
movements,옴의 법칙,,https://javalab.org/ko/category/electricity/ohms_law/
movements,전기 회로,,https://javalab.org/ko/category/electricity/electric_circuit/
movements,교류와 RLC회로,,https://javalab.org/ko/category/electricity/ac_rlc/
movements,반도체,,https://javalab.org/ko/category/electricity/semiconductor/
movements,자기,,https://javalab.org/ko/category/electricity/magnetism/
movements,전자기,,https://javalab.org/ko/category/electricity/electromagnetism/
movements,전자기파,,https://javalab.org/ko/category/electricity/electromagntic_wave/
movements,힘과 운동힘관성여러가지 운동충돌진동,,https://javalab.org/ko/category/mechanics/
movements,힘,,https://javalab.org/ko/category/mechanics/force/
movements,관성,,https://javalab.org/ko/category/mechanics/inertia/
movements,여러가지 운동,,https://javalab.org/ko/category/mechanics/movements/
movements,충돌,,https://javalab.org/ko/category/mechanics/collision/
movements,진동,,https://javalab.org/ko/category/mechanics/oscillation/
movements,일과 에너지일의 원리에너지의 변환,,https://javalab.org/ko/category/energy/
movements,일의 원리,,https://javalab.org/ko/category/energy/principle_of_work/
movements,에너지의 변환,,https://javalab.org/ko/category/energy/energy_conversion/
movements,빛과 파동반사굴절색파동파동의 간섭정상파,,https://javalab.org/ko/category/light_wave/
movements,반사,,https://javalab.org/ko/category/light_wave/reflection/
movements,굴절,,https://javalab.org/ko/category/light_wave/refraction/
movements,색,,https://javalab.org/ko/category/light_wave/color/
movements,파동,,https://javalab.org/ko/category/light_wave/wave/
movements,파동의 간섭,,https://javalab.org/ko/category/light_wave/interference/
movements,정상파,,https://javalab.org/ko/category/light_wave/standing_wave/
movements,원자원자 모형원자와 빛방사능,,https://javalab.org/ko/category/atoms/
movements,원자 모형,,https://javalab.org/ko/category/atoms/atomic_model/
movements,원자와 빛,,https://javalab.org/ko/category/atoms/atom_light/
movements,방사능,,https://javalab.org/ko/category/atoms/radioactivity/
movements,"화학기체, 액체, 고체열분자 운동용액화학 반응화학 결합전기 화학",,https://javalab.org/ko/category/chemistry/
movements,"기체, 액체, 고체",,https://javalab.org/ko/category/chemistry/gas/
movements,열,,https://javalab.org/ko/category/chemistry/heat/
movements,분자 운동,,https://javalab.org/ko/category/chemistry/molecules_in_motion/
movements,용액,,https://javalab.org/ko/category/chemistry/solution/
movements,화학 반응,,https://javalab.org/ko/category/chemistry/chemical_reaction/
movements,화학 결합,,https://javalab.org/ko/category/chemistry/chemical_bonds/
movements,전기 화학,,https://javalab.org/ko/category/chemistry/electrochemistry/
movements,지구대기지질,,https://javalab.org/ko/category/earth/
movements,대기,,https://javalab.org/ko/category/earth/atmosphere/
movements,지질,,https://javalab.org/ko/category/earth/geology/
movements,천문천체 관측지구달태양태양계별과 은하,,https://javalab.org/ko/category/astronomy/
movements,천체 관측,,https://javalab.org/ko/category/astronomy/celestial_observation/
movements,지구,,https://javalab.org/ko/category/astronomy/planet_earth/
movements,달,,https://javalab.org/ko/category/astronomy/moon/
movements,태양,,https://javalab.org/ko/category/astronomy/sun/
movements,태양계,,https://javalab.org/ko/category/astronomy/solar_system/
movements,별과 은하,,https://javalab.org/ko/category/astronomy/star/
movements,생명,,https://javalab.org/ko/category/biology/
movements,수학수학수학 그래픽스프랙털혼돈 이론,,https://javalab.org/ko/category/math/
movements,수학,,https://javalab.org/ko/category/math/mathematics/
movements,수학 그래픽스,,https://javalab.org/ko/category/math/math_graphics/
movements,프랙털,,https://javalab.org/ko/category/math/fractal/
movements,혼돈 이론,,https://javalab.org/ko/category/math/chaos/
movements,테크인공지능마이크로비트3D 프린팅블록 코딩퍼즐아두이노 무작정 따라하기브레드보드 기초 전자회로브레드보드 메이커 교실,,https://javalab.org/ko/category/tech/
movements,인공지능,,https://javalab.org/ko/category/tech/ai/
movements,마이크로비트,,https://javalab.org/ko/category/tech/microbit/
movements,3D 프린팅,,https://javalab.org/ko/category/tech/3d_printing/
movements,블록 코딩,,https://javalab.org/ko/category/tech/block_coding/
movements,퍼즐,,https://javalab.org/ko/category/tech/puzzle/
movements,아두이노 무작정 따라하기,,https://javalab.org/ko/category/tech/arduino/
movements,브레드보드 기초 전자회로,,https://javalab.org/ko/category/tech/breadboard_1/
movements,브레드보드 메이커 교실,,https://javalab.org/ko/category/tech/breadboard_maker/
movements,기타증강현실 (웹캠이용)3D (VR 이용)출판물강의 자료인용사례,,https://javalab.org/ko/category/ar/
movements,증강현실 (웹캠이용),,https://javalab.org/ko/category/ar/
movements,3D (VR 이용),,https://javalab.org/ko/category/3d_vr/
movements,출판물,,https://javalab.org/ko/category/books/
movements,강의 자료,,https://javalab.org/ko/category/resources/
movements,● 한국어,,https://javalab.org/ko/category/mechanics/movements/
movements,인공위성 원 궤도 만들기 게임 (스코어 보드 접수 집계),,https://javalab.org/ko/orbit/
movements,인공위성 원 궤도 만들기 게임 (스코어 보드 접수 집계),,https://javalab.org/ko/orbit/
movements,● 한국어,,https://javalab.org/ko/category/mechanics/movements/
oscillation,마켓,,https://javalab.org/ko/category/market/
oscillation,측정측정 일반데이터 과학 (CSV 파일)Javalab MBL상대성 이론,,https://javalab.org/ko/category/measure/
oscillation,측정 일반,,https://javalab.org/ko/category/measure/measurement/
oscillation,데이터 과학 (CSV 파일),,https://javalab.org/ko/category/measure/data_science/
oscillation,Javalab MBL,,https://javalab.org/ko/category/measure/mbl/
oscillation,상대성 이론,,https://javalab.org/ko/category/measure/relativity-ko/
oscillation,전기와 자기정전기옴의 법칙전기 회로교류와 RLC회로반도체자기전자기전자기파,,https://javalab.org/ko/category/electricity/
oscillation,정전기,,https://javalab.org/ko/category/electricity/static_electricity/
oscillation,옴의 법칙,,https://javalab.org/ko/category/electricity/ohms_law/
oscillation,전기 회로,,https://javalab.org/ko/category/electricity/electric_circuit/
oscillation,교류와 RLC회로,,https://javalab.org/ko/category/electricity/ac_rlc/
oscillation,반도체,,https://javalab.org/ko/category/electricity/semiconductor/
oscillation,자기,,https://javalab.org/ko/category/electricity/magnetism/
oscillation,전자기,,https://javalab.org/ko/category/electricity/electromagnetism/
oscillation,전자기파,,https://javalab.org/ko/category/electricity/electromagntic_wave/
oscillation,힘과 운동힘관성여러가지 운동충돌진동,,https://javalab.org/ko/category/mechanics/
oscillation,힘,,https://javalab.org/ko/category/mechanics/force/
oscillation,관성,,https://javalab.org/ko/category/mechanics/inertia/
oscillation,여러가지 운동,,https://javalab.org/ko/category/mechanics/movements/
oscillation,충돌,,https://javalab.org/ko/category/mechanics/collision/
oscillation,진동,,https://javalab.org/ko/category/mechanics/oscillation/
oscillation,일과 에너지일의 원리에너지의 변환,,https://javalab.org/ko/category/energy/
oscillation,일의 원리,,https://javalab.org/ko/category/energy/principle_of_work/
oscillation,에너지의 변환,,https://javalab.org/ko/category/energy/energy_conversion/
oscillation,빛과 파동반사굴절색파동파동의 간섭정상파,,https://javalab.org/ko/category/light_wave/
oscillation,반사,,https://javalab.org/ko/category/light_wave/reflection/
oscillation,굴절,,https://javalab.org/ko/category/light_wave/refraction/
oscillation,색,,https://javalab.org/ko/category/light_wave/color/
oscillation,파동,,https://javalab.org/ko/category/light_wave/wave/
oscillation,파동의 간섭,,https://javalab.org/ko/category/light_wave/interference/
oscillation,정상파,,https://javalab.org/ko/category/light_wave/standing_wave/
oscillation,원자원자 모형원자와 빛방사능,,https://javalab.org/ko/category/atoms/
oscillation,원자 모형,,https://javalab.org/ko/category/atoms/atomic_model/
oscillation,원자와 빛,,https://javalab.org/ko/category/atoms/atom_light/
oscillation,방사능,,https://javalab.org/ko/category/atoms/radioactivity/
oscillation,"화학기체, 액체, 고체열분자 운동용액화학 반응화학 결합전기 화학",,https://javalab.org/ko/category/chemistry/
oscillation,"기체, 액체, 고체",,https://javalab.org/ko/category/chemistry/gas/
oscillation,열,,https://javalab.org/ko/category/chemistry/heat/
oscillation,분자 운동,,https://javalab.org/ko/category/chemistry/molecules_in_motion/
oscillation,용액,,https://javalab.org/ko/category/chemistry/solution/
oscillation,화학 반응,,https://javalab.org/ko/category/chemistry/chemical_reaction/
oscillation,화학 결합,,https://javalab.org/ko/category/chemistry/chemical_bonds/
oscillation,전기 화학,,https://javalab.org/ko/category/chemistry/electrochemistry/
oscillation,지구대기지질,,https://javalab.org/ko/category/earth/
oscillation,대기,,https://javalab.org/ko/category/earth/atmosphere/
oscillation,지질,,https://javalab.org/ko/category/earth/geology/
oscillation,천문천체 관측지구달태양태양계별과 은하,,https://javalab.org/ko/category/astronomy/
oscillation,천체 관측,,https://javalab.org/ko/category/astronomy/celestial_observation/
oscillation,지구,,https://javalab.org/ko/category/astronomy/planet_earth/
oscillation,달,,https://javalab.org/ko/category/astronomy/moon/
oscillation,태양,,https://javalab.org/ko/category/astronomy/sun/
oscillation,태양계,,https://javalab.org/ko/category/astronomy/solar_system/
oscillation,별과 은하,,https://javalab.org/ko/category/astronomy/star/
oscillation,생명,,https://javalab.org/ko/category/biology/
oscillation,수학수학수학 그래픽스프랙털혼돈 이론,,https://javalab.org/ko/category/math/
oscillation,수학,,https://javalab.org/ko/category/math/mathematics/
oscillation,수학 그래픽스,,https://javalab.org/ko/category/math/math_graphics/
oscillation,프랙털,,https://javalab.org/ko/category/math/fractal/
oscillation,혼돈 이론,,https://javalab.org/ko/category/math/chaos/
oscillation,테크인공지능마이크로비트3D 프린팅블록 코딩퍼즐아두이노 무작정 따라하기브레드보드 기초 전자회로브레드보드 메이커 교실,,https://javalab.org/ko/category/tech/
oscillation,인공지능,,https://javalab.org/ko/category/tech/ai/
oscillation,마이크로비트,,https://javalab.org/ko/category/tech/microbit/
oscillation,3D 프린팅,,https://javalab.org/ko/category/tech/3d_printing/
oscillation,블록 코딩,,https://javalab.org/ko/category/tech/block_coding/
oscillation,퍼즐,,https://javalab.org/ko/category/tech/puzzle/
oscillation,아두이노 무작정 따라하기,,https://javalab.org/ko/category/tech/arduino/
oscillation,브레드보드 기초 전자회로,,https://javalab.org/ko/category/tech/breadboard_1/
oscillation,브레드보드 메이커 교실,,https://javalab.org/ko/category/tech/breadboard_maker/
oscillation,기타증강현실 (웹캠이용)3D (VR 이용)출판물강의 자료인용사례,,https://javalab.org/ko/category/ar/
oscillation,증강현실 (웹캠이용),,https://javalab.org/ko/category/ar/
oscillation,3D (VR 이용),,https://javalab.org/ko/category/3d_vr/
oscillation,출판물,,https://javalab.org/ko/category/books/
oscillation,강의 자료,,https://javalab.org/ko/category/resources/
oscillation,● 한국어,,https://javalab.org/ko/category/mechanics/oscillation/
oscillation,진자 웨이브,,https://javalab.org/ko/pendulum_wave/
oscillation,진자 웨이브,,https://javalab.org/ko/pendulum_wave/
oscillation,● 한국어,,https://javalab.org/ko/category/mechanics/oscillation/
resources,마켓,,https://javalab.org/ko/category/market/
resources,측정측정 일반데이터 과학 (CSV 파일)Javalab MBL상대성 이론,,https://javalab.org/ko/category/measure/
resources,측정 일반,,https://javalab.org/ko/category/measure/measurement/
resources,데이터 과학 (CSV 파일),,https://javalab.org/ko/category/measure/data_science/
resources,Javalab MBL,,https://javalab.org/ko/category/measure/mbl/
resources,상대성 이론,,https://javalab.org/ko/category/measure/relativity-ko/
resources,전기와 자기정전기옴의 법칙전기 회로교류와 RLC회로반도체자기전자기전자기파,,https://javalab.org/ko/category/electricity/
resources,정전기,,https://javalab.org/ko/category/electricity/static_electricity/
resources,옴의 법칙,,https://javalab.org/ko/category/electricity/ohms_law/
resources,전기 회로,,https://javalab.org/ko/category/electricity/electric_circuit/
resources,교류와 RLC회로,,https://javalab.org/ko/category/electricity/ac_rlc/
resources,반도체,,https://javalab.org/ko/category/electricity/semiconductor/
resources,자기,,https://javalab.org/ko/category/electricity/magnetism/
resources,전자기,,https://javalab.org/ko/category/electricity/electromagnetism/
resources,전자기파,,https://javalab.org/ko/category/electricity/electromagntic_wave/
resources,힘과 운동힘관성여러가지 운동충돌진동,,https://javalab.org/ko/category/mechanics/
resources,힘,,https://javalab.org/ko/category/mechanics/force/
resources,관성,,https://javalab.org/ko/category/mechanics/inertia/
resources,여러가지 운동,,https://javalab.org/ko/category/mechanics/movements/
resources,충돌,,https://javalab.org/ko/category/mechanics/collision/
resources,진동,,https://javalab.org/ko/category/mechanics/oscillation/
resources,일과 에너지일의 원리에너지의 변환,,https://javalab.org/ko/category/energy/
resources,일의 원리,,https://javalab.org/ko/category/energy/principle_of_work/
resources,에너지의 변환,,https://javalab.org/ko/category/energy/energy_conversion/
resources,빛과 파동반사굴절색파동파동의 간섭정상파,,https://javalab.org/ko/category/light_wave/
resources,반사,,https://javalab.org/ko/category/light_wave/reflection/
resources,굴절,,https://javalab.org/ko/category/light_wave/refraction/
resources,색,,https://javalab.org/ko/category/light_wave/color/
resources,파동,,https://javalab.org/ko/category/light_wave/wave/
resources,파동의 간섭,,https://javalab.org/ko/category/light_wave/interference/
resources,정상파,,https://javalab.org/ko/category/light_wave/standing_wave/
resources,원자원자 모형원자와 빛방사능,,https://javalab.org/ko/category/atoms/
resources,원자 모형,,https://javalab.org/ko/category/atoms/atomic_model/
resources,원자와 빛,,https://javalab.org/ko/category/atoms/atom_light/
resources,방사능,,https://javalab.org/ko/category/atoms/radioactivity/
resources,"화학기체, 액체, 고체열분자 운동용액화학 반응화학 결합전기 화학",,https://javalab.org/ko/category/chemistry/
resources,"기체, 액체, 고체",,https://javalab.org/ko/category/chemistry/gas/
resources,열,,https://javalab.org/ko/category/chemistry/heat/
resources,분자 운동,,https://javalab.org/ko/category/chemistry/molecules_in_motion/
resources,용액,,https://javalab.org/ko/category/chemistry/solution/
resources,화학 반응,,https://javalab.org/ko/category/chemistry/chemical_reaction/
resources,화학 결합,,https://javalab.org/ko/category/chemistry/chemical_bonds/
resources,전기 화학,,https://javalab.org/ko/category/chemistry/electrochemistry/
resources,지구대기지질,,https://javalab.org/ko/category/earth/
resources,대기,,https://javalab.org/ko/category/earth/atmosphere/
resources,지질,,https://javalab.org/ko/category/earth/geology/
resources,천문천체 관측지구달태양태양계별과 은하,,https://javalab.org/ko/category/astronomy/
resources,천체 관측,,https://javalab.org/ko/category/astronomy/celestial_observation/
resources,지구,,https://javalab.org/ko/category/astronomy/planet_earth/
resources,달,,https://javalab.org/ko/category/astronomy/moon/
resources,태양,,https://javalab.org/ko/category/astronomy/sun/
resources,태양계,,https://javalab.org/ko/category/astronomy/solar_system/
resources,별과 은하,,https://javalab.org/ko/category/astronomy/star/
resources,생명,,https://javalab.org/ko/category/biology/
resources,수학수학수학 그래픽스프랙털혼돈 이론,,https://javalab.org/ko/category/math/
resources,수학,,https://javalab.org/ko/category/math/mathematics/
resources,수학 그래픽스,,https://javalab.org/ko/category/math/math_graphics/
resources,프랙털,,https://javalab.org/ko/category/math/fractal/
resources,혼돈 이론,,https://javalab.org/ko/category/math/chaos/
resources,테크인공지능마이크로비트3D 프린팅블록 코딩퍼즐아두이노 무작정 따라하기브레드보드 기초 전자회로브레드보드 메이커 교실,,https://javalab.org/ko/category/tech/
resources,인공지능,,https://javalab.org/ko/category/tech/ai/
resources,마이크로비트,,https://javalab.org/ko/category/tech/microbit/
resources,3D 프린팅,,https://javalab.org/ko/category/tech/3d_printing/
resources,블록 코딩,,https://javalab.org/ko/category/tech/block_coding/
resources,퍼즐,,https://javalab.org/ko/category/tech/puzzle/
resources,아두이노 무작정 따라하기,,https://javalab.org/ko/category/tech/arduino/
resources,브레드보드 기초 전자회로,,https://javalab.org/ko/category/tech/breadboard_1/
resources,브레드보드 메이커 교실,,https://javalab.org/ko/category/tech/breadboard_maker/
resources,기타증강현실 (웹캠이용)3D (VR 이용)출판물강의 자료인용사례,,https://javalab.org/ko/category/ar/
resources,증강현실 (웹캠이용),,https://javalab.org/ko/category/ar/
resources,3D (VR 이용),,https://javalab.org/ko/category/3d_vr/
resources,출판물,,https://javalab.org/ko/category/books/
resources,강의 자료,,https://javalab.org/ko/category/resources/
resources,● 한국어,,https://javalab.org/ko/category/resources/
resources,원소 기호 타이핑 버블 게임 (스코어 보드 접수 집계),,https://javalab.org/ko/element/
resources,원소 기호 타이핑 버블 게임 (스코어 보드 접수 집계),,https://javalab.org/ko/element/
resources,● 한국어,,https://javalab.org/ko/category/resources/
tech,마켓,,https://javalab.org/ko/category/market/
tech,측정측정 일반데이터 과학 (CSV 파일)Javalab MBL상대성 이론,,https://javalab.org/ko/category/measure/
tech,측정 일반,,https://javalab.org/ko/category/measure/measurement/
tech,데이터 과학 (CSV 파일),,https://javalab.org/ko/category/measure/data_science/
tech,Javalab MBL,,https://javalab.org/ko/category/measure/mbl/
tech,상대성 이론,,https://javalab.org/ko/category/measure/relativity-ko/
tech,전기와 자기정전기옴의 법칙전기 회로교류와 RLC회로반도체자기전자기전자기파,,https://javalab.org/ko/category/electricity/
tech,정전기,,https://javalab.org/ko/category/electricity/static_electricity/
tech,옴의 법칙,,https://javalab.org/ko/category/electricity/ohms_law/
tech,전기 회로,,https://javalab.org/ko/category/electricity/electric_circuit/
tech,교류와 RLC회로,,https://javalab.org/ko/category/electricity/ac_rlc/
tech,반도체,,https://javalab.org/ko/category/electricity/semiconductor/
tech,자기,,https://javalab.org/ko/category/electricity/magnetism/
tech,전자기,,https://javalab.org/ko/category/electricity/electromagnetism/
tech,전자기파,,https://javalab.org/ko/category/electricity/electromagntic_wave/
tech,힘과 운동힘관성여러가지 운동충돌진동,,https://javalab.org/ko/category/mechanics/
tech,힘,,https://javalab.org/ko/category/mechanics/force/
tech,관성,,https://javalab.org/ko/category/mechanics/inertia/
tech,여러가지 운동,,https://javalab.org/ko/category/mechanics/movements/
tech,충돌,,https://javalab.org/ko/category/mechanics/collision/
tech,진동,,https://javalab.org/ko/category/mechanics/oscillation/
tech,일과 에너지일의 원리에너지의 변환,,https://javalab.org/ko/category/energy/
tech,일의 원리,,https://javalab.org/ko/category/energy/principle_of_work/
tech,에너지의 변환,,https://javalab.org/ko/category/energy/energy_conversion/
tech,빛과 파동반사굴절색파동파동의 간섭정상파,,https://javalab.org/ko/category/light_wave/
tech,반사,,https://javalab.org/ko/category/light_wave/reflection/
tech,굴절,,https://javalab.org/ko/category/light_wave/refraction/
tech,색,,https://javalab.org/ko/category/light_wave/color/
tech,파동,,https://javalab.org/ko/category/light_wave/wave/
tech,파동의 간섭,,https://javalab.org/ko/category/light_wave/interference/
tech,정상파,,https://javalab.org/ko/category/light_wave/standing_wave/
tech,원자원자 모형원자와 빛방사능,,https://javalab.org/ko/category/atoms/
tech,원자 모형,,https://javalab.org/ko/category/atoms/atomic_model/
tech,원자와 빛,,https://javalab.org/ko/category/atoms/atom_light/
tech,방사능,,https://javalab.org/ko/category/atoms/radioactivity/
tech,"화학기체, 액체, 고체열분자 운동용액화학 반응화학 결합전기 화학",,https://javalab.org/ko/category/chemistry/
tech,"기체, 액체, 고체",,https://javalab.org/ko/category/chemistry/gas/
tech,열,,https://javalab.org/ko/category/chemistry/heat/
tech,분자 운동,,https://javalab.org/ko/category/chemistry/molecules_in_motion/
tech,용액,,https://javalab.org/ko/category/chemistry/solution/
tech,화학 반응,,https://javalab.org/ko/category/chemistry/chemical_reaction/
tech,화학 결합,,https://javalab.org/ko/category/chemistry/chemical_bonds/
tech,전기 화학,,https://javalab.org/ko/category/chemistry/electrochemistry/
tech,지구대기지질,,https://javalab.org/ko/category/earth/
tech,대기,,https://javalab.org/ko/category/earth/atmosphere/
tech,지질,,https://javalab.org/ko/category/earth/geology/
tech,천문천체 관측지구달태양태양계별과 은하,,https://javalab.org/ko/category/astronomy/
tech,천체 관측,,https://javalab.org/ko/category/astronomy/celestial_observation/
tech,지구,,https://javalab.org/ko/category/astronomy/planet_earth/
tech,달,,https://javalab.org/ko/category/astronomy/moon/
tech,태양,,https://javalab.org/ko/category/astronomy/sun/
tech,태양계,,https://javalab.org/ko/category/astronomy/solar_system/
tech,별과 은하,,https://javalab.org/ko/category/astronomy/star/
tech,생명,,https://javalab.org/ko/category/biology/
tech,수학수학수학 그래픽스프랙털혼돈 이론,,https://javalab.org/ko/category/math/
tech,수학,,https://javalab.org/ko/category/math/mathematics/
tech,수학 그래픽스,,https://javalab.org/ko/category/math/math_graphics/
tech,프랙털,,https://javalab.org/ko/category/math/fractal/
tech,혼돈 이론,,https://javalab.org/ko/category/math/chaos/
tech,테크인공지능마이크로비트3D 프린팅블록 코딩퍼즐아두이노 무작정 따라하기브레드보드 기초 전자회로브레드보드 메이커 교실,,https://javalab.org/ko/category/tech/
tech,인공지능,,https://javalab.org/ko/category/tech/ai/
tech,마이크로비트,,https://javalab.org/ko/category/tech/microbit/
tech,3D 프린팅,,https://javalab.org/ko/category/tech/3d_printing/
tech,블록 코딩,,https://javalab.org/ko/category/tech/block_coding/
tech,퍼즐,,https://javalab.org/ko/category/tech/puzzle/
tech,아두이노 무작정 따라하기,,https://javalab.org/ko/category/tech/arduino/
tech,브레드보드 기초 전자회로,,https://javalab.org/ko/category/tech/breadboard_1/
tech,브레드보드 메이커 교실,,https://javalab.org/ko/category/tech/breadboard_maker/
tech,기타증강현실 (웹캠이용)3D (VR 이용)출판물강의 자료인용사례,,https://javalab.org/ko/category/ar/
tech,증강현실 (웹캠이용),,https://javalab.org/ko/category/ar/
tech,3D (VR 이용),,https://javalab.org/ko/category/3d_vr/
tech,출판물,,https://javalab.org/ko/category/books/
tech,강의 자료,,https://javalab.org/ko/category/resources/
tech,● 한국어,,https://javalab.org/ko/category/tech/
tech,암석 및 광물 분류 (인공지능 이미지 분석),,https://javalab.org/ko/rock/
tech,암석 및 광물 분류 (인공지능 이미지 분석),,https://javalab.org/ko/rock/
tech,● 한국어,,https://javalab.org/ko/category/tech/
3d_printing,마켓,,https://javalab.org/ko/category/market/
3d_printing,측정측정 일반데이터 과학 (CSV 파일)Javalab MBL상대성 이론,,https://javalab.org/ko/category/measure/
3d_printing,측정 일반,,https://javalab.org/ko/category/measure/measurement/
3d_printing,데이터 과학 (CSV 파일),,https://javalab.org/ko/category/measure/data_science/
3d_printing,Javalab MBL,,https://javalab.org/ko/category/measure/mbl/
3d_printing,상대성 이론,,https://javalab.org/ko/category/measure/relativity-ko/
3d_printing,전기와 자기정전기옴의 법칙전기 회로교류와 RLC회로반도체자기전자기전자기파,,https://javalab.org/ko/category/electricity/
3d_printing,정전기,,https://javalab.org/ko/category/electricity/static_electricity/
3d_printing,옴의 법칙,,https://javalab.org/ko/category/electricity/ohms_law/
3d_printing,전기 회로,,https://javalab.org/ko/category/electricity/electric_circuit/
3d_printing,교류와 RLC회로,,https://javalab.org/ko/category/electricity/ac_rlc/
3d_printing,반도체,,https://javalab.org/ko/category/electricity/semiconductor/
3d_printing,자기,,https://javalab.org/ko/category/electricity/magnetism/
3d_printing,전자기,,https://javalab.org/ko/category/electricity/electromagnetism/
3d_printing,전자기파,,https://javalab.org/ko/category/electricity/electromagntic_wave/
3d_printing,힘과 운동힘관성여러가지 운동충돌진동,,https://javalab.org/ko/category/mechanics/
3d_printing,힘,,https://javalab.org/ko/category/mechanics/force/
3d_printing,관성,,https://javalab.org/ko/category/mechanics/inertia/
3d_printing,여러가지 운동,,https://javalab.org/ko/category/mechanics/movements/
3d_printing,충돌,,https://javalab.org/ko/category/mechanics/collision/
3d_printing,진동,,https://javalab.org/ko/category/mechanics/oscillation/
3d_printing,일과 에너지일의 원리에너지의 변환,,https://javalab.org/ko/category/energy/
3d_printing,일의 원리,,https://javalab.org/ko/category/energy/principle_of_work/
3d_printing,에너지의 변환,,https://javalab.org/ko/category/energy/energy_conversion/
3d_printing,빛과 파동반사굴절색파동파동의 간섭정상파,,https://javalab.org/ko/category/light_wave/
3d_printing,반사,,https://javalab.org/ko/category/light_wave/reflection/
3d_printing,굴절,,https://javalab.org/ko/category/light_wave/refraction/
3d_printing,색,,https://javalab.org/ko/category/light_wave/color/
3d_printing,파동,,https://javalab.org/ko/category/light_wave/wave/
3d_printing,파동의 간섭,,https://javalab.org/ko/category/light_wave/interference/
3d_printing,정상파,,https://javalab.org/ko/category/light_wave/standing_wave/
3d_printing,원자원자 모형원자와 빛방사능,,https://javalab.org/ko/category/atoms/
3d_printing,원자 모형,,https://javalab.org/ko/category/atoms/atomic_model/
3d_printing,원자와 빛,,https://javalab.org/ko/category/atoms/atom_light/
3d_printing,방사능,,https://javalab.org/ko/category/atoms/radioactivity/
3d_printing,"화학기체, 액체, 고체열분자 운동용액화학 반응화학 결합전기 화학",,https://javalab.org/ko/category/chemistry/
3d_printing,"기체, 액체, 고체",,https://javalab.org/ko/category/chemistry/gas/
3d_printing,열,,https://javalab.org/ko/category/chemistry/heat/
3d_printing,분자 운동,,https://javalab.org/ko/category/chemistry/molecules_in_motion/
3d_printing,용액,,https://javalab.org/ko/category/chemistry/solution/
3d_printing,화학 반응,,https://javalab.org/ko/category/chemistry/chemical_reaction/
3d_printing,화학 결합,,https://javalab.org/ko/category/chemistry/chemical_bonds/
3d_printing,전기 화학,,https://javalab.org/ko/category/chemistry/electrochemistry/
3d_printing,지구대기지질,,https://javalab.org/ko/category/earth/
3d_printing,대기,,https://javalab.org/ko/category/earth/atmosphere/
3d_printing,지질,,https://javalab.org/ko/category/earth/geology/
3d_printing,천문천체 관측지구달태양태양계별과 은하,,https://javalab.org/ko/category/astronomy/
3d_printing,천체 관측,,https://javalab.org/ko/category/astronomy/celestial_observation/
3d_printing,지구,,https://javalab.org/ko/category/astronomy/planet_earth/
3d_printing,달,,https://javalab.org/ko/category/astronomy/moon/
3d_printing,태양,,https://javalab.org/ko/category/astronomy/sun/
3d_printing,태양계,,https://javalab.org/ko/category/astronomy/solar_system/
3d_printing,별과 은하,,https://javalab.org/ko/category/astronomy/star/
3d_printing,생명,,https://javalab.org/ko/category/biology/
3d_printing,수학수학수학 그래픽스프랙털혼돈 이론,,https://javalab.org/ko/category/math/
3d_printing,수학,,https://javalab.org/ko/category/math/mathematics/
3d_printing,수학 그래픽스,,https://javalab.org/ko/category/math/math_graphics/
3d_printing,프랙털,,https://javalab.org/ko/category/math/fractal/
3d_printing,혼돈 이론,,https://javalab.org/ko/category/math/chaos/
3d_printing,테크인공지능마이크로비트3D 프린팅블록 코딩퍼즐아두이노 무작정 따라하기브레드보드 기초 전자회로브레드보드 메이커 교실,,https://javalab.org/ko/category/tech/
3d_printing,인공지능,,https://javalab.org/ko/category/tech/ai/
3d_printing,마이크로비트,,https://javalab.org/ko/category/tech/microbit/
3d_printing,3D 프린팅,,https://javalab.org/ko/category/tech/3d_printing/
3d_printing,블록 코딩,,https://javalab.org/ko/category/tech/block_coding/
3d_printing,퍼즐,,https://javalab.org/ko/category/tech/puzzle/
3d_printing,아두이노 무작정 따라하기,,https://javalab.org/ko/category/tech/arduino/
3d_printing,브레드보드 기초 전자회로,,https://javalab.org/ko/category/tech/breadboard_1/
3d_printing,브레드보드 메이커 교실,,https://javalab.org/ko/category/tech/breadboard_maker/
3d_printing,기타증강현실 (웹캠이용)3D (VR 이용)출판물강의 자료인용사례,,https://javalab.org/ko/category/ar/
3d_printing,증강현실 (웹캠이용),,https://javalab.org/ko/category/ar/
3d_printing,3D (VR 이용),,https://javalab.org/ko/category/3d_vr/
3d_printing,출판물,,https://javalab.org/ko/category/books/
3d_printing,강의 자료,,https://javalab.org/ko/category/resources/
3d_printing,● 한국어,,https://javalab.org/ko/category/tech/3d_printing/
3d_printing,뷰테인 추출기,,https://javalab.org/ko/gas_extractor/
3d_printing,뷰테인 추출기,,https://javalab.org/ko/gas_extractor/
3d_printing,● 한국어,,https://javalab.org/ko/category/tech/3d_printing/
ai,마켓,,https://javalab.org/ko/category/market/
ai,측정측정 일반데이터 과학 (CSV 파일)Javalab MBL상대성 이론,,https://javalab.org/ko/category/measure/
ai,측정 일반,,https://javalab.org/ko/category/measure/measurement/
ai,데이터 과학 (CSV 파일),,https://javalab.org/ko/category/measure/data_science/
ai,Javalab MBL,,https://javalab.org/ko/category/measure/mbl/
ai,상대성 이론,,https://javalab.org/ko/category/measure/relativity-ko/
ai,전기와 자기정전기옴의 법칙전기 회로교류와 RLC회로반도체자기전자기전자기파,,https://javalab.org/ko/category/electricity/
ai,정전기,,https://javalab.org/ko/category/electricity/static_electricity/
ai,옴의 법칙,,https://javalab.org/ko/category/electricity/ohms_law/
ai,전기 회로,,https://javalab.org/ko/category/electricity/electric_circuit/
ai,교류와 RLC회로,,https://javalab.org/ko/category/electricity/ac_rlc/
ai,반도체,,https://javalab.org/ko/category/electricity/semiconductor/
ai,자기,,https://javalab.org/ko/category/electricity/magnetism/
ai,전자기,,https://javalab.org/ko/category/electricity/electromagnetism/
ai,전자기파,,https://javalab.org/ko/category/electricity/electromagntic_wave/
ai,힘과 운동힘관성여러가지 운동충돌진동,,https://javalab.org/ko/category/mechanics/
ai,힘,,https://javalab.org/ko/category/mechanics/force/
ai,관성,,https://javalab.org/ko/category/mechanics/inertia/
ai,여러가지 운동,,https://javalab.org/ko/category/mechanics/movements/
ai,충돌,,https://javalab.org/ko/category/mechanics/collision/
ai,진동,,https://javalab.org/ko/category/mechanics/oscillation/
ai,일과 에너지일의 원리에너지의 변환,,https://javalab.org/ko/category/energy/
ai,일의 원리,,https://javalab.org/ko/category/energy/principle_of_work/
ai,에너지의 변환,,https://javalab.org/ko/category/energy/energy_conversion/
ai,빛과 파동반사굴절색파동파동의 간섭정상파,,https://javalab.org/ko/category/light_wave/
ai,반사,,https://javalab.org/ko/category/light_wave/reflection/
ai,굴절,,https://javalab.org/ko/category/light_wave/refraction/
ai,색,,https://javalab.org/ko/category/light_wave/color/
ai,파동,,https://javalab.org/ko/category/light_wave/wave/
ai,파동의 간섭,,https://javalab.org/ko/category/light_wave/interference/
ai,정상파,,https://javalab.org/ko/category/light_wave/standing_wave/
ai,원자원자 모형원자와 빛방사능,,https://javalab.org/ko/category/atoms/
ai,원자 모형,,https://javalab.org/ko/category/atoms/atomic_model/
ai,원자와 빛,,https://javalab.org/ko/category/atoms/atom_light/
ai,방사능,,https://javalab.org/ko/category/atoms/radioactivity/
ai,"화학기체, 액체, 고체열분자 운동용액화학 반응화학 결합전기 화학",,https://javalab.org/ko/category/chemistry/
ai,"기체, 액체, 고체",,https://javalab.org/ko/category/chemistry/gas/
ai,열,,https://javalab.org/ko/category/chemistry/heat/
ai,분자 운동,,https://javalab.org/ko/category/chemistry/molecules_in_motion/
ai,용액,,https://javalab.org/ko/category/chemistry/solution/
ai,화학 반응,,https://javalab.org/ko/category/chemistry/chemical_reaction/
ai,화학 결합,,https://javalab.org/ko/category/chemistry/chemical_bonds/
ai,전기 화학,,https://javalab.org/ko/category/chemistry/electrochemistry/
ai,지구대기지질,,https://javalab.org/ko/category/earth/
ai,대기,,https://javalab.org/ko/category/earth/atmosphere/
ai,지질,,https://javalab.org/ko/category/earth/geology/
ai,천문천체 관측지구달태양태양계별과 은하,,https://javalab.org/ko/category/astronomy/
ai,천체 관측,,https://javalab.org/ko/category/astronomy/celestial_observation/
ai,지구,,https://javalab.org/ko/category/astronomy/planet_earth/
ai,달,,https://javalab.org/ko/category/astronomy/moon/
ai,태양,,https://javalab.org/ko/category/astronomy/sun/
ai,태양계,,https://javalab.org/ko/category/astronomy/solar_system/
ai,별과 은하,,https://javalab.org/ko/category/astronomy/star/
ai,생명,,https://javalab.org/ko/category/biology/
ai,수학수학수학 그래픽스프랙털혼돈 이론,,https://javalab.org/ko/category/math/
ai,수학,,https://javalab.org/ko/category/math/mathematics/
ai,수학 그래픽스,,https://javalab.org/ko/category/math/math_graphics/
ai,프랙털,,https://javalab.org/ko/category/math/fractal/
ai,혼돈 이론,,https://javalab.org/ko/category/math/chaos/
ai,테크인공지능마이크로비트3D 프린팅블록 코딩퍼즐아두이노 무작정 따라하기브레드보드 기초 전자회로브레드보드 메이커 교실,,https://javalab.org/ko/category/tech/
ai,인공지능,,https://javalab.org/ko/category/tech/ai/
ai,마이크로비트,,https://javalab.org/ko/category/tech/microbit/
ai,3D 프린팅,,https://javalab.org/ko/category/tech/3d_printing/
ai,블록 코딩,,https://javalab.org/ko/category/tech/block_coding/
ai,퍼즐,,https://javalab.org/ko/category/tech/puzzle/
ai,아두이노 무작정 따라하기,,https://javalab.org/ko/category/tech/arduino/
ai,브레드보드 기초 전자회로,,https://javalab.org/ko/category/tech/breadboard_1/
ai,브레드보드 메이커 교실,,https://javalab.org/ko/category/tech/breadboard_maker/
ai,기타증강현실 (웹캠이용)3D (VR 이용)출판물강의 자료인용사례,,https://javalab.org/ko/category/ar/
ai,증강현실 (웹캠이용),,https://javalab.org/ko/category/ar/
ai,3D (VR 이용),,https://javalab.org/ko/category/3d_vr/
ai,출판물,,https://javalab.org/ko/category/books/
ai,강의 자료,,https://javalab.org/ko/category/resources/
ai,● 한국어,,https://javalab.org/ko/category/tech/ai/
ai,암석 및 광물 분류 (인공지능 이미지 분석),,https://javalab.org/ko/rock/
ai,암석 및 광물 분류 (인공지능 이미지 분석),,https://javalab.org/ko/rock/
ai,● 한국어,,https://javalab.org/ko/category/tech/ai/
arduino,마켓,,https://javalab.org/ko/category/market/
arduino,측정측정 일반데이터 과학 (CSV 파일)Javalab MBL상대성 이론,,https://javalab.org/ko/category/measure/
arduino,측정 일반,,https://javalab.org/ko/category/measure/measurement/
arduino,데이터 과학 (CSV 파일),,https://javalab.org/ko/category/measure/data_science/
arduino,Javalab MBL,,https://javalab.org/ko/category/measure/mbl/
arduino,상대성 이론,,https://javalab.org/ko/category/measure/relativity-ko/
arduino,전기와 자기정전기옴의 법칙전기 회로교류와 RLC회로반도체자기전자기전자기파,,https://javalab.org/ko/category/electricity/
arduino,정전기,,https://javalab.org/ko/category/electricity/static_electricity/
arduino,옴의 법칙,,https://javalab.org/ko/category/electricity/ohms_law/
arduino,전기 회로,,https://javalab.org/ko/category/electricity/electric_circuit/
arduino,교류와 RLC회로,,https://javalab.org/ko/category/electricity/ac_rlc/
arduino,반도체,,https://javalab.org/ko/category/electricity/semiconductor/
arduino,자기,,https://javalab.org/ko/category/electricity/magnetism/
arduino,전자기,,https://javalab.org/ko/category/electricity/electromagnetism/
arduino,전자기파,,https://javalab.org/ko/category/electricity/electromagntic_wave/
arduino,힘과 운동힘관성여러가지 운동충돌진동,,https://javalab.org/ko/category/mechanics/
arduino,힘,,https://javalab.org/ko/category/mechanics/force/
arduino,관성,,https://javalab.org/ko/category/mechanics/inertia/
arduino,여러가지 운동,,https://javalab.org/ko/category/mechanics/movements/
arduino,충돌,,https://javalab.org/ko/category/mechanics/collision/
arduino,진동,,https://javalab.org/ko/category/mechanics/oscillation/
arduino,일과 에너지일의 원리에너지의 변환,,https://javalab.org/ko/category/energy/
arduino,일의 원리,,https://javalab.org/ko/category/energy/principle_of_work/
arduino,에너지의 변환,,https://javalab.org/ko/category/energy/energy_conversion/
arduino,빛과 파동반사굴절색파동파동의 간섭정상파,,https://javalab.org/ko/category/light_wave/
arduino,반사,,https://javalab.org/ko/category/light_wave/reflection/
arduino,굴절,,https://javalab.org/ko/category/light_wave/refraction/
arduino,색,,https://javalab.org/ko/category/light_wave/color/
arduino,파동,,https://javalab.org/ko/category/light_wave/wave/
arduino,파동의 간섭,,https://javalab.org/ko/category/light_wave/interference/
arduino,정상파,,https://javalab.org/ko/category/light_wave/standing_wave/
arduino,원자원자 모형원자와 빛방사능,,https://javalab.org/ko/category/atoms/
arduino,원자 모형,,https://javalab.org/ko/category/atoms/atomic_model/
arduino,원자와 빛,,https://javalab.org/ko/category/atoms/atom_light/
arduino,방사능,,https://javalab.org/ko/category/atoms/radioactivity/
arduino,"화학기체, 액체, 고체열분자 운동용액화학 반응화학 결합전기 화학",,https://javalab.org/ko/category/chemistry/
arduino,"기체, 액체, 고체",,https://javalab.org/ko/category/chemistry/gas/
arduino,열,,https://javalab.org/ko/category/chemistry/heat/
arduino,분자 운동,,https://javalab.org/ko/category/chemistry/molecules_in_motion/
arduino,용액,,https://javalab.org/ko/category/chemistry/solution/
arduino,화학 반응,,https://javalab.org/ko/category/chemistry/chemical_reaction/
arduino,화학 결합,,https://javalab.org/ko/category/chemistry/chemical_bonds/
arduino,전기 화학,,https://javalab.org/ko/category/chemistry/electrochemistry/
arduino,지구대기지질,,https://javalab.org/ko/category/earth/
arduino,대기,,https://javalab.org/ko/category/earth/atmosphere/
arduino,지질,,https://javalab.org/ko/category/earth/geology/
arduino,천문천체 관측지구달태양태양계별과 은하,,https://javalab.org/ko/category/astronomy/
arduino,천체 관측,,https://javalab.org/ko/category/astronomy/celestial_observation/
arduino,지구,,https://javalab.org/ko/category/astronomy/planet_earth/
arduino,달,,https://javalab.org/ko/category/astronomy/moon/
arduino,태양,,https://javalab.org/ko/category/astronomy/sun/
arduino,태양계,,https://javalab.org/ko/category/astronomy/solar_system/
arduino,별과 은하,,https://javalab.org/ko/category/astronomy/star/
arduino,생명,,https://javalab.org/ko/category/biology/
arduino,수학수학수학 그래픽스프랙털혼돈 이론,,https://javalab.org/ko/category/math/
arduino,수학,,https://javalab.org/ko/category/math/mathematics/
arduino,수학 그래픽스,,https://javalab.org/ko/category/math/math_graphics/
arduino,프랙털,,https://javalab.org/ko/category/math/fractal/
arduino,혼돈 이론,,https://javalab.org/ko/category/math/chaos/
arduino,테크인공지능마이크로비트3D 프린팅블록 코딩퍼즐아두이노 무작정 따라하기브레드보드 기초 전자회로브레드보드 메이커 교실,,https://javalab.org/ko/category/tech/
arduino,인공지능,,https://javalab.org/ko/category/tech/ai/
arduino,마이크로비트,,https://javalab.org/ko/category/tech/microbit/
arduino,3D 프린팅,,https://javalab.org/ko/category/tech/3d_printing/
arduino,블록 코딩,,https://javalab.org/ko/category/tech/block_coding/
arduino,퍼즐,,https://javalab.org/ko/category/tech/puzzle/
arduino,아두이노 무작정 따라하기,,https://javalab.org/ko/category/tech/arduino/
arduino,브레드보드 기초 전자회로,,https://javalab.org/ko/category/tech/breadboard_1/
arduino,브레드보드 메이커 교실,,https://javalab.org/ko/category/tech/breadboard_maker/
arduino,기타증강현실 (웹캠이용)3D (VR 이용)출판물강의 자료인용사례,,https://javalab.org/ko/category/ar/
arduino,증강현실 (웹캠이용),,https://javalab.org/ko/category/ar/
arduino,3D (VR 이용),,https://javalab.org/ko/category/3d_vr/
arduino,출판물,,https://javalab.org/ko/category/books/
arduino,강의 자료,,https://javalab.org/ko/category/resources/
arduino,● 한국어,,https://javalab.org/ko/category/tech/arduino/
arduino,아두이노 미로게임 (MPU-6050 + 프로세싱),,https://javalab.org/ko/arduino_miro/
arduino,아두이노 미로게임 (MPU-6050 + 프로세싱),,https://javalab.org/ko/arduino_miro/
arduino,● 한국어,,https://javalab.org/ko/category/tech/arduino/
block_coding,마켓,,https://javalab.org/ko/category/market/
block_coding,측정측정 일반데이터 과학 (CSV 파일)Javalab MBL상대성 이론,,https://javalab.org/ko/category/measure/
block_coding,측정 일반,,https://javalab.org/ko/category/measure/measurement/
block_coding,데이터 과학 (CSV 파일),,https://javalab.org/ko/category/measure/data_science/
block_coding,Javalab MBL,,https://javalab.org/ko/category/measure/mbl/
block_coding,상대성 이론,,https://javalab.org/ko/category/measure/relativity-ko/
block_coding,전기와 자기정전기옴의 법칙전기 회로교류와 RLC회로반도체자기전자기전자기파,,https://javalab.org/ko/category/electricity/
block_coding,정전기,,https://javalab.org/ko/category/electricity/static_electricity/
block_coding,옴의 법칙,,https://javalab.org/ko/category/electricity/ohms_law/
block_coding,전기 회로,,https://javalab.org/ko/category/electricity/electric_circuit/
block_coding,교류와 RLC회로,,https://javalab.org/ko/category/electricity/ac_rlc/
block_coding,반도체,,https://javalab.org/ko/category/electricity/semiconductor/
block_coding,자기,,https://javalab.org/ko/category/electricity/magnetism/
block_coding,전자기,,https://javalab.org/ko/category/electricity/electromagnetism/
block_coding,전자기파,,https://javalab.org/ko/category/electricity/electromagntic_wave/
block_coding,힘과 운동힘관성여러가지 운동충돌진동,,https://javalab.org/ko/category/mechanics/
block_coding,힘,,https://javalab.org/ko/category/mechanics/force/
block_coding,관성,,https://javalab.org/ko/category/mechanics/inertia/
block_coding,여러가지 운동,,https://javalab.org/ko/category/mechanics/movements/
block_coding,충돌,,https://javalab.org/ko/category/mechanics/collision/
block_coding,진동,,https://javalab.org/ko/category/mechanics/oscillation/
block_coding,일과 에너지일의 원리에너지의 변환,,https://javalab.org/ko/category/energy/
block_coding,일의 원리,,https://javalab.org/ko/category/energy/principle_of_work/
block_coding,에너지의 변환,,https://javalab.org/ko/category/energy/energy_conversion/
block_coding,빛과 파동반사굴절색파동파동의 간섭정상파,,https://javalab.org/ko/category/light_wave/
block_coding,반사,,https://javalab.org/ko/category/light_wave/reflection/
block_coding,굴절,,https://javalab.org/ko/category/light_wave/refraction/
block_coding,색,,https://javalab.org/ko/category/light_wave/color/
block_coding,파동,,https://javalab.org/ko/category/light_wave/wave/
block_coding,파동의 간섭,,https://javalab.org/ko/category/light_wave/interference/
block_coding,정상파,,https://javalab.org/ko/category/light_wave/standing_wave/
block_coding,원자원자 모형원자와 빛방사능,,https://javalab.org/ko/category/atoms/
block_coding,원자 모형,,https://javalab.org/ko/category/atoms/atomic_model/
block_coding,원자와 빛,,https://javalab.org/ko/category/atoms/atom_light/
block_coding,방사능,,https://javalab.org/ko/category/atoms/radioactivity/
block_coding,"화학기체, 액체, 고체열분자 운동용액화학 반응화학 결합전기 화학",,https://javalab.org/ko/category/chemistry/
block_coding,"기체, 액체, 고체",,https://javalab.org/ko/category/chemistry/gas/
block_coding,열,,https://javalab.org/ko/category/chemistry/heat/
block_coding,분자 운동,,https://javalab.org/ko/category/chemistry/molecules_in_motion/
block_coding,용액,,https://javalab.org/ko/category/chemistry/solution/
block_coding,화학 반응,,https://javalab.org/ko/category/chemistry/chemical_reaction/
block_coding,화학 결합,,https://javalab.org/ko/category/chemistry/chemical_bonds/
block_coding,전기 화학,,https://javalab.org/ko/category/chemistry/electrochemistry/
block_coding,지구대기지질,,https://javalab.org/ko/category/earth/
block_coding,대기,,https://javalab.org/ko/category/earth/atmosphere/
block_coding,지질,,https://javalab.org/ko/category/earth/geology/
block_coding,천문천체 관측지구달태양태양계별과 은하,,https://javalab.org/ko/category/astronomy/
block_coding,천체 관측,,https://javalab.org/ko/category/astronomy/celestial_observation/
block_coding,지구,,https://javalab.org/ko/category/astronomy/planet_earth/
block_coding,달,,https://javalab.org/ko/category/astronomy/moon/
block_coding,태양,,https://javalab.org/ko/category/astronomy/sun/
block_coding,태양계,,https://javalab.org/ko/category/astronomy/solar_system/
block_coding,별과 은하,,https://javalab.org/ko/category/astronomy/star/
block_coding,생명,,https://javalab.org/ko/category/biology/
block_coding,수학수학수학 그래픽스프랙털혼돈 이론,,https://javalab.org/ko/category/math/
block_coding,수학,,https://javalab.org/ko/category/math/mathematics/
block_coding,수학 그래픽스,,https://javalab.org/ko/category/math/math_graphics/
block_coding,프랙털,,https://javalab.org/ko/category/math/fractal/
block_coding,혼돈 이론,,https://javalab.org/ko/category/math/chaos/
block_coding,테크인공지능마이크로비트3D 프린팅블록 코딩퍼즐아두이노 무작정 따라하기브레드보드 기초 전자회로브레드보드 메이커 교실,,https://javalab.org/ko/category/tech/
block_coding,인공지능,,https://javalab.org/ko/category/tech/ai/
block_coding,마이크로비트,,https://javalab.org/ko/category/tech/microbit/
block_coding,3D 프린팅,,https://javalab.org/ko/category/tech/3d_printing/
block_coding,블록 코딩,,https://javalab.org/ko/category/tech/block_coding/
block_coding,퍼즐,,https://javalab.org/ko/category/tech/puzzle/
block_coding,아두이노 무작정 따라하기,,https://javalab.org/ko/category/tech/arduino/
block_coding,브레드보드 기초 전자회로,,https://javalab.org/ko/category/tech/breadboard_1/
block_coding,브레드보드 메이커 교실,,https://javalab.org/ko/category/tech/breadboard_maker/
block_coding,기타증강현실 (웹캠이용)3D (VR 이용)출판물강의 자료인용사례,,https://javalab.org/ko/category/ar/
block_coding,증강현실 (웹캠이용),,https://javalab.org/ko/category/ar/
block_coding,3D (VR 이용),,https://javalab.org/ko/category/3d_vr/
block_coding,출판물,,https://javalab.org/ko/category/books/
block_coding,강의 자료,,https://javalab.org/ko/category/resources/
block_coding,● 한국어,,https://javalab.org/ko/category/tech/block_coding/
block_coding,Blocklab – 생물계 분류 코딩 활동,,https://javalab.org/ko/five_kingdom/
block_coding,Blocklab – 생물계 분류 코딩 활동,,https://javalab.org/ko/five_kingdom/
block_coding,● 한국어,,https://javalab.org/ko/category/tech/block_coding/
breadboard_1,마켓,,https://javalab.org/ko/category/market/
breadboard_1,측정측정 일반데이터 과학 (CSV 파일)Javalab MBL상대성 이론,,https://javalab.org/ko/category/measure/
breadboard_1,측정 일반,,https://javalab.org/ko/category/measure/measurement/
breadboard_1,데이터 과학 (CSV 파일),,https://javalab.org/ko/category/measure/data_science/
breadboard_1,Javalab MBL,,https://javalab.org/ko/category/measure/mbl/
breadboard_1,상대성 이론,,https://javalab.org/ko/category/measure/relativity-ko/
breadboard_1,전기와 자기정전기옴의 법칙전기 회로교류와 RLC회로반도체자기전자기전자기파,,https://javalab.org/ko/category/electricity/
breadboard_1,정전기,,https://javalab.org/ko/category/electricity/static_electricity/
breadboard_1,옴의 법칙,,https://javalab.org/ko/category/electricity/ohms_law/
breadboard_1,전기 회로,,https://javalab.org/ko/category/electricity/electric_circuit/
breadboard_1,교류와 RLC회로,,https://javalab.org/ko/category/electricity/ac_rlc/
breadboard_1,반도체,,https://javalab.org/ko/category/electricity/semiconductor/
breadboard_1,자기,,https://javalab.org/ko/category/electricity/magnetism/
breadboard_1,전자기,,https://javalab.org/ko/category/electricity/electromagnetism/
breadboard_1,전자기파,,https://javalab.org/ko/category/electricity/electromagntic_wave/
breadboard_1,힘과 운동힘관성여러가지 운동충돌진동,,https://javalab.org/ko/category/mechanics/
breadboard_1,힘,,https://javalab.org/ko/category/mechanics/force/
breadboard_1,관성,,https://javalab.org/ko/category/mechanics/inertia/
breadboard_1,여러가지 운동,,https://javalab.org/ko/category/mechanics/movements/
breadboard_1,충돌,,https://javalab.org/ko/category/mechanics/collision/
breadboard_1,진동,,https://javalab.org/ko/category/mechanics/oscillation/
breadboard_1,일과 에너지일의 원리에너지의 변환,,https://javalab.org/ko/category/energy/
breadboard_1,일의 원리,,https://javalab.org/ko/category/energy/principle_of_work/
breadboard_1,에너지의 변환,,https://javalab.org/ko/category/energy/energy_conversion/
breadboard_1,빛과 파동반사굴절색파동파동의 간섭정상파,,https://javalab.org/ko/category/light_wave/
breadboard_1,반사,,https://javalab.org/ko/category/light_wave/reflection/
breadboard_1,굴절,,https://javalab.org/ko/category/light_wave/refraction/
breadboard_1,색,,https://javalab.org/ko/category/light_wave/color/
breadboard_1,파동,,https://javalab.org/ko/category/light_wave/wave/
breadboard_1,파동의 간섭,,https://javalab.org/ko/category/light_wave/interference/
breadboard_1,정상파,,https://javalab.org/ko/category/light_wave/standing_wave/
breadboard_1,원자원자 모형원자와 빛방사능,,https://javalab.org/ko/category/atoms/
breadboard_1,원자 모형,,https://javalab.org/ko/category/atoms/atomic_model/
breadboard_1,원자와 빛,,https://javalab.org/ko/category/atoms/atom_light/
breadboard_1,방사능,,https://javalab.org/ko/category/atoms/radioactivity/
breadboard_1,"화학기체, 액체, 고체열분자 운동용액화학 반응화학 결합전기 화학",,https://javalab.org/ko/category/chemistry/
breadboard_1,"기체, 액체, 고체",,https://javalab.org/ko/category/chemistry/gas/
breadboard_1,열,,https://javalab.org/ko/category/chemistry/heat/
breadboard_1,분자 운동,,https://javalab.org/ko/category/chemistry/molecules_in_motion/
breadboard_1,용액,,https://javalab.org/ko/category/chemistry/solution/
breadboard_1,화학 반응,,https://javalab.org/ko/category/chemistry/chemical_reaction/
breadboard_1,화학 결합,,https://javalab.org/ko/category/chemistry/chemical_bonds/
breadboard_1,전기 화학,,https://javalab.org/ko/category/chemistry/electrochemistry/
breadboard_1,지구대기지질,,https://javalab.org/ko/category/earth/
breadboard_1,대기,,https://javalab.org/ko/category/earth/atmosphere/
breadboard_1,지질,,https://javalab.org/ko/category/earth/geology/
breadboard_1,천문천체 관측지구달태양태양계별과 은하,,https://javalab.org/ko/category/astronomy/
breadboard_1,천체 관측,,https://javalab.org/ko/category/astronomy/celestial_observation/
breadboard_1,지구,,https://javalab.org/ko/category/astronomy/planet_earth/
breadboard_1,달,,https://javalab.org/ko/category/astronomy/moon/
breadboard_1,태양,,https://javalab.org/ko/category/astronomy/sun/
breadboard_1,태양계,,https://javalab.org/ko/category/astronomy/solar_system/
breadboard_1,별과 은하,,https://javalab.org/ko/category/astronomy/star/
breadboard_1,생명,,https://javalab.org/ko/category/biology/
breadboard_1,수학수학수학 그래픽스프랙털혼돈 이론,,https://javalab.org/ko/category/math/
breadboard_1,수학,,https://javalab.org/ko/category/math/mathematics/
breadboard_1,수학 그래픽스,,https://javalab.org/ko/category/math/math_graphics/
breadboard_1,프랙털,,https://javalab.org/ko/category/math/fractal/
breadboard_1,혼돈 이론,,https://javalab.org/ko/category/math/chaos/
breadboard_1,테크인공지능마이크로비트3D 프린팅블록 코딩퍼즐아두이노 무작정 따라하기브레드보드 기초 전자회로브레드보드 메이커 교실,,https://javalab.org/ko/category/tech/
breadboard_1,인공지능,,https://javalab.org/ko/category/tech/ai/
breadboard_1,마이크로비트,,https://javalab.org/ko/category/tech/microbit/
breadboard_1,3D 프린팅,,https://javalab.org/ko/category/tech/3d_printing/
breadboard_1,블록 코딩,,https://javalab.org/ko/category/tech/block_coding/
breadboard_1,퍼즐,,https://javalab.org/ko/category/tech/puzzle/
breadboard_1,아두이노 무작정 따라하기,,https://javalab.org/ko/category/tech/arduino/
breadboard_1,브레드보드 기초 전자회로,,https://javalab.org/ko/category/tech/breadboard_1/
breadboard_1,브레드보드 메이커 교실,,https://javalab.org/ko/category/tech/breadboard_maker/
breadboard_1,기타증강현실 (웹캠이용)3D (VR 이용)출판물강의 자료인용사례,,https://javalab.org/ko/category/ar/
breadboard_1,증강현실 (웹캠이용),,https://javalab.org/ko/category/ar/
breadboard_1,3D (VR 이용),,https://javalab.org/ko/category/3d_vr/
breadboard_1,출판물,,https://javalab.org/ko/category/books/
breadboard_1,강의 자료,,https://javalab.org/ko/category/resources/
breadboard_1,● 한국어,,https://javalab.org/ko/category/tech/breadboard_1/
breadboard_1,물로 연주하는 악기 만들기 (555 타이머),,https://javalab.org/ko/breadboard_555_water/
breadboard_1,물로 연주하는 악기 만들기 (555 타이머),,https://javalab.org/ko/breadboard_555_water/
breadboard_1,● 한국어,,https://javalab.org/ko/category/tech/breadboard_1/
breadboard_maker,마켓,,https://javalab.org/ko/category/market/
breadboard_maker,측정측정 일반데이터 과학 (CSV 파일)Javalab MBL상대성 이론,,https://javalab.org/ko/category/measure/
breadboard_maker,측정 일반,,https://javalab.org/ko/category/measure/measurement/
breadboard_maker,데이터 과학 (CSV 파일),,https://javalab.org/ko/category/measure/data_science/
breadboard_maker,Javalab MBL,,https://javalab.org/ko/category/measure/mbl/
breadboard_maker,상대성 이론,,https://javalab.org/ko/category/measure/relativity-ko/
breadboard_maker,전기와 자기정전기옴의 법칙전기 회로교류와 RLC회로반도체자기전자기전자기파,,https://javalab.org/ko/category/electricity/
breadboard_maker,정전기,,https://javalab.org/ko/category/electricity/static_electricity/
breadboard_maker,옴의 법칙,,https://javalab.org/ko/category/electricity/ohms_law/
breadboard_maker,전기 회로,,https://javalab.org/ko/category/electricity/electric_circuit/
breadboard_maker,교류와 RLC회로,,https://javalab.org/ko/category/electricity/ac_rlc/
breadboard_maker,반도체,,https://javalab.org/ko/category/electricity/semiconductor/
breadboard_maker,자기,,https://javalab.org/ko/category/electricity/magnetism/
breadboard_maker,전자기,,https://javalab.org/ko/category/electricity/electromagnetism/
breadboard_maker,전자기파,,https://javalab.org/ko/category/electricity/electromagntic_wave/
breadboard_maker,힘과 운동힘관성여러가지 운동충돌진동,,https://javalab.org/ko/category/mechanics/
breadboard_maker,힘,,https://javalab.org/ko/category/mechanics/force/
breadboard_maker,관성,,https://javalab.org/ko/category/mechanics/inertia/
breadboard_maker,여러가지 운동,,https://javalab.org/ko/category/mechanics/movements/
breadboard_maker,충돌,,https://javalab.org/ko/category/mechanics/collision/
breadboard_maker,진동,,https://javalab.org/ko/category/mechanics/oscillation/
breadboard_maker,일과 에너지일의 원리에너지의 변환,,https://javalab.org/ko/category/energy/
breadboard_maker,일의 원리,,https://javalab.org/ko/category/energy/principle_of_work/
breadboard_maker,에너지의 변환,,https://javalab.org/ko/category/energy/energy_conversion/
breadboard_maker,빛과 파동반사굴절색파동파동의 간섭정상파,,https://javalab.org/ko/category/light_wave/
breadboard_maker,반사,,https://javalab.org/ko/category/light_wave/reflection/
breadboard_maker,굴절,,https://javalab.org/ko/category/light_wave/refraction/
breadboard_maker,색,,https://javalab.org/ko/category/light_wave/color/
breadboard_maker,파동,,https://javalab.org/ko/category/light_wave/wave/
breadboard_maker,파동의 간섭,,https://javalab.org/ko/category/light_wave/interference/
breadboard_maker,정상파,,https://javalab.org/ko/category/light_wave/standing_wave/
breadboard_maker,원자원자 모형원자와 빛방사능,,https://javalab.org/ko/category/atoms/
breadboard_maker,원자 모형,,https://javalab.org/ko/category/atoms/atomic_model/
breadboard_maker,원자와 빛,,https://javalab.org/ko/category/atoms/atom_light/
breadboard_maker,방사능,,https://javalab.org/ko/category/atoms/radioactivity/
breadboard_maker,"화학기체, 액체, 고체열분자 운동용액화학 반응화학 결합전기 화학",,https://javalab.org/ko/category/chemistry/
breadboard_maker,"기체, 액체, 고체",,https://javalab.org/ko/category/chemistry/gas/
breadboard_maker,열,,https://javalab.org/ko/category/chemistry/heat/
breadboard_maker,분자 운동,,https://javalab.org/ko/category/chemistry/molecules_in_motion/
breadboard_maker,용액,,https://javalab.org/ko/category/chemistry/solution/
breadboard_maker,화학 반응,,https://javalab.org/ko/category/chemistry/chemical_reaction/
breadboard_maker,화학 결합,,https://javalab.org/ko/category/chemistry/chemical_bonds/
breadboard_maker,전기 화학,,https://javalab.org/ko/category/chemistry/electrochemistry/
breadboard_maker,지구대기지질,,https://javalab.org/ko/category/earth/
breadboard_maker,대기,,https://javalab.org/ko/category/earth/atmosphere/
breadboard_maker,지질,,https://javalab.org/ko/category/earth/geology/
breadboard_maker,천문천체 관측지구달태양태양계별과 은하,,https://javalab.org/ko/category/astronomy/
breadboard_maker,천체 관측,,https://javalab.org/ko/category/astronomy/celestial_observation/
breadboard_maker,지구,,https://javalab.org/ko/category/astronomy/planet_earth/
breadboard_maker,달,,https://javalab.org/ko/category/astronomy/moon/
breadboard_maker,태양,,https://javalab.org/ko/category/astronomy/sun/
breadboard_maker,태양계,,https://javalab.org/ko/category/astronomy/solar_system/
breadboard_maker,별과 은하,,https://javalab.org/ko/category/astronomy/star/
breadboard_maker,생명,,https://javalab.org/ko/category/biology/
breadboard_maker,수학수학수학 그래픽스프랙털혼돈 이론,,https://javalab.org/ko/category/math/
breadboard_maker,수학,,https://javalab.org/ko/category/math/mathematics/
breadboard_maker,수학 그래픽스,,https://javalab.org/ko/category/math/math_graphics/
breadboard_maker,프랙털,,https://javalab.org/ko/category/math/fractal/
breadboard_maker,혼돈 이론,,https://javalab.org/ko/category/math/chaos/
breadboard_maker,테크인공지능마이크로비트3D 프린팅블록 코딩퍼즐아두이노 무작정 따라하기브레드보드 기초 전자회로브레드보드 메이커 교실,,https://javalab.org/ko/category/tech/
breadboard_maker,인공지능,,https://javalab.org/ko/category/tech/ai/
breadboard_maker,마이크로비트,,https://javalab.org/ko/category/tech/microbit/
breadboard_maker,3D 프린팅,,https://javalab.org/ko/category/tech/3d_printing/
breadboard_maker,블록 코딩,,https://javalab.org/ko/category/tech/block_coding/
breadboard_maker,퍼즐,,https://javalab.org/ko/category/tech/puzzle/
breadboard_maker,아두이노 무작정 따라하기,,https://javalab.org/ko/category/tech/arduino/
breadboard_maker,브레드보드 기초 전자회로,,https://javalab.org/ko/category/tech/breadboard_1/
breadboard_maker,브레드보드 메이커 교실,,https://javalab.org/ko/category/tech/breadboard_maker/
breadboard_maker,기타증강현실 (웹캠이용)3D (VR 이용)출판물강의 자료인용사례,,https://javalab.org/ko/category/ar/
breadboard_maker,증강현실 (웹캠이용),,https://javalab.org/ko/category/ar/
breadboard_maker,3D (VR 이용),,https://javalab.org/ko/category/3d_vr/
breadboard_maker,출판물,,https://javalab.org/ko/category/books/
breadboard_maker,강의 자료,,https://javalab.org/ko/category/resources/
breadboard_maker,● 한국어,,https://javalab.org/ko/category/tech/breadboard_maker/
breadboard_maker,물로 연주하는 악기 만들기 (555 타이머),,https://javalab.org/ko/breadboard_555_water/
breadboard_maker,물로 연주하는 악기 만들기 (555 타이머),,https://javalab.org/ko/breadboard_555_water/
breadboard_maker,● 한국어,,https://javalab.org/ko/category/tech/breadboard_maker/
microbit,마켓,,https://javalab.org/ko/category/market/
microbit,측정측정 일반데이터 과학 (CSV 파일)Javalab MBL상대성 이론,,https://javalab.org/ko/category/measure/
microbit,측정 일반,,https://javalab.org/ko/category/measure/measurement/
microbit,데이터 과학 (CSV 파일),,https://javalab.org/ko/category/measure/data_science/
microbit,Javalab MBL,,https://javalab.org/ko/category/measure/mbl/
microbit,상대성 이론,,https://javalab.org/ko/category/measure/relativity-ko/
microbit,전기와 자기정전기옴의 법칙전기 회로교류와 RLC회로반도체자기전자기전자기파,,https://javalab.org/ko/category/electricity/
microbit,정전기,,https://javalab.org/ko/category/electricity/static_electricity/
microbit,옴의 법칙,,https://javalab.org/ko/category/electricity/ohms_law/
microbit,전기 회로,,https://javalab.org/ko/category/electricity/electric_circuit/
microbit,교류와 RLC회로,,https://javalab.org/ko/category/electricity/ac_rlc/
microbit,반도체,,https://javalab.org/ko/category/electricity/semiconductor/
microbit,자기,,https://javalab.org/ko/category/electricity/magnetism/
microbit,전자기,,https://javalab.org/ko/category/electricity/electromagnetism/
microbit,전자기파,,https://javalab.org/ko/category/electricity/electromagntic_wave/
microbit,힘과 운동힘관성여러가지 운동충돌진동,,https://javalab.org/ko/category/mechanics/
microbit,힘,,https://javalab.org/ko/category/mechanics/force/
microbit,관성,,https://javalab.org/ko/category/mechanics/inertia/
microbit,여러가지 운동,,https://javalab.org/ko/category/mechanics/movements/
microbit,충돌,,https://javalab.org/ko/category/mechanics/collision/
microbit,진동,,https://javalab.org/ko/category/mechanics/oscillation/
microbit,일과 에너지일의 원리에너지의 변환,,https://javalab.org/ko/category/energy/
microbit,일의 원리,,https://javalab.org/ko/category/energy/principle_of_work/
microbit,에너지의 변환,,https://javalab.org/ko/category/energy/energy_conversion/
microbit,빛과 파동반사굴절색파동파동의 간섭정상파,,https://javalab.org/ko/category/light_wave/
microbit,반사,,https://javalab.org/ko/category/light_wave/reflection/
microbit,굴절,,https://javalab.org/ko/category/light_wave/refraction/
microbit,색,,https://javalab.org/ko/category/light_wave/color/
microbit,파동,,https://javalab.org/ko/category/light_wave/wave/
microbit,파동의 간섭,,https://javalab.org/ko/category/light_wave/interference/
microbit,정상파,,https://javalab.org/ko/category/light_wave/standing_wave/
microbit,원자원자 모형원자와 빛방사능,,https://javalab.org/ko/category/atoms/
microbit,원자 모형,,https://javalab.org/ko/category/atoms/atomic_model/
microbit,원자와 빛,,https://javalab.org/ko/category/atoms/atom_light/
microbit,방사능,,https://javalab.org/ko/category/atoms/radioactivity/
microbit,"화학기체, 액체, 고체열분자 운동용액화학 반응화학 결합전기 화학",,https://javalab.org/ko/category/chemistry/
microbit,"기체, 액체, 고체",,https://javalab.org/ko/category/chemistry/gas/
microbit,열,,https://javalab.org/ko/category/chemistry/heat/
microbit,분자 운동,,https://javalab.org/ko/category/chemistry/molecules_in_motion/
microbit,용액,,https://javalab.org/ko/category/chemistry/solution/
microbit,화학 반응,,https://javalab.org/ko/category/chemistry/chemical_reaction/
microbit,화학 결합,,https://javalab.org/ko/category/chemistry/chemical_bonds/
microbit,전기 화학,,https://javalab.org/ko/category/chemistry/electrochemistry/
microbit,지구대기지질,,https://javalab.org/ko/category/earth/
microbit,대기,,https://javalab.org/ko/category/earth/atmosphere/
microbit,지질,,https://javalab.org/ko/category/earth/geology/
microbit,천문천체 관측지구달태양태양계별과 은하,,https://javalab.org/ko/category/astronomy/
microbit,천체 관측,,https://javalab.org/ko/category/astronomy/celestial_observation/
microbit,지구,,https://javalab.org/ko/category/astronomy/planet_earth/
microbit,달,,https://javalab.org/ko/category/astronomy/moon/
microbit,태양,,https://javalab.org/ko/category/astronomy/sun/
microbit,태양계,,https://javalab.org/ko/category/astronomy/solar_system/
microbit,별과 은하,,https://javalab.org/ko/category/astronomy/star/
microbit,생명,,https://javalab.org/ko/category/biology/
microbit,수학수학수학 그래픽스프랙털혼돈 이론,,https://javalab.org/ko/category/math/
microbit,수학,,https://javalab.org/ko/category/math/mathematics/
microbit,수학 그래픽스,,https://javalab.org/ko/category/math/math_graphics/
microbit,프랙털,,https://javalab.org/ko/category/math/fractal/
microbit,혼돈 이론,,https://javalab.org/ko/category/math/chaos/
microbit,테크인공지능마이크로비트3D 프린팅블록 코딩퍼즐아두이노 무작정 따라하기브레드보드 기초 전자회로브레드보드 메이커 교실,,https://javalab.org/ko/category/tech/
microbit,인공지능,,https://javalab.org/ko/category/tech/ai/
microbit,마이크로비트,,https://javalab.org/ko/category/tech/microbit/
microbit,3D 프린팅,,https://javalab.org/ko/category/tech/3d_printing/
microbit,블록 코딩,,https://javalab.org/ko/category/tech/block_coding/
microbit,퍼즐,,https://javalab.org/ko/category/tech/puzzle/
microbit,아두이노 무작정 따라하기,,https://javalab.org/ko/category/tech/arduino/
microbit,브레드보드 기초 전자회로,,https://javalab.org/ko/category/tech/breadboard_1/
microbit,브레드보드 메이커 교실,,https://javalab.org/ko/category/tech/breadboard_maker/
microbit,기타증강현실 (웹캠이용)3D (VR 이용)출판물강의 자료인용사례,,https://javalab.org/ko/category/ar/
microbit,증강현실 (웹캠이용),,https://javalab.org/ko/category/ar/
microbit,3D (VR 이용),,https://javalab.org/ko/category/3d_vr/
microbit,출판물,,https://javalab.org/ko/category/books/
microbit,강의 자료,,https://javalab.org/ko/category/resources/
microbit,● 한국어,,https://javalab.org/ko/category/tech/microbit/
microbit,마이크로비트 마퀸(Maqueen) 로봇 코드 모음,,https://javalab.org/ko/maqueen/
microbit,마이크로비트 마퀸(Maqueen) 로봇 코드 모음,,https://javalab.org/ko/maqueen/
microbit,● 한국어,,https://javalab.org/ko/category/tech/microbit/
puzzle,마켓,,https://javalab.org/ko/category/market/
puzzle,측정측정 일반데이터 과학 (CSV 파일)Javalab MBL상대성 이론,,https://javalab.org/ko/category/measure/
puzzle,측정 일반,,https://javalab.org/ko/category/measure/measurement/
puzzle,데이터 과학 (CSV 파일),,https://javalab.org/ko/category/measure/data_science/
puzzle,Javalab MBL,,https://javalab.org/ko/category/measure/mbl/
puzzle,상대성 이론,,https://javalab.org/ko/category/measure/relativity-ko/
puzzle,전기와 자기정전기옴의 법칙전기 회로교류와 RLC회로반도체자기전자기전자기파,,https://javalab.org/ko/category/electricity/
puzzle,정전기,,https://javalab.org/ko/category/electricity/static_electricity/
puzzle,옴의 법칙,,https://javalab.org/ko/category/electricity/ohms_law/
puzzle,전기 회로,,https://javalab.org/ko/category/electricity/electric_circuit/
puzzle,교류와 RLC회로,,https://javalab.org/ko/category/electricity/ac_rlc/
puzzle,반도체,,https://javalab.org/ko/category/electricity/semiconductor/
puzzle,자기,,https://javalab.org/ko/category/electricity/magnetism/
puzzle,전자기,,https://javalab.org/ko/category/electricity/electromagnetism/
puzzle,전자기파,,https://javalab.org/ko/category/electricity/electromagntic_wave/
puzzle,힘과 운동힘관성여러가지 운동충돌진동,,https://javalab.org/ko/category/mechanics/
puzzle,힘,,https://javalab.org/ko/category/mechanics/force/
puzzle,관성,,https://javalab.org/ko/category/mechanics/inertia/
puzzle,여러가지 운동,,https://javalab.org/ko/category/mechanics/movements/
puzzle,충돌,,https://javalab.org/ko/category/mechanics/collision/
puzzle,진동,,https://javalab.org/ko/category/mechanics/oscillation/
puzzle,일과 에너지일의 원리에너지의 변환,,https://javalab.org/ko/category/energy/
puzzle,일의 원리,,https://javalab.org/ko/category/energy/principle_of_work/
puzzle,에너지의 변환,,https://javalab.org/ko/category/energy/energy_conversion/
puzzle,빛과 파동반사굴절색파동파동의 간섭정상파,,https://javalab.org/ko/category/light_wave/
puzzle,반사,,https://javalab.org/ko/category/light_wave/reflection/
puzzle,굴절,,https://javalab.org/ko/category/light_wave/refraction/
puzzle,색,,https://javalab.org/ko/category/light_wave/color/
puzzle,파동,,https://javalab.org/ko/category/light_wave/wave/
puzzle,파동의 간섭,,https://javalab.org/ko/category/light_wave/interference/
puzzle,정상파,,https://javalab.org/ko/category/light_wave/standing_wave/
puzzle,원자원자 모형원자와 빛방사능,,https://javalab.org/ko/category/atoms/
puzzle,원자 모형,,https://javalab.org/ko/category/atoms/atomic_model/
puzzle,원자와 빛,,https://javalab.org/ko/category/atoms/atom_light/
puzzle,방사능,,https://javalab.org/ko/category/atoms/radioactivity/
puzzle,"화학기체, 액체, 고체열분자 운동용액화학 반응화학 결합전기 화학",,https://javalab.org/ko/category/chemistry/
puzzle,"기체, 액체, 고체",,https://javalab.org/ko/category/chemistry/gas/
puzzle,열,,https://javalab.org/ko/category/chemistry/heat/
puzzle,분자 운동,,https://javalab.org/ko/category/chemistry/molecules_in_motion/
puzzle,용액,,https://javalab.org/ko/category/chemistry/solution/
puzzle,화학 반응,,https://javalab.org/ko/category/chemistry/chemical_reaction/
puzzle,화학 결합,,https://javalab.org/ko/category/chemistry/chemical_bonds/
puzzle,전기 화학,,https://javalab.org/ko/category/chemistry/electrochemistry/
puzzle,지구대기지질,,https://javalab.org/ko/category/earth/
puzzle,대기,,https://javalab.org/ko/category/earth/atmosphere/
puzzle,지질,,https://javalab.org/ko/category/earth/geology/
puzzle,천문천체 관측지구달태양태양계별과 은하,,https://javalab.org/ko/category/astronomy/
puzzle,천체 관측,,https://javalab.org/ko/category/astronomy/celestial_observation/
puzzle,지구,,https://javalab.org/ko/category/astronomy/planet_earth/
puzzle,달,,https://javalab.org/ko/category/astronomy/moon/
puzzle,태양,,https://javalab.org/ko/category/astronomy/sun/
puzzle,태양계,,https://javalab.org/ko/category/astronomy/solar_system/
puzzle,별과 은하,,https://javalab.org/ko/category/astronomy/star/
puzzle,생명,,https://javalab.org/ko/category/biology/
puzzle,수학수학수학 그래픽스프랙털혼돈 이론,,https://javalab.org/ko/category/math/
puzzle,수학,,https://javalab.org/ko/category/math/mathematics/
puzzle,수학 그래픽스,,https://javalab.org/ko/category/math/math_graphics/
puzzle,프랙털,,https://javalab.org/ko/category/math/fractal/
puzzle,혼돈 이론,,https://javalab.org/ko/category/math/chaos/
puzzle,테크인공지능마이크로비트3D 프린팅블록 코딩퍼즐아두이노 무작정 따라하기브레드보드 기초 전자회로브레드보드 메이커 교실,,https://javalab.org/ko/category/tech/
puzzle,인공지능,,https://javalab.org/ko/category/tech/ai/
puzzle,마이크로비트,,https://javalab.org/ko/category/tech/microbit/
puzzle,3D 프린팅,,https://javalab.org/ko/category/tech/3d_printing/
puzzle,블록 코딩,,https://javalab.org/ko/category/tech/block_coding/
puzzle,퍼즐,,https://javalab.org/ko/category/tech/puzzle/
puzzle,아두이노 무작정 따라하기,,https://javalab.org/ko/category/tech/arduino/
puzzle,브레드보드 기초 전자회로,,https://javalab.org/ko/category/tech/breadboard_1/
puzzle,브레드보드 메이커 교실,,https://javalab.org/ko/category/tech/breadboard_maker/
puzzle,기타증강현실 (웹캠이용)3D (VR 이용)출판물강의 자료인용사례,,https://javalab.org/ko/category/ar/
puzzle,증강현실 (웹캠이용),,https://javalab.org/ko/category/ar/
puzzle,3D (VR 이용),,https://javalab.org/ko/category/3d_vr/
puzzle,출판물,,https://javalab.org/ko/category/books/
puzzle,강의 자료,,https://javalab.org/ko/category/resources/
puzzle,● 한국어,,https://javalab.org/ko/category/tech/puzzle/
puzzle,하노이 타워,,https://javalab.org/ko/hanoi_tower/
puzzle,하노이 타워,,https://javalab.org/ko/hanoi_tower/
puzzle,● 한국어,,https://javalab.org/ko/category/tech/puzzle/
clock,마켓,,https://javalab.org/ko/category/market/
clock,측정측정 일반데이터 과학 (CSV 파일)Javalab MBL상대성 이론,,https://javalab.org/ko/category/measure/
clock,측정 일반,,https://javalab.org/ko/category/measure/measurement/
clock,데이터 과학 (CSV 파일),,https://javalab.org/ko/category/measure/data_science/
clock,Javalab MBL,,https://javalab.org/ko/category/measure/mbl/
clock,상대성 이론,,https://javalab.org/ko/category/measure/relativity-ko/
clock,전기와 자기정전기옴의 법칙전기 회로교류와 RLC회로반도체자기전자기전자기파,,https://javalab.org/ko/category/electricity/
clock,정전기,,https://javalab.org/ko/category/electricity/static_electricity/
clock,옴의 법칙,,https://javalab.org/ko/category/electricity/ohms_law/
clock,전기 회로,,https://javalab.org/ko/category/electricity/electric_circuit/
clock,교류와 RLC회로,,https://javalab.org/ko/category/electricity/ac_rlc/
clock,반도체,,https://javalab.org/ko/category/electricity/semiconductor/
clock,자기,,https://javalab.org/ko/category/electricity/magnetism/
clock,전자기,,https://javalab.org/ko/category/electricity/electromagnetism/
clock,전자기파,,https://javalab.org/ko/category/electricity/electromagntic_wave/
clock,힘과 운동힘관성여러가지 운동충돌진동,,https://javalab.org/ko/category/mechanics/
clock,힘,,https://javalab.org/ko/category/mechanics/force/
clock,관성,,https://javalab.org/ko/category/mechanics/inertia/
clock,여러가지 운동,,https://javalab.org/ko/category/mechanics/movements/
clock,충돌,,https://javalab.org/ko/category/mechanics/collision/
clock,진동,,https://javalab.org/ko/category/mechanics/oscillation/
clock,일과 에너지일의 원리에너지의 변환,,https://javalab.org/ko/category/energy/
clock,일의 원리,,https://javalab.org/ko/category/energy/principle_of_work/
clock,에너지의 변환,,https://javalab.org/ko/category/energy/energy_conversion/
clock,빛과 파동반사굴절색파동파동의 간섭정상파,,https://javalab.org/ko/category/light_wave/
clock,반사,,https://javalab.org/ko/category/light_wave/reflection/
clock,굴절,,https://javalab.org/ko/category/light_wave/refraction/
clock,색,,https://javalab.org/ko/category/light_wave/color/
clock,파동,,https://javalab.org/ko/category/light_wave/wave/
clock,파동의 간섭,,https://javalab.org/ko/category/light_wave/interference/
clock,정상파,,https://javalab.org/ko/category/light_wave/standing_wave/
clock,원자원자 모형원자와 빛방사능,,https://javalab.org/ko/category/atoms/
clock,원자 모형,,https://javalab.org/ko/category/atoms/atomic_model/
clock,원자와 빛,,https://javalab.org/ko/category/atoms/atom_light/
clock,방사능,,https://javalab.org/ko/category/atoms/radioactivity/
clock,"화학기체, 액체, 고체열분자 운동용액화학 반응화학 결합전기 화학",,https://javalab.org/ko/category/chemistry/
clock,"기체, 액체, 고체",,https://javalab.org/ko/category/chemistry/gas/
clock,열,,https://javalab.org/ko/category/chemistry/heat/
clock,분자 운동,,https://javalab.org/ko/category/chemistry/molecules_in_motion/
clock,용액,,https://javalab.org/ko/category/chemistry/solution/
clock,화학 반응,,https://javalab.org/ko/category/chemistry/chemical_reaction/
clock,화학 결합,,https://javalab.org/ko/category/chemistry/chemical_bonds/
clock,전기 화학,,https://javalab.org/ko/category/chemistry/electrochemistry/
clock,지구대기지질,,https://javalab.org/ko/category/earth/
clock,대기,,https://javalab.org/ko/category/earth/atmosphere/
clock,지질,,https://javalab.org/ko/category/earth/geology/
clock,천문천체 관측지구달태양태양계별과 은하,,https://javalab.org/ko/category/astronomy/
clock,천체 관측,,https://javalab.org/ko/category/astronomy/celestial_observation/
clock,지구,,https://javalab.org/ko/category/astronomy/planet_earth/
clock,달,,https://javalab.org/ko/category/astronomy/moon/
clock,태양,,https://javalab.org/ko/category/astronomy/sun/
clock,태양계,,https://javalab.org/ko/category/astronomy/solar_system/
clock,별과 은하,,https://javalab.org/ko/category/astronomy/star/
clock,생명,,https://javalab.org/ko/category/biology/
clock,수학수학수학 그래픽스프랙털혼돈 이론,,https://javalab.org/ko/category/math/
clock,수학,,https://javalab.org/ko/category/math/mathematics/
clock,수학 그래픽스,,https://javalab.org/ko/category/math/math_graphics/
clock,프랙털,,https://javalab.org/ko/category/math/fractal/
clock,혼돈 이론,,https://javalab.org/ko/category/math/chaos/
clock,테크인공지능마이크로비트3D 프린팅블록 코딩퍼즐아두이노 무작정 따라하기브레드보드 기초 전자회로브레드보드 메이커 교실,,https://javalab.org/ko/category/tech/
clock,인공지능,,https://javalab.org/ko/category/tech/ai/
clock,마이크로비트,,https://javalab.org/ko/category/tech/microbit/
clock,3D 프린팅,,https://javalab.org/ko/category/tech/3d_printing/
clock,블록 코딩,,https://javalab.org/ko/category/tech/block_coding/
clock,퍼즐,,https://javalab.org/ko/category/tech/puzzle/
clock,아두이노 무작정 따라하기,,https://javalab.org/ko/category/tech/arduino/
clock,브레드보드 기초 전자회로,,https://javalab.org/ko/category/tech/breadboard_1/
clock,브레드보드 메이커 교실,,https://javalab.org/ko/category/tech/breadboard_maker/
clock,기타증강현실 (웹캠이용)3D (VR 이용)출판물강의 자료인용사례,,https://javalab.org/ko/category/ar/
clock,증강현실 (웹캠이용),,https://javalab.org/ko/category/ar/
clock,3D (VR 이용),,https://javalab.org/ko/category/3d_vr/
clock,출판물,,https://javalab.org/ko/category/books/
clock,강의 자료,,https://javalab.org/ko/category/resources/
clock,● 한국어,,https://javalab.org/ko/clock/
clock,● 한국어,,https://javalab.org/ko/clock/
color_shadow,마켓,,https://javalab.org/ko/category/market/
color_shadow,측정측정 일반데이터 과학 (CSV 파일)Javalab MBL상대성 이론,,https://javalab.org/ko/category/measure/
color_shadow,측정 일반,,https://javalab.org/ko/category/measure/measurement/
color_shadow,데이터 과학 (CSV 파일),,https://javalab.org/ko/category/measure/data_science/
color_shadow,Javalab MBL,,https://javalab.org/ko/category/measure/mbl/
color_shadow,상대성 이론,,https://javalab.org/ko/category/measure/relativity-ko/
color_shadow,전기와 자기정전기옴의 법칙전기 회로교류와 RLC회로반도체자기전자기전자기파,,https://javalab.org/ko/category/electricity/
color_shadow,정전기,,https://javalab.org/ko/category/electricity/static_electricity/
color_shadow,옴의 법칙,,https://javalab.org/ko/category/electricity/ohms_law/
color_shadow,전기 회로,,https://javalab.org/ko/category/electricity/electric_circuit/
color_shadow,교류와 RLC회로,,https://javalab.org/ko/category/electricity/ac_rlc/
color_shadow,반도체,,https://javalab.org/ko/category/electricity/semiconductor/
color_shadow,자기,,https://javalab.org/ko/category/electricity/magnetism/
color_shadow,전자기,,https://javalab.org/ko/category/electricity/electromagnetism/
color_shadow,전자기파,,https://javalab.org/ko/category/electricity/electromagntic_wave/
color_shadow,힘과 운동힘관성여러가지 운동충돌진동,,https://javalab.org/ko/category/mechanics/
color_shadow,힘,,https://javalab.org/ko/category/mechanics/force/
color_shadow,관성,,https://javalab.org/ko/category/mechanics/inertia/
color_shadow,여러가지 운동,,https://javalab.org/ko/category/mechanics/movements/
color_shadow,충돌,,https://javalab.org/ko/category/mechanics/collision/
color_shadow,진동,,https://javalab.org/ko/category/mechanics/oscillation/
color_shadow,일과 에너지일의 원리에너지의 변환,,https://javalab.org/ko/category/energy/
color_shadow,일의 원리,,https://javalab.org/ko/category/energy/principle_of_work/
color_shadow,에너지의 변환,,https://javalab.org/ko/category/energy/energy_conversion/
color_shadow,빛과 파동반사굴절색파동파동의 간섭정상파,,https://javalab.org/ko/category/light_wave/
color_shadow,반사,,https://javalab.org/ko/category/light_wave/reflection/
color_shadow,굴절,,https://javalab.org/ko/category/light_wave/refraction/
color_shadow,색,,https://javalab.org/ko/category/light_wave/color/
color_shadow,파동,,https://javalab.org/ko/category/light_wave/wave/
color_shadow,파동의 간섭,,https://javalab.org/ko/category/light_wave/interference/
color_shadow,정상파,,https://javalab.org/ko/category/light_wave/standing_wave/
color_shadow,원자원자 모형원자와 빛방사능,,https://javalab.org/ko/category/atoms/
color_shadow,원자 모형,,https://javalab.org/ko/category/atoms/atomic_model/
color_shadow,원자와 빛,,https://javalab.org/ko/category/atoms/atom_light/
color_shadow,방사능,,https://javalab.org/ko/category/atoms/radioactivity/
color_shadow,"화학기체, 액체, 고체열분자 운동용액화학 반응화학 결합전기 화학",,https://javalab.org/ko/category/chemistry/
color_shadow,"기체, 액체, 고체",,https://javalab.org/ko/category/chemistry/gas/
color_shadow,열,,https://javalab.org/ko/category/chemistry/heat/
color_shadow,분자 운동,,https://javalab.org/ko/category/chemistry/molecules_in_motion/
color_shadow,용액,,https://javalab.org/ko/category/chemistry/solution/
color_shadow,화학 반응,,https://javalab.org/ko/category/chemistry/chemical_reaction/
color_shadow,화학 결합,,https://javalab.org/ko/category/chemistry/chemical_bonds/
color_shadow,전기 화학,,https://javalab.org/ko/category/chemistry/electrochemistry/
color_shadow,지구대기지질,,https://javalab.org/ko/category/earth/
color_shadow,대기,,https://javalab.org/ko/category/earth/atmosphere/
color_shadow,지질,,https://javalab.org/ko/category/earth/geology/
color_shadow,천문천체 관측지구달태양태양계별과 은하,,https://javalab.org/ko/category/astronomy/
color_shadow,천체 관측,,https://javalab.org/ko/category/astronomy/celestial_observation/
color_shadow,지구,,https://javalab.org/ko/category/astronomy/planet_earth/
color_shadow,달,,https://javalab.org/ko/category/astronomy/moon/
color_shadow,태양,,https://javalab.org/ko/category/astronomy/sun/
color_shadow,태양계,,https://javalab.org/ko/category/astronomy/solar_system/
color_shadow,별과 은하,,https://javalab.org/ko/category/astronomy/star/
color_shadow,생명,,https://javalab.org/ko/category/biology/
color_shadow,수학수학수학 그래픽스프랙털혼돈 이론,,https://javalab.org/ko/category/math/
color_shadow,수학,,https://javalab.org/ko/category/math/mathematics/
color_shadow,수학 그래픽스,,https://javalab.org/ko/category/math/math_graphics/
color_shadow,프랙털,,https://javalab.org/ko/category/math/fractal/
color_shadow,혼돈 이론,,https://javalab.org/ko/category/math/chaos/
color_shadow,테크인공지능마이크로비트3D 프린팅블록 코딩퍼즐아두이노 무작정 따라하기브레드보드 기초 전자회로브레드보드 메이커 교실,,https://javalab.org/ko/category/tech/
color_shadow,인공지능,,https://javalab.org/ko/category/tech/ai/
color_shadow,마이크로비트,,https://javalab.org/ko/category/tech/microbit/
color_shadow,3D 프린팅,,https://javalab.org/ko/category/tech/3d_printing/
color_shadow,블록 코딩,,https://javalab.org/ko/category/tech/block_coding/
color_shadow,퍼즐,,https://javalab.org/ko/category/tech/puzzle/
color_shadow,아두이노 무작정 따라하기,,https://javalab.org/ko/category/tech/arduino/
color_shadow,브레드보드 기초 전자회로,,https://javalab.org/ko/category/tech/breadboard_1/
color_shadow,브레드보드 메이커 교실,,https://javalab.org/ko/category/tech/breadboard_maker/
color_shadow,기타증강현실 (웹캠이용)3D (VR 이용)출판물강의 자료인용사례,,https://javalab.org/ko/category/ar/
color_shadow,증강현실 (웹캠이용),,https://javalab.org/ko/category/ar/
color_shadow,3D (VR 이용),,https://javalab.org/ko/category/3d_vr/
color_shadow,출판물,,https://javalab.org/ko/category/books/
color_shadow,강의 자료,,https://javalab.org/ko/category/resources/
color_shadow,● 한국어,,https://javalab.org/ko/color_shadow/
color_shadow,● 한국어,,https://javalab.org/ko/color_shadow/
digestive_tract,마켓,,https://javalab.org/ko/category/market/
digestive_tract,측정측정 일반데이터 과학 (CSV 파일)Javalab MBL상대성 이론,,https://javalab.org/ko/category/measure/
digestive_tract,측정 일반,,https://javalab.org/ko/category/measure/measurement/
digestive_tract,데이터 과학 (CSV 파일),,https://javalab.org/ko/category/measure/data_science/
digestive_tract,Javalab MBL,,https://javalab.org/ko/category/measure/mbl/
digestive_tract,상대성 이론,,https://javalab.org/ko/category/measure/relativity-ko/
digestive_tract,전기와 자기정전기옴의 법칙전기 회로교류와 RLC회로반도체자기전자기전자기파,,https://javalab.org/ko/category/electricity/
digestive_tract,정전기,,https://javalab.org/ko/category/electricity/static_electricity/
digestive_tract,옴의 법칙,,https://javalab.org/ko/category/electricity/ohms_law/
digestive_tract,전기 회로,,https://javalab.org/ko/category/electricity/electric_circuit/
digestive_tract,교류와 RLC회로,,https://javalab.org/ko/category/electricity/ac_rlc/
digestive_tract,반도체,,https://javalab.org/ko/category/electricity/semiconductor/
digestive_tract,자기,,https://javalab.org/ko/category/electricity/magnetism/
digestive_tract,전자기,,https://javalab.org/ko/category/electricity/electromagnetism/
digestive_tract,전자기파,,https://javalab.org/ko/category/electricity/electromagntic_wave/
digestive_tract,힘과 운동힘관성여러가지 운동충돌진동,,https://javalab.org/ko/category/mechanics/
digestive_tract,힘,,https://javalab.org/ko/category/mechanics/force/
digestive_tract,관성,,https://javalab.org/ko/category/mechanics/inertia/
digestive_tract,여러가지 운동,,https://javalab.org/ko/category/mechanics/movements/
digestive_tract,충돌,,https://javalab.org/ko/category/mechanics/collision/
digestive_tract,진동,,https://javalab.org/ko/category/mechanics/oscillation/
digestive_tract,일과 에너지일의 원리에너지의 변환,,https://javalab.org/ko/category/energy/
digestive_tract,일의 원리,,https://javalab.org/ko/category/energy/principle_of_work/
digestive_tract,에너지의 변환,,https://javalab.org/ko/category/energy/energy_conversion/
digestive_tract,빛과 파동반사굴절색파동파동의 간섭정상파,,https://javalab.org/ko/category/light_wave/
digestive_tract,반사,,https://javalab.org/ko/category/light_wave/reflection/
digestive_tract,굴절,,https://javalab.org/ko/category/light_wave/refraction/
digestive_tract,색,,https://javalab.org/ko/category/light_wave/color/
digestive_tract,파동,,https://javalab.org/ko/category/light_wave/wave/
digestive_tract,파동의 간섭,,https://javalab.org/ko/category/light_wave/interference/
digestive_tract,정상파,,https://javalab.org/ko/category/light_wave/standing_wave/
digestive_tract,원자원자 모형원자와 빛방사능,,https://javalab.org/ko/category/atoms/
digestive_tract,원자 모형,,https://javalab.org/ko/category/atoms/atomic_model/
digestive_tract,원자와 빛,,https://javalab.org/ko/category/atoms/atom_light/
digestive_tract,방사능,,https://javalab.org/ko/category/atoms/radioactivity/
digestive_tract,"화학기체, 액체, 고체열분자 운동용액화학 반응화학 결합전기 화학",,https://javalab.org/ko/category/chemistry/
digestive_tract,"기체, 액체, 고체",,https://javalab.org/ko/category/chemistry/gas/
digestive_tract,열,,https://javalab.org/ko/category/chemistry/heat/
digestive_tract,분자 운동,,https://javalab.org/ko/category/chemistry/molecules_in_motion/
digestive_tract,용액,,https://javalab.org/ko/category/chemistry/solution/
digestive_tract,화학 반응,,https://javalab.org/ko/category/chemistry/chemical_reaction/
digestive_tract,화학 결합,,https://javalab.org/ko/category/chemistry/chemical_bonds/
digestive_tract,전기 화학,,https://javalab.org/ko/category/chemistry/electrochemistry/
digestive_tract,지구대기지질,,https://javalab.org/ko/category/earth/
digestive_tract,대기,,https://javalab.org/ko/category/earth/atmosphere/
digestive_tract,지질,,https://javalab.org/ko/category/earth/geology/
digestive_tract,천문천체 관측지구달태양태양계별과 은하,,https://javalab.org/ko/category/astronomy/
digestive_tract,천체 관측,,https://javalab.org/ko/category/astronomy/celestial_observation/
digestive_tract,지구,,https://javalab.org/ko/category/astronomy/planet_earth/
digestive_tract,달,,https://javalab.org/ko/category/astronomy/moon/
digestive_tract,태양,,https://javalab.org/ko/category/astronomy/sun/
digestive_tract,태양계,,https://javalab.org/ko/category/astronomy/solar_system/
digestive_tract,별과 은하,,https://javalab.org/ko/category/astronomy/star/
digestive_tract,생명,,https://javalab.org/ko/category/biology/
digestive_tract,수학수학수학 그래픽스프랙털혼돈 이론,,https://javalab.org/ko/category/math/
digestive_tract,수학,,https://javalab.org/ko/category/math/mathematics/
digestive_tract,수학 그래픽스,,https://javalab.org/ko/category/math/math_graphics/
digestive_tract,프랙털,,https://javalab.org/ko/category/math/fractal/
digestive_tract,혼돈 이론,,https://javalab.org/ko/category/math/chaos/
digestive_tract,테크인공지능마이크로비트3D 프린팅블록 코딩퍼즐아두이노 무작정 따라하기브레드보드 기초 전자회로브레드보드 메이커 교실,,https://javalab.org/ko/category/tech/
digestive_tract,인공지능,,https://javalab.org/ko/category/tech/ai/
digestive_tract,마이크로비트,,https://javalab.org/ko/category/tech/microbit/
digestive_tract,3D 프린팅,,https://javalab.org/ko/category/tech/3d_printing/
digestive_tract,블록 코딩,,https://javalab.org/ko/category/tech/block_coding/
digestive_tract,퍼즐,,https://javalab.org/ko/category/tech/puzzle/
digestive_tract,아두이노 무작정 따라하기,,https://javalab.org/ko/category/tech/arduino/
digestive_tract,브레드보드 기초 전자회로,,https://javalab.org/ko/category/tech/breadboard_1/
digestive_tract,브레드보드 메이커 교실,,https://javalab.org/ko/category/tech/breadboard_maker/
digestive_tract,기타증강현실 (웹캠이용)3D (VR 이용)출판물강의 자료인용사례,,https://javalab.org/ko/category/ar/
digestive_tract,증강현실 (웹캠이용),,https://javalab.org/ko/category/ar/
digestive_tract,3D (VR 이용),,https://javalab.org/ko/category/3d_vr/
digestive_tract,출판물,,https://javalab.org/ko/category/books/
digestive_tract,강의 자료,,https://javalab.org/ko/category/resources/
digestive_tract,● 한국어,,https://javalab.org/ko/digestive_tract/
digestive_tract,● 한국어,,https://javalab.org/ko/digestive_tract/
element,마켓,,https://javalab.org/ko/category/market/
element,측정측정 일반데이터 과학 (CSV 파일)Javalab MBL상대성 이론,,https://javalab.org/ko/category/measure/
element,측정 일반,,https://javalab.org/ko/category/measure/measurement/
element,데이터 과학 (CSV 파일),,https://javalab.org/ko/category/measure/data_science/
element,Javalab MBL,,https://javalab.org/ko/category/measure/mbl/
element,상대성 이론,,https://javalab.org/ko/category/measure/relativity-ko/
element,전기와 자기정전기옴의 법칙전기 회로교류와 RLC회로반도체자기전자기전자기파,,https://javalab.org/ko/category/electricity/
element,정전기,,https://javalab.org/ko/category/electricity/static_electricity/
element,옴의 법칙,,https://javalab.org/ko/category/electricity/ohms_law/
element,전기 회로,,https://javalab.org/ko/category/electricity/electric_circuit/
element,교류와 RLC회로,,https://javalab.org/ko/category/electricity/ac_rlc/
element,반도체,,https://javalab.org/ko/category/electricity/semiconductor/
element,자기,,https://javalab.org/ko/category/electricity/magnetism/
element,전자기,,https://javalab.org/ko/category/electricity/electromagnetism/
element,전자기파,,https://javalab.org/ko/category/electricity/electromagntic_wave/
element,힘과 운동힘관성여러가지 운동충돌진동,,https://javalab.org/ko/category/mechanics/
element,힘,,https://javalab.org/ko/category/mechanics/force/
element,관성,,https://javalab.org/ko/category/mechanics/inertia/
element,여러가지 운동,,https://javalab.org/ko/category/mechanics/movements/
element,충돌,,https://javalab.org/ko/category/mechanics/collision/
element,진동,,https://javalab.org/ko/category/mechanics/oscillation/
element,일과 에너지일의 원리에너지의 변환,,https://javalab.org/ko/category/energy/
element,일의 원리,,https://javalab.org/ko/category/energy/principle_of_work/
element,에너지의 변환,,https://javalab.org/ko/category/energy/energy_conversion/
element,빛과 파동반사굴절색파동파동의 간섭정상파,,https://javalab.org/ko/category/light_wave/
element,반사,,https://javalab.org/ko/category/light_wave/reflection/
element,굴절,,https://javalab.org/ko/category/light_wave/refraction/
element,색,,https://javalab.org/ko/category/light_wave/color/
element,파동,,https://javalab.org/ko/category/light_wave/wave/
element,파동의 간섭,,https://javalab.org/ko/category/light_wave/interference/
element,정상파,,https://javalab.org/ko/category/light_wave/standing_wave/
element,원자원자 모형원자와 빛방사능,,https://javalab.org/ko/category/atoms/
element,원자 모형,,https://javalab.org/ko/category/atoms/atomic_model/
element,원자와 빛,,https://javalab.org/ko/category/atoms/atom_light/
element,방사능,,https://javalab.org/ko/category/atoms/radioactivity/
element,"화학기체, 액체, 고체열분자 운동용액화학 반응화학 결합전기 화학",,https://javalab.org/ko/category/chemistry/
element,"기체, 액체, 고체",,https://javalab.org/ko/category/chemistry/gas/
element,열,,https://javalab.org/ko/category/chemistry/heat/
element,분자 운동,,https://javalab.org/ko/category/chemistry/molecules_in_motion/
element,용액,,https://javalab.org/ko/category/chemistry/solution/
element,화학 반응,,https://javalab.org/ko/category/chemistry/chemical_reaction/
element,화학 결합,,https://javalab.org/ko/category/chemistry/chemical_bonds/
element,전기 화학,,https://javalab.org/ko/category/chemistry/electrochemistry/
element,지구대기지질,,https://javalab.org/ko/category/earth/
element,대기,,https://javalab.org/ko/category/earth/atmosphere/
element,지질,,https://javalab.org/ko/category/earth/geology/
element,천문천체 관측지구달태양태양계별과 은하,,https://javalab.org/ko/category/astronomy/
element,천체 관측,,https://javalab.org/ko/category/astronomy/celestial_observation/
element,지구,,https://javalab.org/ko/category/astronomy/planet_earth/
element,달,,https://javalab.org/ko/category/astronomy/moon/
element,태양,,https://javalab.org/ko/category/astronomy/sun/
element,태양계,,https://javalab.org/ko/category/astronomy/solar_system/
element,별과 은하,,https://javalab.org/ko/category/astronomy/star/
element,생명,,https://javalab.org/ko/category/biology/
element,수학수학수학 그래픽스프랙털혼돈 이론,,https://javalab.org/ko/category/math/
element,수학,,https://javalab.org/ko/category/math/mathematics/
element,수학 그래픽스,,https://javalab.org/ko/category/math/math_graphics/
element,프랙털,,https://javalab.org/ko/category/math/fractal/
element,혼돈 이론,,https://javalab.org/ko/category/math/chaos/
element,테크인공지능마이크로비트3D 프린팅블록 코딩퍼즐아두이노 무작정 따라하기브레드보드 기초 전자회로브레드보드 메이커 교실,,https://javalab.org/ko/category/tech/
element,인공지능,,https://javalab.org/ko/category/tech/ai/
element,마이크로비트,,https://javalab.org/ko/category/tech/microbit/
element,3D 프린팅,,https://javalab.org/ko/category/tech/3d_printing/
element,블록 코딩,,https://javalab.org/ko/category/tech/block_coding/
element,퍼즐,,https://javalab.org/ko/category/tech/puzzle/
element,아두이노 무작정 따라하기,,https://javalab.org/ko/category/tech/arduino/
element,브레드보드 기초 전자회로,,https://javalab.org/ko/category/tech/breadboard_1/
element,브레드보드 메이커 교실,,https://javalab.org/ko/category/tech/breadboard_maker/
element,기타증강현실 (웹캠이용)3D (VR 이용)출판물강의 자료인용사례,,https://javalab.org/ko/category/ar/
element,증강현실 (웹캠이용),,https://javalab.org/ko/category/ar/
element,3D (VR 이용),,https://javalab.org/ko/category/3d_vr/
element,출판물,,https://javalab.org/ko/category/books/
element,강의 자료,,https://javalab.org/ko/category/resources/
element,● 한국어,,https://javalab.org/ko/element/
element,원소 기호 타이핑 버블 게임 (스코어 보드 접수 집계)2026-08-022026-07-18이 페이지는원소기호 타이핑 버블 게임의 시작 화면입니다.선생님이 게임을 개설하면 접속용 Q,,https://javalab.org/ko/element_game/
element,원소 기호 타이핑 버블 게임 (스코어 보드 접수 집계)2026-08-022026-07-18이 페이지는원소기호 타이핑 버블 게임의 시작 화면입니다.선생님이 게임을 개설하면 접속용 Q,,https://javalab.org/ko/element_game/
element,이 페이지는원소기호 타이핑 버블 게임의 시작 화면입니다.선생님이 게임을 개설하면 접속용 QR코드와 점수 집계판이 화면에 표시됩니다.학생은 QR코드를 통해 게임에 접속하여 게임을 시,,https://javalab.org/ko/element_game/
element,● 한국어,,https://javalab.org/ko/element/
heart_rate_counter,마켓,,https://javalab.org/ko/category/market/
heart_rate_counter,측정측정 일반데이터 과학 (CSV 파일)Javalab MBL상대성 이론,,https://javalab.org/ko/category/measure/
heart_rate_counter,측정 일반,,https://javalab.org/ko/category/measure/measurement/
heart_rate_counter,데이터 과학 (CSV 파일),,https://javalab.org/ko/category/measure/data_science/
heart_rate_counter,Javalab MBL,,https://javalab.org/ko/category/measure/mbl/
heart_rate_counter,상대성 이론,,https://javalab.org/ko/category/measure/relativity-ko/
heart_rate_counter,전기와 자기정전기옴의 법칙전기 회로교류와 RLC회로반도체자기전자기전자기파,,https://javalab.org/ko/category/electricity/
heart_rate_counter,정전기,,https://javalab.org/ko/category/electricity/static_electricity/
heart_rate_counter,옴의 법칙,,https://javalab.org/ko/category/electricity/ohms_law/
heart_rate_counter,전기 회로,,https://javalab.org/ko/category/electricity/electric_circuit/
heart_rate_counter,교류와 RLC회로,,https://javalab.org/ko/category/electricity/ac_rlc/
heart_rate_counter,반도체,,https://javalab.org/ko/category/electricity/semiconductor/
heart_rate_counter,자기,,https://javalab.org/ko/category/electricity/magnetism/
heart_rate_counter,전자기,,https://javalab.org/ko/category/electricity/electromagnetism/
heart_rate_counter,전자기파,,https://javalab.org/ko/category/electricity/electromagntic_wave/
heart_rate_counter,힘과 운동힘관성여러가지 운동충돌진동,,https://javalab.org/ko/category/mechanics/
heart_rate_counter,힘,,https://javalab.org/ko/category/mechanics/force/
heart_rate_counter,관성,,https://javalab.org/ko/category/mechanics/inertia/
heart_rate_counter,여러가지 운동,,https://javalab.org/ko/category/mechanics/movements/
heart_rate_counter,충돌,,https://javalab.org/ko/category/mechanics/collision/
heart_rate_counter,진동,,https://javalab.org/ko/category/mechanics/oscillation/
heart_rate_counter,일과 에너지일의 원리에너지의 변환,,https://javalab.org/ko/category/energy/
heart_rate_counter,일의 원리,,https://javalab.org/ko/category/energy/principle_of_work/
heart_rate_counter,에너지의 변환,,https://javalab.org/ko/category/energy/energy_conversion/
heart_rate_counter,빛과 파동반사굴절색파동파동의 간섭정상파,,https://javalab.org/ko/category/light_wave/
heart_rate_counter,반사,,https://javalab.org/ko/category/light_wave/reflection/
heart_rate_counter,굴절,,https://javalab.org/ko/category/light_wave/refraction/
heart_rate_counter,색,,https://javalab.org/ko/category/light_wave/color/
heart_rate_counter,파동,,https://javalab.org/ko/category/light_wave/wave/
heart_rate_counter,파동의 간섭,,https://javalab.org/ko/category/light_wave/interference/
heart_rate_counter,정상파,,https://javalab.org/ko/category/light_wave/standing_wave/
heart_rate_counter,원자원자 모형원자와 빛방사능,,https://javalab.org/ko/category/atoms/
heart_rate_counter,원자 모형,,https://javalab.org/ko/category/atoms/atomic_model/
heart_rate_counter,원자와 빛,,https://javalab.org/ko/category/atoms/atom_light/
heart_rate_counter,방사능,,https://javalab.org/ko/category/atoms/radioactivity/
heart_rate_counter,"화학기체, 액체, 고체열분자 운동용액화학 반응화학 결합전기 화학",,https://javalab.org/ko/category/chemistry/
heart_rate_counter,"기체, 액체, 고체",,https://javalab.org/ko/category/chemistry/gas/
heart_rate_counter,열,,https://javalab.org/ko/category/chemistry/heat/
heart_rate_counter,분자 운동,,https://javalab.org/ko/category/chemistry/molecules_in_motion/
heart_rate_counter,용액,,https://javalab.org/ko/category/chemistry/solution/
heart_rate_counter,화학 반응,,https://javalab.org/ko/category/chemistry/chemical_reaction/
heart_rate_counter,화학 결합,,https://javalab.org/ko/category/chemistry/chemical_bonds/
heart_rate_counter,전기 화학,,https://javalab.org/ko/category/chemistry/electrochemistry/
heart_rate_counter,지구대기지질,,https://javalab.org/ko/category/earth/
heart_rate_counter,대기,,https://javalab.org/ko/category/earth/atmosphere/
heart_rate_counter,지질,,https://javalab.org/ko/category/earth/geology/
heart_rate_counter,천문천체 관측지구달태양태양계별과 은하,,https://javalab.org/ko/category/astronomy/
heart_rate_counter,천체 관측,,https://javalab.org/ko/category/astronomy/celestial_observation/
heart_rate_counter,지구,,https://javalab.org/ko/category/astronomy/planet_earth/
heart_rate_counter,달,,https://javalab.org/ko/category/astronomy/moon/
heart_rate_counter,태양,,https://javalab.org/ko/category/astronomy/sun/
heart_rate_counter,태양계,,https://javalab.org/ko/category/astronomy/solar_system/
heart_rate_counter,별과 은하,,https://javalab.org/ko/category/astronomy/star/
heart_rate_counter,생명,,https://javalab.org/ko/category/biology/
heart_rate_counter,수학수학수학 그래픽스프랙털혼돈 이론,,https://javalab.org/ko/category/math/
heart_rate_counter,수학,,https://javalab.org/ko/category/math/mathematics/
heart_rate_counter,수학 그래픽스,,https://javalab.org/ko/category/math/math_graphics/
heart_rate_counter,프랙털,,https://javalab.org/ko/category/math/fractal/
heart_rate_counter,혼돈 이론,,https://javalab.org/ko/category/math/chaos/
heart_rate_counter,테크인공지능마이크로비트3D 프린팅블록 코딩퍼즐아두이노 무작정 따라하기브레드보드 기초 전자회로브레드보드 메이커 교실,,https://javalab.org/ko/category/tech/
heart_rate_counter,인공지능,,https://javalab.org/ko/category/tech/ai/
heart_rate_counter,마이크로비트,,https://javalab.org/ko/category/tech/microbit/
heart_rate_counter,3D 프린팅,,https://javalab.org/ko/category/tech/3d_printing/
heart_rate_counter,블록 코딩,,https://javalab.org/ko/category/tech/block_coding/
heart_rate_counter,퍼즐,,https://javalab.org/ko/category/tech/puzzle/
heart_rate_counter,아두이노 무작정 따라하기,,https://javalab.org/ko/category/tech/arduino/
heart_rate_counter,브레드보드 기초 전자회로,,https://javalab.org/ko/category/tech/breadboard_1/
heart_rate_counter,브레드보드 메이커 교실,,https://javalab.org/ko/category/tech/breadboard_maker/
heart_rate_counter,기타증강현실 (웹캠이용)3D (VR 이용)출판물강의 자료인용사례,,https://javalab.org/ko/category/ar/
heart_rate_counter,증강현실 (웹캠이용),,https://javalab.org/ko/category/ar/
heart_rate_counter,3D (VR 이용),,https://javalab.org/ko/category/3d_vr/
heart_rate_counter,출판물,,https://javalab.org/ko/category/books/
heart_rate_counter,강의 자료,,https://javalab.org/ko/category/resources/
heart_rate_counter,● 한국어,,https://javalab.org/ko/heart_rate_counter/
heart_rate_counter,● 한국어,,https://javalab.org/ko/heart_rate_counter/
javalab_market,마켓,,https://javalab.org/ko/category/market/
javalab_market,측정측정 일반데이터 과학 (CSV 파일)Javalab MBL상대성 이론,,https://javalab.org/ko/category/measure/
javalab_market,측정 일반,,https://javalab.org/ko/category/measure/measurement/
javalab_market,데이터 과학 (CSV 파일),,https://javalab.org/ko/category/measure/data_science/
javalab_market,Javalab MBL,,https://javalab.org/ko/category/measure/mbl/
javalab_market,상대성 이론,,https://javalab.org/ko/category/measure/relativity-ko/
javalab_market,전기와 자기정전기옴의 법칙전기 회로교류와 RLC회로반도체자기전자기전자기파,,https://javalab.org/ko/category/electricity/
javalab_market,정전기,,https://javalab.org/ko/category/electricity/static_electricity/
javalab_market,옴의 법칙,,https://javalab.org/ko/category/electricity/ohms_law/
javalab_market,전기 회로,,https://javalab.org/ko/category/electricity/electric_circuit/
javalab_market,교류와 RLC회로,,https://javalab.org/ko/category/electricity/ac_rlc/
javalab_market,반도체,,https://javalab.org/ko/category/electricity/semiconductor/
javalab_market,자기,,https://javalab.org/ko/category/electricity/magnetism/
javalab_market,전자기,,https://javalab.org/ko/category/electricity/electromagnetism/
javalab_market,전자기파,,https://javalab.org/ko/category/electricity/electromagntic_wave/
javalab_market,힘과 운동힘관성여러가지 운동충돌진동,,https://javalab.org/ko/category/mechanics/
javalab_market,힘,,https://javalab.org/ko/category/mechanics/force/
javalab_market,관성,,https://javalab.org/ko/category/mechanics/inertia/
javalab_market,여러가지 운동,,https://javalab.org/ko/category/mechanics/movements/
javalab_market,충돌,,https://javalab.org/ko/category/mechanics/collision/
javalab_market,진동,,https://javalab.org/ko/category/mechanics/oscillation/
javalab_market,일과 에너지일의 원리에너지의 변환,,https://javalab.org/ko/category/energy/
javalab_market,일의 원리,,https://javalab.org/ko/category/energy/principle_of_work/
javalab_market,에너지의 변환,,https://javalab.org/ko/category/energy/energy_conversion/
javalab_market,빛과 파동반사굴절색파동파동의 간섭정상파,,https://javalab.org/ko/category/light_wave/
javalab_market,반사,,https://javalab.org/ko/category/light_wave/reflection/
javalab_market,굴절,,https://javalab.org/ko/category/light_wave/refraction/
javalab_market,색,,https://javalab.org/ko/category/light_wave/color/
javalab_market,파동,,https://javalab.org/ko/category/light_wave/wave/
javalab_market,파동의 간섭,,https://javalab.org/ko/category/light_wave/interference/
javalab_market,정상파,,https://javalab.org/ko/category/light_wave/standing_wave/
javalab_market,원자원자 모형원자와 빛방사능,,https://javalab.org/ko/category/atoms/
javalab_market,원자 모형,,https://javalab.org/ko/category/atoms/atomic_model/
javalab_market,원자와 빛,,https://javalab.org/ko/category/atoms/atom_light/
javalab_market,방사능,,https://javalab.org/ko/category/atoms/radioactivity/
javalab_market,"화학기체, 액체, 고체열분자 운동용액화학 반응화학 결합전기 화학",,https://javalab.org/ko/category/chemistry/
javalab_market,"기체, 액체, 고체",,https://javalab.org/ko/category/chemistry/gas/
javalab_market,열,,https://javalab.org/ko/category/chemistry/heat/
javalab_market,분자 운동,,https://javalab.org/ko/category/chemistry/molecules_in_motion/
javalab_market,용액,,https://javalab.org/ko/category/chemistry/solution/
javalab_market,화학 반응,,https://javalab.org/ko/category/chemistry/chemical_reaction/
javalab_market,화학 결합,,https://javalab.org/ko/category/chemistry/chemical_bonds/
javalab_market,전기 화학,,https://javalab.org/ko/category/chemistry/electrochemistry/
javalab_market,지구대기지질,,https://javalab.org/ko/category/earth/
javalab_market,대기,,https://javalab.org/ko/category/earth/atmosphere/
javalab_market,지질,,https://javalab.org/ko/category/earth/geology/
javalab_market,천문천체 관측지구달태양태양계별과 은하,,https://javalab.org/ko/category/astronomy/
javalab_market,천체 관측,,https://javalab.org/ko/category/astronomy/celestial_observation/
javalab_market,지구,,https://javalab.org/ko/category/astronomy/planet_earth/
javalab_market,달,,https://javalab.org/ko/category/astronomy/moon/
javalab_market,태양,,https://javalab.org/ko/category/astronomy/sun/
javalab_market,태양계,,https://javalab.org/ko/category/astronomy/solar_system/
javalab_market,별과 은하,,https://javalab.org/ko/category/astronomy/star/
javalab_market,생명,,https://javalab.org/ko/category/biology/
javalab_market,수학수학수학 그래픽스프랙털혼돈 이론,,https://javalab.org/ko/category/math/
javalab_market,수학,,https://javalab.org/ko/category/math/mathematics/
javalab_market,수학 그래픽스,,https://javalab.org/ko/category/math/math_graphics/
javalab_market,프랙털,,https://javalab.org/ko/category/math/fractal/
javalab_market,혼돈 이론,,https://javalab.org/ko/category/math/chaos/
javalab_market,테크인공지능마이크로비트3D 프린팅블록 코딩퍼즐아두이노 무작정 따라하기브레드보드 기초 전자회로브레드보드 메이커 교실,,https://javalab.org/ko/category/tech/
javalab_market,인공지능,,https://javalab.org/ko/category/tech/ai/
javalab_market,마이크로비트,,https://javalab.org/ko/category/tech/microbit/
javalab_market,3D 프린팅,,https://javalab.org/ko/category/tech/3d_printing/
javalab_market,블록 코딩,,https://javalab.org/ko/category/tech/block_coding/
javalab_market,퍼즐,,https://javalab.org/ko/category/tech/puzzle/
javalab_market,아두이노 무작정 따라하기,,https://javalab.org/ko/category/tech/arduino/
javalab_market,브레드보드 기초 전자회로,,https://javalab.org/ko/category/tech/breadboard_1/
javalab_market,브레드보드 메이커 교실,,https://javalab.org/ko/category/tech/breadboard_maker/
javalab_market,기타증강현실 (웹캠이용)3D (VR 이용)출판물강의 자료인용사례,,https://javalab.org/ko/category/ar/
javalab_market,증강현실 (웹캠이용),,https://javalab.org/ko/category/ar/
javalab_market,3D (VR 이용),,https://javalab.org/ko/category/3d_vr/
javalab_market,출판물,,https://javalab.org/ko/category/books/
javalab_market,강의 자료,,https://javalab.org/ko/category/resources/
javalab_market,● 한국어,,https://javalab.org/ko/javalab_market/
javalab_market,자바실험실마켓2026-08-302026-08-22클릭하면 마켓으로 이동합니다.카테고리자바실험실마켓,,https://javalab.org/ko/category/market/
javalab_market,자바실험실마켓2026-08-302026-08-22클릭하면 마켓으로 이동합니다.카테고리자바실험실마켓,,https://javalab.org/ko/category/market/
javalab_market,● 한국어,,https://javalab.org/ko/javalab_market/
life_game,마켓,,https://javalab.org/ko/category/market/
life_game,측정측정 일반데이터 과학 (CSV 파일)Javalab MBL상대성 이론,,https://javalab.org/ko/category/measure/
life_game,측정 일반,,https://javalab.org/ko/category/measure/measurement/
life_game,데이터 과학 (CSV 파일),,https://javalab.org/ko/category/measure/data_science/
life_game,Javalab MBL,,https://javalab.org/ko/category/measure/mbl/
life_game,상대성 이론,,https://javalab.org/ko/category/measure/relativity-ko/
life_game,전기와 자기정전기옴의 법칙전기 회로교류와 RLC회로반도체자기전자기전자기파,,https://javalab.org/ko/category/electricity/
life_game,정전기,,https://javalab.org/ko/category/electricity/static_electricity/
life_game,옴의 법칙,,https://javalab.org/ko/category/electricity/ohms_law/
life_game,전기 회로,,https://javalab.org/ko/category/electricity/electric_circuit/
life_game,교류와 RLC회로,,https://javalab.org/ko/category/electricity/ac_rlc/
life_game,반도체,,https://javalab.org/ko/category/electricity/semiconductor/
life_game,자기,,https://javalab.org/ko/category/electricity/magnetism/
life_game,전자기,,https://javalab.org/ko/category/electricity/electromagnetism/
life_game,전자기파,,https://javalab.org/ko/category/electricity/electromagntic_wave/
life_game,힘과 운동힘관성여러가지 운동충돌진동,,https://javalab.org/ko/category/mechanics/
life_game,힘,,https://javalab.org/ko/category/mechanics/force/
life_game,관성,,https://javalab.org/ko/category/mechanics/inertia/
life_game,여러가지 운동,,https://javalab.org/ko/category/mechanics/movements/
life_game,충돌,,https://javalab.org/ko/category/mechanics/collision/
life_game,진동,,https://javalab.org/ko/category/mechanics/oscillation/
life_game,일과 에너지일의 원리에너지의 변환,,https://javalab.org/ko/category/energy/
life_game,일의 원리,,https://javalab.org/ko/category/energy/principle_of_work/
life_game,에너지의 변환,,https://javalab.org/ko/category/energy/energy_conversion/
life_game,빛과 파동반사굴절색파동파동의 간섭정상파,,https://javalab.org/ko/category/light_wave/
life_game,반사,,https://javalab.org/ko/category/light_wave/reflection/
life_game,굴절,,https://javalab.org/ko/category/light_wave/refraction/
life_game,색,,https://javalab.org/ko/category/light_wave/color/
life_game,파동,,https://javalab.org/ko/category/light_wave/wave/
life_game,파동의 간섭,,https://javalab.org/ko/category/light_wave/interference/
life_game,정상파,,https://javalab.org/ko/category/light_wave/standing_wave/
life_game,원자원자 모형원자와 빛방사능,,https://javalab.org/ko/category/atoms/
life_game,원자 모형,,https://javalab.org/ko/category/atoms/atomic_model/
life_game,원자와 빛,,https://javalab.org/ko/category/atoms/atom_light/
life_game,방사능,,https://javalab.org/ko/category/atoms/radioactivity/
life_game,"화학기체, 액체, 고체열분자 운동용액화학 반응화학 결합전기 화학",,https://javalab.org/ko/category/chemistry/
life_game,"기체, 액체, 고체",,https://javalab.org/ko/category/chemistry/gas/
life_game,열,,https://javalab.org/ko/category/chemistry/heat/
life_game,분자 운동,,https://javalab.org/ko/category/chemistry/molecules_in_motion/
life_game,용액,,https://javalab.org/ko/category/chemistry/solution/
life_game,화학 반응,,https://javalab.org/ko/category/chemistry/chemical_reaction/
life_game,화학 결합,,https://javalab.org/ko/category/chemistry/chemical_bonds/
life_game,전기 화학,,https://javalab.org/ko/category/chemistry/electrochemistry/
life_game,지구대기지질,,https://javalab.org/ko/category/earth/
life_game,대기,,https://javalab.org/ko/category/earth/atmosphere/
life_game,지질,,https://javalab.org/ko/category/earth/geology/
life_game,천문천체 관측지구달태양태양계별과 은하,,https://javalab.org/ko/category/astronomy/
life_game,천체 관측,,https://javalab.org/ko/category/astronomy/celestial_observation/
life_game,지구,,https://javalab.org/ko/category/astronomy/planet_earth/
life_game,달,,https://javalab.org/ko/category/astronomy/moon/
life_game,태양,,https://javalab.org/ko/category/astronomy/sun/
life_game,태양계,,https://javalab.org/ko/category/astronomy/solar_system/
life_game,별과 은하,,https://javalab.org/ko/category/astronomy/star/
life_game,생명,,https://javalab.org/ko/category/biology/
life_game,수학수학수학 그래픽스프랙털혼돈 이론,,https://javalab.org/ko/category/math/
life_game,수학,,https://javalab.org/ko/category/math/mathematics/
life_game,수학 그래픽스,,https://javalab.org/ko/category/math/math_graphics/
life_game,프랙털,,https://javalab.org/ko/category/math/fractal/
life_game,혼돈 이론,,https://javalab.org/ko/category/math/chaos/
life_game,테크인공지능마이크로비트3D 프린팅블록 코딩퍼즐아두이노 무작정 따라하기브레드보드 기초 전자회로브레드보드 메이커 교실,,https://javalab.org/ko/category/tech/
life_game,인공지능,,https://javalab.org/ko/category/tech/ai/
life_game,마이크로비트,,https://javalab.org/ko/category/tech/microbit/
life_game,3D 프린팅,,https://javalab.org/ko/category/tech/3d_printing/
life_game,블록 코딩,,https://javalab.org/ko/category/tech/block_coding/
life_game,퍼즐,,https://javalab.org/ko/category/tech/puzzle/
life_game,아두이노 무작정 따라하기,,https://javalab.org/ko/category/tech/arduino/
life_game,브레드보드 기초 전자회로,,https://javalab.org/ko/category/tech/breadboard_1/
life_game,브레드보드 메이커 교실,,https://javalab.org/ko/category/tech/breadboard_maker/
life_game,기타증강현실 (웹캠이용)3D (VR 이용)출판물강의 자료인용사례,,https://javalab.org/ko/category/ar/
life_game,증강현실 (웹캠이용),,https://javalab.org/ko/category/ar/
life_game,3D (VR 이용),,https://javalab.org/ko/category/3d_vr/
life_game,출판물,,https://javalab.org/ko/category/books/
life_game,강의 자료,,https://javalab.org/ko/category/resources/
life_game,● 한국어,,https://javalab.org/ko/life_game/
life_game,● 한국어,,https://javalab.org/ko/life_game/
oersteds_3d,마켓,,https://javalab.org/ko/category/market/
oersteds_3d,측정측정 일반데이터 과학 (CSV 파일)Javalab MBL상대성 이론,,https://javalab.org/ko/category/measure/
oersteds_3d,측정 일반,,https://javalab.org/ko/category/measure/measurement/
oersteds_3d,데이터 과학 (CSV 파일),,https://javalab.org/ko/category/measure/data_science/
oersteds_3d,Javalab MBL,,https://javalab.org/ko/category/measure/mbl/
oersteds_3d,상대성 이론,,https://javalab.org/ko/category/measure/relativity-ko/
oersteds_3d,전기와 자기정전기옴의 법칙전기 회로교류와 RLC회로반도체자기전자기전자기파,,https://javalab.org/ko/category/electricity/
oersteds_3d,정전기,,https://javalab.org/ko/category/electricity/static_electricity/
oersteds_3d,옴의 법칙,,https://javalab.org/ko/category/electricity/ohms_law/
oersteds_3d,전기 회로,,https://javalab.org/ko/category/electricity/electric_circuit/
oersteds_3d,교류와 RLC회로,,https://javalab.org/ko/category/electricity/ac_rlc/
oersteds_3d,반도체,,https://javalab.org/ko/category/electricity/semiconductor/
oersteds_3d,자기,,https://javalab.org/ko/category/electricity/magnetism/
oersteds_3d,전자기,,https://javalab.org/ko/category/electricity/electromagnetism/
oersteds_3d,전자기파,,https://javalab.org/ko/category/electricity/electromagntic_wave/
oersteds_3d,힘과 운동힘관성여러가지 운동충돌진동,,https://javalab.org/ko/category/mechanics/
oersteds_3d,힘,,https://javalab.org/ko/category/mechanics/force/
oersteds_3d,관성,,https://javalab.org/ko/category/mechanics/inertia/
oersteds_3d,여러가지 운동,,https://javalab.org/ko/category/mechanics/movements/
oersteds_3d,충돌,,https://javalab.org/ko/category/mechanics/collision/
oersteds_3d,진동,,https://javalab.org/ko/category/mechanics/oscillation/
oersteds_3d,일과 에너지일의 원리에너지의 변환,,https://javalab.org/ko/category/energy/
oersteds_3d,일의 원리,,https://javalab.org/ko/category/energy/principle_of_work/
oersteds_3d,에너지의 변환,,https://javalab.org/ko/category/energy/energy_conversion/
oersteds_3d,빛과 파동반사굴절색파동파동의 간섭정상파,,https://javalab.org/ko/category/light_wave/
oersteds_3d,반사,,https://javalab.org/ko/category/light_wave/reflection/
oersteds_3d,굴절,,https://javalab.org/ko/category/light_wave/refraction/
oersteds_3d,색,,https://javalab.org/ko/category/light_wave/color/
oersteds_3d,파동,,https://javalab.org/ko/category/light_wave/wave/
oersteds_3d,파동의 간섭,,https://javalab.org/ko/category/light_wave/interference/
oersteds_3d,정상파,,https://javalab.org/ko/category/light_wave/standing_wave/
oersteds_3d,원자원자 모형원자와 빛방사능,,https://javalab.org/ko/category/atoms/
oersteds_3d,원자 모형,,https://javalab.org/ko/category/atoms/atomic_model/
oersteds_3d,원자와 빛,,https://javalab.org/ko/category/atoms/atom_light/
oersteds_3d,방사능,,https://javalab.org/ko/category/atoms/radioactivity/
oersteds_3d,"화학기체, 액체, 고체열분자 운동용액화학 반응화학 결합전기 화학",,https://javalab.org/ko/category/chemistry/
oersteds_3d,"기체, 액체, 고체",,https://javalab.org/ko/category/chemistry/gas/
oersteds_3d,열,,https://javalab.org/ko/category/chemistry/heat/
oersteds_3d,분자 운동,,https://javalab.org/ko/category/chemistry/molecules_in_motion/
oersteds_3d,용액,,https://javalab.org/ko/category/chemistry/solution/
oersteds_3d,화학 반응,,https://javalab.org/ko/category/chemistry/chemical_reaction/
oersteds_3d,화학 결합,,https://javalab.org/ko/category/chemistry/chemical_bonds/
oersteds_3d,전기 화학,,https://javalab.org/ko/category/chemistry/electrochemistry/
oersteds_3d,지구대기지질,,https://javalab.org/ko/category/earth/
oersteds_3d,대기,,https://javalab.org/ko/category/earth/atmosphere/
oersteds_3d,지질,,https://javalab.org/ko/category/earth/geology/
oersteds_3d,천문천체 관측지구달태양태양계별과 은하,,https://javalab.org/ko/category/astronomy/
oersteds_3d,천체 관측,,https://javalab.org/ko/category/astronomy/celestial_observation/
oersteds_3d,지구,,https://javalab.org/ko/category/astronomy/planet_earth/
oersteds_3d,달,,https://javalab.org/ko/category/astronomy/moon/
oersteds_3d,태양,,https://javalab.org/ko/category/astronomy/sun/
oersteds_3d,태양계,,https://javalab.org/ko/category/astronomy/solar_system/
oersteds_3d,별과 은하,,https://javalab.org/ko/category/astronomy/star/
oersteds_3d,생명,,https://javalab.org/ko/category/biology/
oersteds_3d,수학수학수학 그래픽스프랙털혼돈 이론,,https://javalab.org/ko/category/math/
oersteds_3d,수학,,https://javalab.org/ko/category/math/mathematics/
oersteds_3d,수학 그래픽스,,https://javalab.org/ko/category/math/math_graphics/
oersteds_3d,프랙털,,https://javalab.org/ko/category/math/fractal/
oersteds_3d,혼돈 이론,,https://javalab.org/ko/category/math/chaos/
oersteds_3d,테크인공지능마이크로비트3D 프린팅블록 코딩퍼즐아두이노 무작정 따라하기브레드보드 기초 전자회로브레드보드 메이커 교실,,https://javalab.org/ko/category/tech/
oersteds_3d,인공지능,,https://javalab.org/ko/category/tech/ai/
oersteds_3d,마이크로비트,,https://javalab.org/ko/category/tech/microbit/
oersteds_3d,3D 프린팅,,https://javalab.org/ko/category/tech/3d_printing/
oersteds_3d,블록 코딩,,https://javalab.org/ko/category/tech/block_coding/
oersteds_3d,퍼즐,,https://javalab.org/ko/category/tech/puzzle/
oersteds_3d,아두이노 무작정 따라하기,,https://javalab.org/ko/category/tech/arduino/
oersteds_3d,브레드보드 기초 전자회로,,https://javalab.org/ko/category/tech/breadboard_1/
oersteds_3d,브레드보드 메이커 교실,,https://javalab.org/ko/category/tech/breadboard_maker/
oersteds_3d,기타증강현실 (웹캠이용)3D (VR 이용)출판물강의 자료인용사례,,https://javalab.org/ko/category/ar/
oersteds_3d,증강현실 (웹캠이용),,https://javalab.org/ko/category/ar/
oersteds_3d,3D (VR 이용),,https://javalab.org/ko/category/3d_vr/
oersteds_3d,출판물,,https://javalab.org/ko/category/books/
oersteds_3d,강의 자료,,https://javalab.org/ko/category/resources/
oersteds_3d,● 한국어,,https://javalab.org/ko/oersteds_3d/
oersteds_3d,● 한국어,,https://javalab.org/ko/oersteds_3d/
orbit,마켓,,https://javalab.org/ko/category/market/
orbit,측정측정 일반데이터 과학 (CSV 파일)Javalab MBL상대성 이론,,https://javalab.org/ko/category/measure/
orbit,측정 일반,,https://javalab.org/ko/category/measure/measurement/
orbit,데이터 과학 (CSV 파일),,https://javalab.org/ko/category/measure/data_science/
orbit,Javalab MBL,,https://javalab.org/ko/category/measure/mbl/
orbit,상대성 이론,,https://javalab.org/ko/category/measure/relativity-ko/
orbit,전기와 자기정전기옴의 법칙전기 회로교류와 RLC회로반도체자기전자기전자기파,,https://javalab.org/ko/category/electricity/
orbit,정전기,,https://javalab.org/ko/category/electricity/static_electricity/
orbit,옴의 법칙,,https://javalab.org/ko/category/electricity/ohms_law/
orbit,전기 회로,,https://javalab.org/ko/category/electricity/electric_circuit/
orbit,교류와 RLC회로,,https://javalab.org/ko/category/electricity/ac_rlc/
orbit,반도체,,https://javalab.org/ko/category/electricity/semiconductor/
orbit,자기,,https://javalab.org/ko/category/electricity/magnetism/
orbit,전자기,,https://javalab.org/ko/category/electricity/electromagnetism/
orbit,전자기파,,https://javalab.org/ko/category/electricity/electromagntic_wave/
orbit,힘과 운동힘관성여러가지 운동충돌진동,,https://javalab.org/ko/category/mechanics/
orbit,힘,,https://javalab.org/ko/category/mechanics/force/
orbit,관성,,https://javalab.org/ko/category/mechanics/inertia/
orbit,여러가지 운동,,https://javalab.org/ko/category/mechanics/movements/
orbit,충돌,,https://javalab.org/ko/category/mechanics/collision/
orbit,진동,,https://javalab.org/ko/category/mechanics/oscillation/
orbit,일과 에너지일의 원리에너지의 변환,,https://javalab.org/ko/category/energy/
orbit,일의 원리,,https://javalab.org/ko/category/energy/principle_of_work/
orbit,에너지의 변환,,https://javalab.org/ko/category/energy/energy_conversion/
orbit,빛과 파동반사굴절색파동파동의 간섭정상파,,https://javalab.org/ko/category/light_wave/
orbit,반사,,https://javalab.org/ko/category/light_wave/reflection/
orbit,굴절,,https://javalab.org/ko/category/light_wave/refraction/
orbit,색,,https://javalab.org/ko/category/light_wave/color/
orbit,파동,,https://javalab.org/ko/category/light_wave/wave/
orbit,파동의 간섭,,https://javalab.org/ko/category/light_wave/interference/
orbit,정상파,,https://javalab.org/ko/category/light_wave/standing_wave/
orbit,원자원자 모형원자와 빛방사능,,https://javalab.org/ko/category/atoms/
orbit,원자 모형,,https://javalab.org/ko/category/atoms/atomic_model/
orbit,원자와 빛,,https://javalab.org/ko/category/atoms/atom_light/
orbit,방사능,,https://javalab.org/ko/category/atoms/radioactivity/
orbit,"화학기체, 액체, 고체열분자 운동용액화학 반응화학 결합전기 화학",,https://javalab.org/ko/category/chemistry/
orbit,"기체, 액체, 고체",,https://javalab.org/ko/category/chemistry/gas/
orbit,열,,https://javalab.org/ko/category/chemistry/heat/
orbit,분자 운동,,https://javalab.org/ko/category/chemistry/molecules_in_motion/
orbit,용액,,https://javalab.org/ko/category/chemistry/solution/
orbit,화학 반응,,https://javalab.org/ko/category/chemistry/chemical_reaction/
orbit,화학 결합,,https://javalab.org/ko/category/chemistry/chemical_bonds/
orbit,전기 화학,,https://javalab.org/ko/category/chemistry/electrochemistry/
orbit,지구대기지질,,https://javalab.org/ko/category/earth/
orbit,대기,,https://javalab.org/ko/category/earth/atmosphere/
orbit,지질,,https://javalab.org/ko/category/earth/geology/
orbit,천문천체 관측지구달태양태양계별과 은하,,https://javalab.org/ko/category/astronomy/
orbit,천체 관측,,https://javalab.org/ko/category/astronomy/celestial_observation/
orbit,지구,,https://javalab.org/ko/category/astronomy/planet_earth/
orbit,달,,https://javalab.org/ko/category/astronomy/moon/
orbit,태양,,https://javalab.org/ko/category/astronomy/sun/
orbit,태양계,,https://javalab.org/ko/category/astronomy/solar_system/
orbit,별과 은하,,https://javalab.org/ko/category/astronomy/star/
orbit,생명,,https://javalab.org/ko/category/biology/
orbit,수학수학수학 그래픽스프랙털혼돈 이론,,https://javalab.org/ko/category/math/
orbit,수학,,https://javalab.org/ko/category/math/mathematics/
orbit,수학 그래픽스,,https://javalab.org/ko/category/math/math_graphics/
orbit,프랙털,,https://javalab.org/ko/category/math/fractal/
orbit,혼돈 이론,,https://javalab.org/ko/category/math/chaos/
orbit,테크인공지능마이크로비트3D 프린팅블록 코딩퍼즐아두이노 무작정 따라하기브레드보드 기초 전자회로브레드보드 메이커 교실,,https://javalab.org/ko/category/tech/
orbit,인공지능,,https://javalab.org/ko/category/tech/ai/
orbit,마이크로비트,,https://javalab.org/ko/category/tech/microbit/
orbit,3D 프린팅,,https://javalab.org/ko/category/tech/3d_printing/
orbit,블록 코딩,,https://javalab.org/ko/category/tech/block_coding/
orbit,퍼즐,,https://javalab.org/ko/category/tech/puzzle/
orbit,아두이노 무작정 따라하기,,https://javalab.org/ko/category/tech/arduino/
orbit,브레드보드 기초 전자회로,,https://javalab.org/ko/category/tech/breadboard_1/
orbit,브레드보드 메이커 교실,,https://javalab.org/ko/category/tech/breadboard_maker/
orbit,기타증강현실 (웹캠이용)3D (VR 이용)출판물강의 자료인용사례,,https://javalab.org/ko/category/ar/
orbit,증강현실 (웹캠이용),,https://javalab.org/ko/category/ar/
orbit,3D (VR 이용),,https://javalab.org/ko/category/3d_vr/
orbit,출판물,,https://javalab.org/ko/category/books/
orbit,강의 자료,,https://javalab.org/ko/category/resources/
orbit,● 한국어,,https://javalab.org/ko/orbit/
orbit,인공위성 원 궤도 만들기 게임 (스코어 보드 접수 집계)2026-08-022026-07-23이 페이지는인공위성을 드래그하여 가장 근접한 원 궤도를 만드는 게임의 시작 화면입니다.선,,https://javalab.org/ko/gravity/
orbit,인공위성 원 궤도 만들기 게임 (스코어 보드 접수 집계)2026-08-022026-07-23이 페이지는인공위성을 드래그하여 가장 근접한 원 궤도를 만드는 게임의 시작 화면입니다.선,,https://javalab.org/ko/gravity/
orbit,이 페이지는인공위성을 드래그하여 가장 근접한 원 궤도를 만드는 게임의 시작 화면입니다.선생님이 게임을 개설하면 접속용 QR코드와 점수 집계판이 화면에 표시됩니다.학생은 QR코드를 ,,https://javalab.org/ko/gravity/
orbit,● 한국어,,https://javalab.org/ko/orbit/
2,마켓,,https://javalab.org/ko/category/market/
2,측정측정 일반데이터 과학 (CSV 파일)Javalab MBL상대성 이론,,https://javalab.org/ko/category/measure/
2,측정 일반,,https://javalab.org/ko/category/measure/measurement/
2,데이터 과학 (CSV 파일),,https://javalab.org/ko/category/measure/data_science/
2,Javalab MBL,,https://javalab.org/ko/category/measure/mbl/
2,상대성 이론,,https://javalab.org/ko/category/measure/relativity-ko/
2,전기와 자기정전기옴의 법칙전기 회로교류와 RLC회로반도체자기전자기전자기파,,https://javalab.org/ko/category/electricity/
2,정전기,,https://javalab.org/ko/category/electricity/static_electricity/
2,옴의 법칙,,https://javalab.org/ko/category/electricity/ohms_law/
2,전기 회로,,https://javalab.org/ko/category/electricity/electric_circuit/
2,교류와 RLC회로,,https://javalab.org/ko/category/electricity/ac_rlc/
2,반도체,,https://javalab.org/ko/category/electricity/semiconductor/
2,자기,,https://javalab.org/ko/category/electricity/magnetism/
2,전자기,,https://javalab.org/ko/category/electricity/electromagnetism/
2,전자기파,,https://javalab.org/ko/category/electricity/electromagntic_wave/
2,힘과 운동힘관성여러가지 운동충돌진동,,https://javalab.org/ko/category/mechanics/
2,힘,,https://javalab.org/ko/category/mechanics/force/
2,관성,,https://javalab.org/ko/category/mechanics/inertia/
2,여러가지 운동,,https://javalab.org/ko/category/mechanics/movements/
2,충돌,,https://javalab.org/ko/category/mechanics/collision/
2,진동,,https://javalab.org/ko/category/mechanics/oscillation/
2,일과 에너지일의 원리에너지의 변환,,https://javalab.org/ko/category/energy/
2,일의 원리,,https://javalab.org/ko/category/energy/principle_of_work/
2,에너지의 변환,,https://javalab.org/ko/category/energy/energy_conversion/
2,빛과 파동반사굴절색파동파동의 간섭정상파,,https://javalab.org/ko/category/light_wave/
2,반사,,https://javalab.org/ko/category/light_wave/reflection/
2,굴절,,https://javalab.org/ko/category/light_wave/refraction/
2,색,,https://javalab.org/ko/category/light_wave/color/
2,파동,,https://javalab.org/ko/category/light_wave/wave/
2,파동의 간섭,,https://javalab.org/ko/category/light_wave/interference/
2,정상파,,https://javalab.org/ko/category/light_wave/standing_wave/
2,원자원자 모형원자와 빛방사능,,https://javalab.org/ko/category/atoms/
2,원자 모형,,https://javalab.org/ko/category/atoms/atomic_model/
2,원자와 빛,,https://javalab.org/ko/category/atoms/atom_light/
2,방사능,,https://javalab.org/ko/category/atoms/radioactivity/
2,"화학기체, 액체, 고체열분자 운동용액화학 반응화학 결합전기 화학",,https://javalab.org/ko/category/chemistry/
2,"기체, 액체, 고체",,https://javalab.org/ko/category/chemistry/gas/
2,열,,https://javalab.org/ko/category/chemistry/heat/
2,분자 운동,,https://javalab.org/ko/category/chemistry/molecules_in_motion/
2,용액,,https://javalab.org/ko/category/chemistry/solution/
2,화학 반응,,https://javalab.org/ko/category/chemistry/chemical_reaction/
2,화학 결합,,https://javalab.org/ko/category/chemistry/chemical_bonds/
2,전기 화학,,https://javalab.org/ko/category/chemistry/electrochemistry/
2,지구대기지질,,https://javalab.org/ko/category/earth/
2,대기,,https://javalab.org/ko/category/earth/atmosphere/
2,지질,,https://javalab.org/ko/category/earth/geology/
2,천문천체 관측지구달태양태양계별과 은하,,https://javalab.org/ko/category/astronomy/
2,천체 관측,,https://javalab.org/ko/category/astronomy/celestial_observation/
2,지구,,https://javalab.org/ko/category/astronomy/planet_earth/
2,달,,https://javalab.org/ko/category/astronomy/moon/
2,태양,,https://javalab.org/ko/category/astronomy/sun/
2,태양계,,https://javalab.org/ko/category/astronomy/solar_system/
2,별과 은하,,https://javalab.org/ko/category/astronomy/star/
2,생명,,https://javalab.org/ko/category/biology/
2,수학수학수학 그래픽스프랙털혼돈 이론,,https://javalab.org/ko/category/math/
2,수학,,https://javalab.org/ko/category/math/mathematics/
2,수학 그래픽스,,https://javalab.org/ko/category/math/math_graphics/
2,프랙털,,https://javalab.org/ko/category/math/fractal/
2,혼돈 이론,,https://javalab.org/ko/category/math/chaos/
2,테크인공지능마이크로비트3D 프린팅블록 코딩퍼즐아두이노 무작정 따라하기브레드보드 기초 전자회로브레드보드 메이커 교실,,https://javalab.org/ko/category/tech/
2,인공지능,,https://javalab.org/ko/category/tech/ai/
2,마이크로비트,,https://javalab.org/ko/category/tech/microbit/
2,3D 프린팅,,https://javalab.org/ko/category/tech/3d_printing/
2,블록 코딩,,https://javalab.org/ko/category/tech/block_coding/
2,퍼즐,,https://javalab.org/ko/category/tech/puzzle/
2,아두이노 무작정 따라하기,,https://javalab.org/ko/category/tech/arduino/
2,브레드보드 기초 전자회로,,https://javalab.org/ko/category/tech/breadboard_1/
2,브레드보드 메이커 교실,,https://javalab.org/ko/category/tech/breadboard_maker/
2,기타증강현실 (웹캠이용)3D (VR 이용)출판물강의 자료인용사례,,https://javalab.org/ko/category/ar/
2,증강현실 (웹캠이용),,https://javalab.org/ko/category/ar/
2,3D (VR 이용),,https://javalab.org/ko/category/3d_vr/
2,출판물,,https://javalab.org/ko/category/books/
2,강의 자료,,https://javalab.org/ko/category/resources/
2,● 한국어,,https://javalab.org/ko/
2,[마켓] 동시낙하 실험장치,,https://javalab.org/ko/sync_fall/
2,[마켓] 동시낙하 실험장치,,https://javalab.org/ko/sync_fall/
2,● 한국어,,https://javalab.org/ko/
3,마켓,,https://javalab.org/ko/category/market/
3,측정측정 일반데이터 과학 (CSV 파일)Javalab MBL상대성 이론,,https://javalab.org/ko/category/measure/
3,측정 일반,,https://javalab.org/ko/category/measure/measurement/
3,데이터 과학 (CSV 파일),,https://javalab.org/ko/category/measure/data_science/
3,Javalab MBL,,https://javalab.org/ko/category/measure/mbl/
3,상대성 이론,,https://javalab.org/ko/category/measure/relativity-ko/
3,전기와 자기정전기옴의 법칙전기 회로교류와 RLC회로반도체자기전자기전자기파,,https://javalab.org/ko/category/electricity/
3,정전기,,https://javalab.org/ko/category/electricity/static_electricity/
3,옴의 법칙,,https://javalab.org/ko/category/electricity/ohms_law/
3,전기 회로,,https://javalab.org/ko/category/electricity/electric_circuit/
3,교류와 RLC회로,,https://javalab.org/ko/category/electricity/ac_rlc/
3,반도체,,https://javalab.org/ko/category/electricity/semiconductor/
3,자기,,https://javalab.org/ko/category/electricity/magnetism/
3,전자기,,https://javalab.org/ko/category/electricity/electromagnetism/
3,전자기파,,https://javalab.org/ko/category/electricity/electromagntic_wave/
3,힘과 운동힘관성여러가지 운동충돌진동,,https://javalab.org/ko/category/mechanics/
3,힘,,https://javalab.org/ko/category/mechanics/force/
3,관성,,https://javalab.org/ko/category/mechanics/inertia/
3,여러가지 운동,,https://javalab.org/ko/category/mechanics/movements/
3,충돌,,https://javalab.org/ko/category/mechanics/collision/
3,진동,,https://javalab.org/ko/category/mechanics/oscillation/
3,일과 에너지일의 원리에너지의 변환,,https://javalab.org/ko/category/energy/
3,일의 원리,,https://javalab.org/ko/category/energy/principle_of_work/
3,에너지의 변환,,https://javalab.org/ko/category/energy/energy_conversion/
3,빛과 파동반사굴절색파동파동의 간섭정상파,,https://javalab.org/ko/category/light_wave/
3,반사,,https://javalab.org/ko/category/light_wave/reflection/
3,굴절,,https://javalab.org/ko/category/light_wave/refraction/
3,색,,https://javalab.org/ko/category/light_wave/color/
3,파동,,https://javalab.org/ko/category/light_wave/wave/
3,파동의 간섭,,https://javalab.org/ko/category/light_wave/interference/
3,정상파,,https://javalab.org/ko/category/light_wave/standing_wave/
3,원자원자 모형원자와 빛방사능,,https://javalab.org/ko/category/atoms/
3,원자 모형,,https://javalab.org/ko/category/atoms/atomic_model/
3,원자와 빛,,https://javalab.org/ko/category/atoms/atom_light/
3,방사능,,https://javalab.org/ko/category/atoms/radioactivity/
3,"화학기체, 액체, 고체열분자 운동용액화학 반응화학 결합전기 화학",,https://javalab.org/ko/category/chemistry/
3,"기체, 액체, 고체",,https://javalab.org/ko/category/chemistry/gas/
3,열,,https://javalab.org/ko/category/chemistry/heat/
3,분자 운동,,https://javalab.org/ko/category/chemistry/molecules_in_motion/
3,용액,,https://javalab.org/ko/category/chemistry/solution/
3,화학 반응,,https://javalab.org/ko/category/chemistry/chemical_reaction/
3,화학 결합,,https://javalab.org/ko/category/chemistry/chemical_bonds/
3,전기 화학,,https://javalab.org/ko/category/chemistry/electrochemistry/
3,지구대기지질,,https://javalab.org/ko/category/earth/
3,대기,,https://javalab.org/ko/category/earth/atmosphere/
3,지질,,https://javalab.org/ko/category/earth/geology/
3,천문천체 관측지구달태양태양계별과 은하,,https://javalab.org/ko/category/astronomy/
3,천체 관측,,https://javalab.org/ko/category/astronomy/celestial_observation/
3,지구,,https://javalab.org/ko/category/astronomy/planet_earth/
3,달,,https://javalab.org/ko/category/astronomy/moon/
3,태양,,https://javalab.org/ko/category/astronomy/sun/
3,태양계,,https://javalab.org/ko/category/astronomy/solar_system/
3,별과 은하,,https://javalab.org/ko/category/astronomy/star/
3,생명,,https://javalab.org/ko/category/biology/
3,수학수학수학 그래픽스프랙털혼돈 이론,,https://javalab.org/ko/category/math/
3,수학,,https://javalab.org/ko/category/math/mathematics/
3,수학 그래픽스,,https://javalab.org/ko/category/math/math_graphics/
3,프랙털,,https://javalab.org/ko/category/math/fractal/
3,혼돈 이론,,https://javalab.org/ko/category/math/chaos/
3,테크인공지능마이크로비트3D 프린팅블록 코딩퍼즐아두이노 무작정 따라하기브레드보드 기초 전자회로브레드보드 메이커 교실,,https://javalab.org/ko/category/tech/
3,인공지능,,https://javalab.org/ko/category/tech/ai/
3,마이크로비트,,https://javalab.org/ko/category/tech/microbit/
3,3D 프린팅,,https://javalab.org/ko/category/tech/3d_printing/
3,블록 코딩,,https://javalab.org/ko/category/tech/block_coding/
3,퍼즐,,https://javalab.org/ko/category/tech/puzzle/
3,아두이노 무작정 따라하기,,https://javalab.org/ko/category/tech/arduino/
3,브레드보드 기초 전자회로,,https://javalab.org/ko/category/tech/breadboard_1/
3,브레드보드 메이커 교실,,https://javalab.org/ko/category/tech/breadboard_maker/
3,기타증강현실 (웹캠이용)3D (VR 이용)출판물강의 자료인용사례,,https://javalab.org/ko/category/ar/
3,증강현실 (웹캠이용),,https://javalab.org/ko/category/ar/
3,3D (VR 이용),,https://javalab.org/ko/category/3d_vr/
3,출판물,,https://javalab.org/ko/category/books/
3,강의 자료,,https://javalab.org/ko/category/resources/
3,● 한국어,,https://javalab.org/ko/
3,재결정 (석출의 원리),,https://javalab.org/ko/recrystallization/
3,재결정 (석출의 원리),,https://javalab.org/ko/recrystallization/
3,● 한국어,,https://javalab.org/ko/
4,마켓,,https://javalab.org/ko/category/market/
4,측정측정 일반데이터 과학 (CSV 파일)Javalab MBL상대성 이론,,https://javalab.org/ko/category/measure/
4,측정 일반,,https://javalab.org/ko/category/measure/measurement/
4,데이터 과학 (CSV 파일),,https://javalab.org/ko/category/measure/data_science/
4,Javalab MBL,,https://javalab.org/ko/category/measure/mbl/
4,상대성 이론,,https://javalab.org/ko/category/measure/relativity-ko/
4,전기와 자기정전기옴의 법칙전기 회로교류와 RLC회로반도체자기전자기전자기파,,https://javalab.org/ko/category/electricity/
4,정전기,,https://javalab.org/ko/category/electricity/static_electricity/
4,옴의 법칙,,https://javalab.org/ko/category/electricity/ohms_law/
4,전기 회로,,https://javalab.org/ko/category/electricity/electric_circuit/
4,교류와 RLC회로,,https://javalab.org/ko/category/electricity/ac_rlc/
4,반도체,,https://javalab.org/ko/category/electricity/semiconductor/
4,자기,,https://javalab.org/ko/category/electricity/magnetism/
4,전자기,,https://javalab.org/ko/category/electricity/electromagnetism/
4,전자기파,,https://javalab.org/ko/category/electricity/electromagntic_wave/
4,힘과 운동힘관성여러가지 운동충돌진동,,https://javalab.org/ko/category/mechanics/
4,힘,,https://javalab.org/ko/category/mechanics/force/
4,관성,,https://javalab.org/ko/category/mechanics/inertia/
4,여러가지 운동,,https://javalab.org/ko/category/mechanics/movements/
4,충돌,,https://javalab.org/ko/category/mechanics/collision/
4,진동,,https://javalab.org/ko/category/mechanics/oscillation/
4,일과 에너지일의 원리에너지의 변환,,https://javalab.org/ko/category/energy/
4,일의 원리,,https://javalab.org/ko/category/energy/principle_of_work/
4,에너지의 변환,,https://javalab.org/ko/category/energy/energy_conversion/
4,빛과 파동반사굴절색파동파동의 간섭정상파,,https://javalab.org/ko/category/light_wave/
4,반사,,https://javalab.org/ko/category/light_wave/reflection/
4,굴절,,https://javalab.org/ko/category/light_wave/refraction/
4,색,,https://javalab.org/ko/category/light_wave/color/
4,파동,,https://javalab.org/ko/category/light_wave/wave/
4,파동의 간섭,,https://javalab.org/ko/category/light_wave/interference/
4,정상파,,https://javalab.org/ko/category/light_wave/standing_wave/
4,원자원자 모형원자와 빛방사능,,https://javalab.org/ko/category/atoms/
4,원자 모형,,https://javalab.org/ko/category/atoms/atomic_model/
4,원자와 빛,,https://javalab.org/ko/category/atoms/atom_light/
4,방사능,,https://javalab.org/ko/category/atoms/radioactivity/
4,"화학기체, 액체, 고체열분자 운동용액화학 반응화학 결합전기 화학",,https://javalab.org/ko/category/chemistry/
4,"기체, 액체, 고체",,https://javalab.org/ko/category/chemistry/gas/
4,열,,https://javalab.org/ko/category/chemistry/heat/
4,분자 운동,,https://javalab.org/ko/category/chemistry/molecules_in_motion/
4,용액,,https://javalab.org/ko/category/chemistry/solution/
4,화학 반응,,https://javalab.org/ko/category/chemistry/chemical_reaction/
4,화학 결합,,https://javalab.org/ko/category/chemistry/chemical_bonds/
4,전기 화학,,https://javalab.org/ko/category/chemistry/electrochemistry/
4,지구대기지질,,https://javalab.org/ko/category/earth/
4,대기,,https://javalab.org/ko/category/earth/atmosphere/
4,지질,,https://javalab.org/ko/category/earth/geology/
4,천문천체 관측지구달태양태양계별과 은하,,https://javalab.org/ko/category/astronomy/
4,천체 관측,,https://javalab.org/ko/category/astronomy/celestial_observation/
4,지구,,https://javalab.org/ko/category/astronomy/planet_earth/
4,달,,https://javalab.org/ko/category/astronomy/moon/
4,태양,,https://javalab.org/ko/category/astronomy/sun/
4,태양계,,https://javalab.org/ko/category/astronomy/solar_system/
4,별과 은하,,https://javalab.org/ko/category/astronomy/star/
4,생명,,https://javalab.org/ko/category/biology/
4,수학수학수학 그래픽스프랙털혼돈 이론,,https://javalab.org/ko/category/math/
4,수학,,https://javalab.org/ko/category/math/mathematics/
4,수학 그래픽스,,https://javalab.org/ko/category/math/math_graphics/
4,프랙털,,https://javalab.org/ko/category/math/fractal/
4,혼돈 이론,,https://javalab.org/ko/category/math/chaos/
4,테크인공지능마이크로비트3D 프린팅블록 코딩퍼즐아두이노 무작정 따라하기브레드보드 기초 전자회로브레드보드 메이커 교실,,https://javalab.org/ko/category/tech/
4,인공지능,,https://javalab.org/ko/category/tech/ai/
4,마이크로비트,,https://javalab.org/ko/category/tech/microbit/
4,3D 프린팅,,https://javalab.org/ko/category/tech/3d_printing/
4,블록 코딩,,https://javalab.org/ko/category/tech/block_coding/
4,퍼즐,,https://javalab.org/ko/category/tech/puzzle/
4,아두이노 무작정 따라하기,,https://javalab.org/ko/category/tech/arduino/
4,브레드보드 기초 전자회로,,https://javalab.org/ko/category/tech/breadboard_1/
4,브레드보드 메이커 교실,,https://javalab.org/ko/category/tech/breadboard_maker/
4,기타증강현실 (웹캠이용)3D (VR 이용)출판물강의 자료인용사례,,https://javalab.org/ko/category/ar/
4,증강현실 (웹캠이용),,https://javalab.org/ko/category/ar/
4,3D (VR 이용),,https://javalab.org/ko/category/3d_vr/
4,출판물,,https://javalab.org/ko/category/books/
4,강의 자료,,https://javalab.org/ko/category/resources/
4,● 한국어,,https://javalab.org/ko/
4,Blocklab – 포물선 운동 시뮬레이션,,https://javalab.org/ko/blocklab_parabolic/
4,Blocklab – 포물선 운동 시뮬레이션,,https://javalab.org/ko/blocklab_parabolic/
4,● 한국어,,https://javalab.org/ko/
5,마켓,,https://javalab.org/ko/category/market/
5,측정측정 일반데이터 과학 (CSV 파일)Javalab MBL상대성 이론,,https://javalab.org/ko/category/measure/
5,측정 일반,,https://javalab.org/ko/category/measure/measurement/
5,데이터 과학 (CSV 파일),,https://javalab.org/ko/category/measure/data_science/
5,Javalab MBL,,https://javalab.org/ko/category/measure/mbl/
5,상대성 이론,,https://javalab.org/ko/category/measure/relativity-ko/
5,전기와 자기정전기옴의 법칙전기 회로교류와 RLC회로반도체자기전자기전자기파,,https://javalab.org/ko/category/electricity/
5,정전기,,https://javalab.org/ko/category/electricity/static_electricity/
5,옴의 법칙,,https://javalab.org/ko/category/electricity/ohms_law/
5,전기 회로,,https://javalab.org/ko/category/electricity/electric_circuit/
5,교류와 RLC회로,,https://javalab.org/ko/category/electricity/ac_rlc/
5,반도체,,https://javalab.org/ko/category/electricity/semiconductor/
5,자기,,https://javalab.org/ko/category/electricity/magnetism/
5,전자기,,https://javalab.org/ko/category/electricity/electromagnetism/
5,전자기파,,https://javalab.org/ko/category/electricity/electromagntic_wave/
5,힘과 운동힘관성여러가지 운동충돌진동,,https://javalab.org/ko/category/mechanics/
5,힘,,https://javalab.org/ko/category/mechanics/force/
5,관성,,https://javalab.org/ko/category/mechanics/inertia/
5,여러가지 운동,,https://javalab.org/ko/category/mechanics/movements/
5,충돌,,https://javalab.org/ko/category/mechanics/collision/
5,진동,,https://javalab.org/ko/category/mechanics/oscillation/
5,일과 에너지일의 원리에너지의 변환,,https://javalab.org/ko/category/energy/
5,일의 원리,,https://javalab.org/ko/category/energy/principle_of_work/
5,에너지의 변환,,https://javalab.org/ko/category/energy/energy_conversion/
5,빛과 파동반사굴절색파동파동의 간섭정상파,,https://javalab.org/ko/category/light_wave/
5,반사,,https://javalab.org/ko/category/light_wave/reflection/
5,굴절,,https://javalab.org/ko/category/light_wave/refraction/
5,색,,https://javalab.org/ko/category/light_wave/color/
5,파동,,https://javalab.org/ko/category/light_wave/wave/
5,파동의 간섭,,https://javalab.org/ko/category/light_wave/interference/
5,정상파,,https://javalab.org/ko/category/light_wave/standing_wave/
5,원자원자 모형원자와 빛방사능,,https://javalab.org/ko/category/atoms/
5,원자 모형,,https://javalab.org/ko/category/atoms/atomic_model/
5,원자와 빛,,https://javalab.org/ko/category/atoms/atom_light/
5,방사능,,https://javalab.org/ko/category/atoms/radioactivity/
5,"화학기체, 액체, 고체열분자 운동용액화학 반응화학 결합전기 화학",,https://javalab.org/ko/category/chemistry/
5,"기체, 액체, 고체",,https://javalab.org/ko/category/chemistry/gas/
5,열,,https://javalab.org/ko/category/chemistry/heat/
5,분자 운동,,https://javalab.org/ko/category/chemistry/molecules_in_motion/
5,용액,,https://javalab.org/ko/category/chemistry/solution/
5,화학 반응,,https://javalab.org/ko/category/chemistry/chemical_reaction/
5,화학 결합,,https://javalab.org/ko/category/chemistry/chemical_bonds/
5,전기 화학,,https://javalab.org/ko/category/chemistry/electrochemistry/
5,지구대기지질,,https://javalab.org/ko/category/earth/
5,대기,,https://javalab.org/ko/category/earth/atmosphere/
5,지질,,https://javalab.org/ko/category/earth/geology/
5,천문천체 관측지구달태양태양계별과 은하,,https://javalab.org/ko/category/astronomy/
5,천체 관측,,https://javalab.org/ko/category/astronomy/celestial_observation/
5,지구,,https://javalab.org/ko/category/astronomy/planet_earth/
5,달,,https://javalab.org/ko/category/astronomy/moon/
5,태양,,https://javalab.org/ko/category/astronomy/sun/
5,태양계,,https://javalab.org/ko/category/astronomy/solar_system/
5,별과 은하,,https://javalab.org/ko/category/astronomy/star/
5,생명,,https://javalab.org/ko/category/biology/
5,수학수학수학 그래픽스프랙털혼돈 이론,,https://javalab.org/ko/category/math/
5,수학,,https://javalab.org/ko/category/math/mathematics/
5,수학 그래픽스,,https://javalab.org/ko/category/math/math_graphics/
5,프랙털,,https://javalab.org/ko/category/math/fractal/
5,혼돈 이론,,https://javalab.org/ko/category/math/chaos/
5,테크인공지능마이크로비트3D 프린팅블록 코딩퍼즐아두이노 무작정 따라하기브레드보드 기초 전자회로브레드보드 메이커 교실,,https://javalab.org/ko/category/tech/
5,인공지능,,https://javalab.org/ko/category/tech/ai/
5,마이크로비트,,https://javalab.org/ko/category/tech/microbit/
5,3D 프린팅,,https://javalab.org/ko/category/tech/3d_printing/
5,블록 코딩,,https://javalab.org/ko/category/tech/block_coding/
5,퍼즐,,https://javalab.org/ko/category/tech/puzzle/
5,아두이노 무작정 따라하기,,https://javalab.org/ko/category/tech/arduino/
5,브레드보드 기초 전자회로,,https://javalab.org/ko/category/tech/breadboard_1/
5,브레드보드 메이커 교실,,https://javalab.org/ko/category/tech/breadboard_maker/
5,기타증강현실 (웹캠이용)3D (VR 이용)출판물강의 자료인용사례,,https://javalab.org/ko/category/ar/
5,증강현실 (웹캠이용),,https://javalab.org/ko/category/ar/
5,3D (VR 이용),,https://javalab.org/ko/category/3d_vr/
5,출판물,,https://javalab.org/ko/category/books/
5,강의 자료,,https://javalab.org/ko/category/resources/
5,● 한국어,,https://javalab.org/ko/
5,토리첼리의 실험,,https://javalab.org/ko/torricellis_experiment/
5,토리첼리의 실험,,https://javalab.org/ko/torricellis_experiment/
5,● 한국어,,https://javalab.org/ko/
55,마켓,,https://javalab.org/ko/category/market/
55,측정측정 일반데이터 과학 (CSV 파일)Javalab MBL상대성 이론,,https://javalab.org/ko/category/measure/
55,측정 일반,,https://javalab.org/ko/category/measure/measurement/
55,데이터 과학 (CSV 파일),,https://javalab.org/ko/category/measure/data_science/
55,Javalab MBL,,https://javalab.org/ko/category/measure/mbl/
55,상대성 이론,,https://javalab.org/ko/category/measure/relativity-ko/
55,전기와 자기정전기옴의 법칙전기 회로교류와 RLC회로반도체자기전자기전자기파,,https://javalab.org/ko/category/electricity/
55,정전기,,https://javalab.org/ko/category/electricity/static_electricity/
55,옴의 법칙,,https://javalab.org/ko/category/electricity/ohms_law/
55,전기 회로,,https://javalab.org/ko/category/electricity/electric_circuit/
55,교류와 RLC회로,,https://javalab.org/ko/category/electricity/ac_rlc/
55,반도체,,https://javalab.org/ko/category/electricity/semiconductor/
55,자기,,https://javalab.org/ko/category/electricity/magnetism/
55,전자기,,https://javalab.org/ko/category/electricity/electromagnetism/
55,전자기파,,https://javalab.org/ko/category/electricity/electromagntic_wave/
55,힘과 운동힘관성여러가지 운동충돌진동,,https://javalab.org/ko/category/mechanics/
55,힘,,https://javalab.org/ko/category/mechanics/force/
55,관성,,https://javalab.org/ko/category/mechanics/inertia/
55,여러가지 운동,,https://javalab.org/ko/category/mechanics/movements/
55,충돌,,https://javalab.org/ko/category/mechanics/collision/
55,진동,,https://javalab.org/ko/category/mechanics/oscillation/
55,일과 에너지일의 원리에너지의 변환,,https://javalab.org/ko/category/energy/
55,일의 원리,,https://javalab.org/ko/category/energy/principle_of_work/
55,에너지의 변환,,https://javalab.org/ko/category/energy/energy_conversion/
55,빛과 파동반사굴절색파동파동의 간섭정상파,,https://javalab.org/ko/category/light_wave/
55,반사,,https://javalab.org/ko/category/light_wave/reflection/
55,굴절,,https://javalab.org/ko/category/light_wave/refraction/
55,색,,https://javalab.org/ko/category/light_wave/color/
55,파동,,https://javalab.org/ko/category/light_wave/wave/
55,파동의 간섭,,https://javalab.org/ko/category/light_wave/interference/
55,정상파,,https://javalab.org/ko/category/light_wave/standing_wave/
55,원자원자 모형원자와 빛방사능,,https://javalab.org/ko/category/atoms/
55,원자 모형,,https://javalab.org/ko/category/atoms/atomic_model/
55,원자와 빛,,https://javalab.org/ko/category/atoms/atom_light/
55,방사능,,https://javalab.org/ko/category/atoms/radioactivity/
55,"화학기체, 액체, 고체열분자 운동용액화학 반응화학 결합전기 화학",,https://javalab.org/ko/category/chemistry/
55,"기체, 액체, 고체",,https://javalab.org/ko/category/chemistry/gas/
55,열,,https://javalab.org/ko/category/chemistry/heat/
55,분자 운동,,https://javalab.org/ko/category/chemistry/molecules_in_motion/
55,용액,,https://javalab.org/ko/category/chemistry/solution/
55,화학 반응,,https://javalab.org/ko/category/chemistry/chemical_reaction/
55,화학 결합,,https://javalab.org/ko/category/chemistry/chemical_bonds/
55,전기 화학,,https://javalab.org/ko/category/chemistry/electrochemistry/
55,지구대기지질,,https://javalab.org/ko/category/earth/
55,대기,,https://javalab.org/ko/category/earth/atmosphere/
55,지질,,https://javalab.org/ko/category/earth/geology/
55,천문천체 관측지구달태양태양계별과 은하,,https://javalab.org/ko/category/astronomy/
55,천체 관측,,https://javalab.org/ko/category/astronomy/celestial_observation/
55,지구,,https://javalab.org/ko/category/astronomy/planet_earth/
55,달,,https://javalab.org/ko/category/astronomy/moon/
55,태양,,https://javalab.org/ko/category/astronomy/sun/
55,태양계,,https://javalab.org/ko/category/astronomy/solar_system/
55,별과 은하,,https://javalab.org/ko/category/astronomy/star/
55,생명,,https://javalab.org/ko/category/biology/
55,수학수학수학 그래픽스프랙털혼돈 이론,,https://javalab.org/ko/category/math/
55,수학,,https://javalab.org/ko/category/math/mathematics/
55,수학 그래픽스,,https://javalab.org/ko/category/math/math_graphics/
55,프랙털,,https://javalab.org/ko/category/math/fractal/
55,혼돈 이론,,https://javalab.org/ko/category/math/chaos/
55,테크인공지능마이크로비트3D 프린팅블록 코딩퍼즐아두이노 무작정 따라하기브레드보드 기초 전자회로브레드보드 메이커 교실,,https://javalab.org/ko/category/tech/
55,인공지능,,https://javalab.org/ko/category/tech/ai/
55,마이크로비트,,https://javalab.org/ko/category/tech/microbit/
55,3D 프린팅,,https://javalab.org/ko/category/tech/3d_printing/
55,블록 코딩,,https://javalab.org/ko/category/tech/block_coding/
55,퍼즐,,https://javalab.org/ko/category/tech/puzzle/
55,아두이노 무작정 따라하기,,https://javalab.org/ko/category/tech/arduino/
55,브레드보드 기초 전자회로,,https://javalab.org/ko/category/tech/breadboard_1/
55,브레드보드 메이커 교실,,https://javalab.org/ko/category/tech/breadboard_maker/
55,기타증강현실 (웹캠이용)3D (VR 이용)출판물강의 자료인용사례,,https://javalab.org/ko/category/ar/
55,증강현실 (웹캠이용),,https://javalab.org/ko/category/ar/
55,3D (VR 이용),,https://javalab.org/ko/category/3d_vr/
55,출판물,,https://javalab.org/ko/category/books/
55,강의 자료,,https://javalab.org/ko/category/resources/
55,● 한국어,,https://javalab.org/ko/
55,브레드보드 전자과학실험 (절판),,https://javalab.org/ko/breadboard_book/
55,브레드보드 전자과학실험 (절판),,https://javalab.org/ko/breadboard_book/
55,● 한국어,,https://javalab.org/ko/
6,마켓,,https://javalab.org/ko/category/market/
6,측정측정 일반데이터 과학 (CSV 파일)Javalab MBL상대성 이론,,https://javalab.org/ko/category/measure/
6,측정 일반,,https://javalab.org/ko/category/measure/measurement/
6,데이터 과학 (CSV 파일),,https://javalab.org/ko/category/measure/data_science/
6,Javalab MBL,,https://javalab.org/ko/category/measure/mbl/
6,상대성 이론,,https://javalab.org/ko/category/measure/relativity-ko/
6,전기와 자기정전기옴의 법칙전기 회로교류와 RLC회로반도체자기전자기전자기파,,https://javalab.org/ko/category/electricity/
6,정전기,,https://javalab.org/ko/category/electricity/static_electricity/
6,옴의 법칙,,https://javalab.org/ko/category/electricity/ohms_law/
6,전기 회로,,https://javalab.org/ko/category/electricity/electric_circuit/
6,교류와 RLC회로,,https://javalab.org/ko/category/electricity/ac_rlc/
6,반도체,,https://javalab.org/ko/category/electricity/semiconductor/
6,자기,,https://javalab.org/ko/category/electricity/magnetism/
6,전자기,,https://javalab.org/ko/category/electricity/electromagnetism/
6,전자기파,,https://javalab.org/ko/category/electricity/electromagntic_wave/
6,힘과 운동힘관성여러가지 운동충돌진동,,https://javalab.org/ko/category/mechanics/
6,힘,,https://javalab.org/ko/category/mechanics/force/
6,관성,,https://javalab.org/ko/category/mechanics/inertia/
6,여러가지 운동,,https://javalab.org/ko/category/mechanics/movements/
6,충돌,,https://javalab.org/ko/category/mechanics/collision/
6,진동,,https://javalab.org/ko/category/mechanics/oscillation/
6,일과 에너지일의 원리에너지의 변환,,https://javalab.org/ko/category/energy/
6,일의 원리,,https://javalab.org/ko/category/energy/principle_of_work/
6,에너지의 변환,,https://javalab.org/ko/category/energy/energy_conversion/
6,빛과 파동반사굴절색파동파동의 간섭정상파,,https://javalab.org/ko/category/light_wave/
6,반사,,https://javalab.org/ko/category/light_wave/reflection/
6,굴절,,https://javalab.org/ko/category/light_wave/refraction/
6,색,,https://javalab.org/ko/category/light_wave/color/
6,파동,,https://javalab.org/ko/category/light_wave/wave/
6,파동의 간섭,,https://javalab.org/ko/category/light_wave/interference/
6,정상파,,https://javalab.org/ko/category/light_wave/standing_wave/
6,원자원자 모형원자와 빛방사능,,https://javalab.org/ko/category/atoms/
6,원자 모형,,https://javalab.org/ko/category/atoms/atomic_model/
6,원자와 빛,,https://javalab.org/ko/category/atoms/atom_light/
6,방사능,,https://javalab.org/ko/category/atoms/radioactivity/
6,"화학기체, 액체, 고체열분자 운동용액화학 반응화학 결합전기 화학",,https://javalab.org/ko/category/chemistry/
6,"기체, 액체, 고체",,https://javalab.org/ko/category/chemistry/gas/
6,열,,https://javalab.org/ko/category/chemistry/heat/
6,분자 운동,,https://javalab.org/ko/category/chemistry/molecules_in_motion/
6,용액,,https://javalab.org/ko/category/chemistry/solution/
6,화학 반응,,https://javalab.org/ko/category/chemistry/chemical_reaction/
6,화학 결합,,https://javalab.org/ko/category/chemistry/chemical_bonds/
6,전기 화학,,https://javalab.org/ko/category/chemistry/electrochemistry/
6,지구대기지질,,https://javalab.org/ko/category/earth/
6,대기,,https://javalab.org/ko/category/earth/atmosphere/
6,지질,,https://javalab.org/ko/category/earth/geology/
6,천문천체 관측지구달태양태양계별과 은하,,https://javalab.org/ko/category/astronomy/
6,천체 관측,,https://javalab.org/ko/category/astronomy/celestial_observation/
6,지구,,https://javalab.org/ko/category/astronomy/planet_earth/
6,달,,https://javalab.org/ko/category/astronomy/moon/
6,태양,,https://javalab.org/ko/category/astronomy/sun/
6,태양계,,https://javalab.org/ko/category/astronomy/solar_system/
6,별과 은하,,https://javalab.org/ko/category/astronomy/star/
6,생명,,https://javalab.org/ko/category/biology/
6,수학수학수학 그래픽스프랙털혼돈 이론,,https://javalab.org/ko/category/math/
6,수학,,https://javalab.org/ko/category/math/mathematics/
6,수학 그래픽스,,https://javalab.org/ko/category/math/math_graphics/
6,프랙털,,https://javalab.org/ko/category/math/fractal/
6,혼돈 이론,,https://javalab.org/ko/category/math/chaos/
6,테크인공지능마이크로비트3D 프린팅블록 코딩퍼즐아두이노 무작정 따라하기브레드보드 기초 전자회로브레드보드 메이커 교실,,https://javalab.org/ko/category/tech/
6,인공지능,,https://javalab.org/ko/category/tech/ai/
6,마이크로비트,,https://javalab.org/ko/category/tech/microbit/
6,3D 프린팅,,https://javalab.org/ko/category/tech/3d_printing/
6,블록 코딩,,https://javalab.org/ko/category/tech/block_coding/
6,퍼즐,,https://javalab.org/ko/category/tech/puzzle/
6,아두이노 무작정 따라하기,,https://javalab.org/ko/category/tech/arduino/
6,브레드보드 기초 전자회로,,https://javalab.org/ko/category/tech/breadboard_1/
6,브레드보드 메이커 교실,,https://javalab.org/ko/category/tech/breadboard_maker/
6,기타증강현실 (웹캠이용)3D (VR 이용)출판물강의 자료인용사례,,https://javalab.org/ko/category/ar/
6,증강현실 (웹캠이용),,https://javalab.org/ko/category/ar/
6,3D (VR 이용),,https://javalab.org/ko/category/3d_vr/
6,출판물,,https://javalab.org/ko/category/books/
6,강의 자료,,https://javalab.org/ko/category/resources/
6,● 한국어,,https://javalab.org/ko/
6,"스텝-다운, 스텝-업 레귤레이터 회로의 기본 원리 (DC-DC 컨버터, 직류 변압기)",,https://javalab.org/ko/step_response/
6,"스텝-다운, 스텝-업 레귤레이터 회로의 기본 원리 (DC-DC 컨버터, 직류 변압기)",,https://javalab.org/ko/step_response/
6,● 한국어,,https://javalab.org/ko/
rgb_art,마켓,,https://javalab.org/ko/category/market/
rgb_art,측정측정 일반데이터 과학 (CSV 파일)Javalab MBL상대성 이론,,https://javalab.org/ko/category/measure/
rgb_art,측정 일반,,https://javalab.org/ko/category/measure/measurement/
rgb_art,데이터 과학 (CSV 파일),,https://javalab.org/ko/category/measure/data_science/
rgb_art,Javalab MBL,,https://javalab.org/ko/category/measure/mbl/
rgb_art,상대성 이론,,https://javalab.org/ko/category/measure/relativity-ko/
rgb_art,전기와 자기정전기옴의 법칙전기 회로교류와 RLC회로반도체자기전자기전자기파,,https://javalab.org/ko/category/electricity/
rgb_art,정전기,,https://javalab.org/ko/category/electricity/static_electricity/
rgb_art,옴의 법칙,,https://javalab.org/ko/category/electricity/ohms_law/
rgb_art,전기 회로,,https://javalab.org/ko/category/electricity/electric_circuit/
rgb_art,교류와 RLC회로,,https://javalab.org/ko/category/electricity/ac_rlc/
rgb_art,반도체,,https://javalab.org/ko/category/electricity/semiconductor/
rgb_art,자기,,https://javalab.org/ko/category/electricity/magnetism/
rgb_art,전자기,,https://javalab.org/ko/category/electricity/electromagnetism/
rgb_art,전자기파,,https://javalab.org/ko/category/electricity/electromagntic_wave/
rgb_art,힘과 운동힘관성여러가지 운동충돌진동,,https://javalab.org/ko/category/mechanics/
rgb_art,힘,,https://javalab.org/ko/category/mechanics/force/
rgb_art,관성,,https://javalab.org/ko/category/mechanics/inertia/
rgb_art,여러가지 운동,,https://javalab.org/ko/category/mechanics/movements/
rgb_art,충돌,,https://javalab.org/ko/category/mechanics/collision/
rgb_art,진동,,https://javalab.org/ko/category/mechanics/oscillation/
rgb_art,일과 에너지일의 원리에너지의 변환,,https://javalab.org/ko/category/energy/
rgb_art,일의 원리,,https://javalab.org/ko/category/energy/principle_of_work/
rgb_art,에너지의 변환,,https://javalab.org/ko/category/energy/energy_conversion/
rgb_art,빛과 파동반사굴절색파동파동의 간섭정상파,,https://javalab.org/ko/category/light_wave/
rgb_art,반사,,https://javalab.org/ko/category/light_wave/reflection/
rgb_art,굴절,,https://javalab.org/ko/category/light_wave/refraction/
rgb_art,색,,https://javalab.org/ko/category/light_wave/color/
rgb_art,파동,,https://javalab.org/ko/category/light_wave/wave/
rgb_art,파동의 간섭,,https://javalab.org/ko/category/light_wave/interference/
rgb_art,정상파,,https://javalab.org/ko/category/light_wave/standing_wave/
rgb_art,원자원자 모형원자와 빛방사능,,https://javalab.org/ko/category/atoms/
rgb_art,원자 모형,,https://javalab.org/ko/category/atoms/atomic_model/
rgb_art,원자와 빛,,https://javalab.org/ko/category/atoms/atom_light/
rgb_art,방사능,,https://javalab.org/ko/category/atoms/radioactivity/
rgb_art,"화학기체, 액체, 고체열분자 운동용액화학 반응화학 결합전기 화학",,https://javalab.org/ko/category/chemistry/
rgb_art,"기체, 액체, 고체",,https://javalab.org/ko/category/chemistry/gas/
rgb_art,열,,https://javalab.org/ko/category/chemistry/heat/
rgb_art,분자 운동,,https://javalab.org/ko/category/chemistry/molecules_in_motion/
rgb_art,용액,,https://javalab.org/ko/category/chemistry/solution/
rgb_art,화학 반응,,https://javalab.org/ko/category/chemistry/chemical_reaction/
rgb_art,화학 결합,,https://javalab.org/ko/category/chemistry/chemical_bonds/
rgb_art,전기 화학,,https://javalab.org/ko/category/chemistry/electrochemistry/
rgb_art,지구대기지질,,https://javalab.org/ko/category/earth/
rgb_art,대기,,https://javalab.org/ko/category/earth/atmosphere/
rgb_art,지질,,https://javalab.org/ko/category/earth/geology/
rgb_art,천문천체 관측지구달태양태양계별과 은하,,https://javalab.org/ko/category/astronomy/
rgb_art,천체 관측,,https://javalab.org/ko/category/astronomy/celestial_observation/
rgb_art,지구,,https://javalab.org/ko/category/astronomy/planet_earth/
rgb_art,달,,https://javalab.org/ko/category/astronomy/moon/
rgb_art,태양,,https://javalab.org/ko/category/astronomy/sun/
rgb_art,태양계,,https://javalab.org/ko/category/astronomy/solar_system/
rgb_art,별과 은하,,https://javalab.org/ko/category/astronomy/star/
rgb_art,생명,,https://javalab.org/ko/category/biology/
rgb_art,수학수학수학 그래픽스프랙털혼돈 이론,,https://javalab.org/ko/category/math/
rgb_art,수학,,https://javalab.org/ko/category/math/mathematics/
rgb_art,수학 그래픽스,,https://javalab.org/ko/category/math/math_graphics/
rgb_art,프랙털,,https://javalab.org/ko/category/math/fractal/
rgb_art,혼돈 이론,,https://javalab.org/ko/category/math/chaos/
rgb_art,테크인공지능마이크로비트3D 프린팅블록 코딩퍼즐아두이노 무작정 따라하기브레드보드 기초 전자회로브레드보드 메이커 교실,,https://javalab.org/ko/category/tech/
rgb_art,인공지능,,https://javalab.org/ko/category/tech/ai/
rgb_art,마이크로비트,,https://javalab.org/ko/category/tech/microbit/
rgb_art,3D 프린팅,,https://javalab.org/ko/category/tech/3d_printing/
rgb_art,블록 코딩,,https://javalab.org/ko/category/tech/block_coding/
rgb_art,퍼즐,,https://javalab.org/ko/category/tech/puzzle/
rgb_art,아두이노 무작정 따라하기,,https://javalab.org/ko/category/tech/arduino/
rgb_art,브레드보드 기초 전자회로,,https://javalab.org/ko/category/tech/breadboard_1/
rgb_art,브레드보드 메이커 교실,,https://javalab.org/ko/category/tech/breadboard_maker/
rgb_art,기타증강현실 (웹캠이용)3D (VR 이용)출판물강의 자료인용사례,,https://javalab.org/ko/category/ar/
rgb_art,증강현실 (웹캠이용),,https://javalab.org/ko/category/ar/
rgb_art,3D (VR 이용),,https://javalab.org/ko/category/3d_vr/
rgb_art,출판물,,https://javalab.org/ko/category/books/
rgb_art,강의 자료,,https://javalab.org/ko/category/resources/
rgb_art,● 한국어,,https://javalab.org/ko/rgb_art/
rgb_art,● 한국어,,https://javalab.org/ko/rgb_art/
wheel_generator,마켓,,https://javalab.org/ko/category/market/
wheel_generator,측정측정 일반데이터 과학 (CSV 파일)Javalab MBL상대성 이론,,https://javalab.org/ko/category/measure/
wheel_generator,측정 일반,,https://javalab.org/ko/category/measure/measurement/
wheel_generator,데이터 과학 (CSV 파일),,https://javalab.org/ko/category/measure/data_science/
wheel_generator,Javalab MBL,,https://javalab.org/ko/category/measure/mbl/
wheel_generator,상대성 이론,,https://javalab.org/ko/category/measure/relativity-ko/
wheel_generator,전기와 자기정전기옴의 법칙전기 회로교류와 RLC회로반도체자기전자기전자기파,,https://javalab.org/ko/category/electricity/
wheel_generator,정전기,,https://javalab.org/ko/category/electricity/static_electricity/
wheel_generator,옴의 법칙,,https://javalab.org/ko/category/electricity/ohms_law/
wheel_generator,전기 회로,,https://javalab.org/ko/category/electricity/electric_circuit/
wheel_generator,교류와 RLC회로,,https://javalab.org/ko/category/electricity/ac_rlc/
wheel_generator,반도체,,https://javalab.org/ko/category/electricity/semiconductor/
wheel_generator,자기,,https://javalab.org/ko/category/electricity/magnetism/
wheel_generator,전자기,,https://javalab.org/ko/category/electricity/electromagnetism/
wheel_generator,전자기파,,https://javalab.org/ko/category/electricity/electromagntic_wave/
wheel_generator,힘과 운동힘관성여러가지 운동충돌진동,,https://javalab.org/ko/category/mechanics/
wheel_generator,힘,,https://javalab.org/ko/category/mechanics/force/
wheel_generator,관성,,https://javalab.org/ko/category/mechanics/inertia/
wheel_generator,여러가지 운동,,https://javalab.org/ko/category/mechanics/movements/
wheel_generator,충돌,,https://javalab.org/ko/category/mechanics/collision/
wheel_generator,진동,,https://javalab.org/ko/category/mechanics/oscillation/
wheel_generator,일과 에너지일의 원리에너지의 변환,,https://javalab.org/ko/category/energy/
wheel_generator,일의 원리,,https://javalab.org/ko/category/energy/principle_of_work/
wheel_generator,에너지의 변환,,https://javalab.org/ko/category/energy/energy_conversion/
wheel_generator,빛과 파동반사굴절색파동파동의 간섭정상파,,https://javalab.org/ko/category/light_wave/
wheel_generator,반사,,https://javalab.org/ko/category/light_wave/reflection/
wheel_generator,굴절,,https://javalab.org/ko/category/light_wave/refraction/
wheel_generator,색,,https://javalab.org/ko/category/light_wave/color/
wheel_generator,파동,,https://javalab.org/ko/category/light_wave/wave/
wheel_generator,파동의 간섭,,https://javalab.org/ko/category/light_wave/interference/
wheel_generator,정상파,,https://javalab.org/ko/category/light_wave/standing_wave/
wheel_generator,원자원자 모형원자와 빛방사능,,https://javalab.org/ko/category/atoms/
wheel_generator,원자 모형,,https://javalab.org/ko/category/atoms/atomic_model/
wheel_generator,원자와 빛,,https://javalab.org/ko/category/atoms/atom_light/
wheel_generator,방사능,,https://javalab.org/ko/category/atoms/radioactivity/
wheel_generator,"화학기체, 액체, 고체열분자 운동용액화학 반응화학 결합전기 화학",,https://javalab.org/ko/category/chemistry/
wheel_generator,"기체, 액체, 고체",,https://javalab.org/ko/category/chemistry/gas/
wheel_generator,열,,https://javalab.org/ko/category/chemistry/heat/
wheel_generator,분자 운동,,https://javalab.org/ko/category/chemistry/molecules_in_motion/
wheel_generator,용액,,https://javalab.org/ko/category/chemistry/solution/
wheel_generator,화학 반응,,https://javalab.org/ko/category/chemistry/chemical_reaction/
wheel_generator,화학 결합,,https://javalab.org/ko/category/chemistry/chemical_bonds/
wheel_generator,전기 화학,,https://javalab.org/ko/category/chemistry/electrochemistry/
wheel_generator,지구대기지질,,https://javalab.org/ko/category/earth/
wheel_generator,대기,,https://javalab.org/ko/category/earth/atmosphere/
wheel_generator,지질,,https://javalab.org/ko/category/earth/geology/
wheel_generator,천문천체 관측지구달태양태양계별과 은하,,https://javalab.org/ko/category/astronomy/
wheel_generator,천체 관측,,https://javalab.org/ko/category/astronomy/celestial_observation/
wheel_generator,지구,,https://javalab.org/ko/category/astronomy/planet_earth/
wheel_generator,달,,https://javalab.org/ko/category/astronomy/moon/
wheel_generator,태양,,https://javalab.org/ko/category/astronomy/sun/
wheel_generator,태양계,,https://javalab.org/ko/category/astronomy/solar_system/
wheel_generator,별과 은하,,https://javalab.org/ko/category/astronomy/star/
wheel_generator,생명,,https://javalab.org/ko/category/biology/
wheel_generator,수학수학수학 그래픽스프랙털혼돈 이론,,https://javalab.org/ko/category/math/
wheel_generator,수학,,https://javalab.org/ko/category/math/mathematics/
wheel_generator,수학 그래픽스,,https://javalab.org/ko/category/math/math_graphics/
wheel_generator,프랙털,,https://javalab.org/ko/category/math/fractal/
wheel_generator,혼돈 이론,,https://javalab.org/ko/category/math/chaos/
wheel_generator,테크인공지능마이크로비트3D 프린팅블록 코딩퍼즐아두이노 무작정 따라하기브레드보드 기초 전자회로브레드보드 메이커 교실,,https://javalab.org/ko/category/tech/
wheel_generator,인공지능,,https://javalab.org/ko/category/tech/ai/
wheel_generator,마이크로비트,,https://javalab.org/ko/category/tech/microbit/
wheel_generator,3D 프린팅,,https://javalab.org/ko/category/tech/3d_printing/
wheel_generator,블록 코딩,,https://javalab.org/ko/category/tech/block_coding/
wheel_generator,퍼즐,,https://javalab.org/ko/category/tech/puzzle/
wheel_generator,아두이노 무작정 따라하기,,https://javalab.org/ko/category/tech/arduino/
wheel_generator,브레드보드 기초 전자회로,,https://javalab.org/ko/category/tech/breadboard_1/
wheel_generator,브레드보드 메이커 교실,,https://javalab.org/ko/category/tech/breadboard_maker/
wheel_generator,기타증강현실 (웹캠이용)3D (VR 이용)출판물강의 자료인용사례,,https://javalab.org/ko/category/ar/
wheel_generator,증강현실 (웹캠이용),,https://javalab.org/ko/category/ar/
wheel_generator,3D (VR 이용),,https://javalab.org/ko/category/3d_vr/
wheel_generator,출판물,,https://javalab.org/ko/category/books/
wheel_generator,강의 자료,,https://javalab.org/ko/category/resources/
wheel_generator,● 한국어,,https://javalab.org/ko/wheel_generator/
wheel_generator,● 한국어,,https://javalab.org/ko/wheel_generator/
